time (s),contrast
,
0.02,0.005673801545377999
0.02,0.004855477335254377
0.04,0.004442995873784383
0.06,0.004465021548089365
0.06,0.005083921017552395
0.08,0.0033339511134640176
0.1,0.006294721140241766
0.16,0.00418918025834325
0.18,0.004861916617766804
0.2,0.004953345224418371
0.24,0.006069353487463625
0.24,0.004540871317505579
0.24,0.004702318669423167
0.28,0.004170377930227787
0.3,0.0040638166217812355
0.3,0.005002297526597976
0.32,0.004333937586808778
0.34,0.007959353054277196
0.36,0.0037297995668268413
0.36,0.004795379377515396
0.38,0.004139405987167222
0.48,0.004731183642667558
0.48,0.012431928229969191
0.48,0.004867906870308358
0.5,0.004282352877090223
0.5,0.0042483381193352265
0.5,0.005298935114949166
0.5,0.004003584471852006
0.54,0.004844626735879154
0.58,0.005238406458746847
0.58,0.003973836528831209
0.6,0.0036817687477760375
0.62,0.010289456114715212
0.64,0.005175388502751566
0.64,0.0047851188049296
0.66,0.003969368779769833
0.66,0.0044493327509351754
0.68,0.0042379819073612435
0.7,0.004145718190130432
0.7,0.004498529350277836
0.76,0.01156345498489042
0.76,0.003428563168471177
0.8,0.003974933666866853
0.82,0.004330592234883968
0.84,0.005048207965815954
0.86,0.0037853844021173977
0.9,0.003749726671636422
0.94,0.0049034948310382465
0.96,0.003996164547349634
0.98,0.0033950894073784266
1.0,0.0033640428111727516
1.04,0.005319386409304405
1.04,0.003483736957346384
1.04,0.0038007603392208322
1.1,0.004190662504607978
1.12,0.0037930220620218114
1.14,0.004570759048226569
1.16,0.004357908982628778
1.2,0.004414873194039992
1.24,0.004994685380555253
1.28,0.0043473999128536
1.28,0.00351953120873838
1.28,0.0038837778205962348
1.3,0.004636297322712424
1.34,0.004861228019551578
1.34,0.003928765099967757
1.36,0.0035752512137513515
1.38,0.003843774966365232
1.38,0.003993745218742961
1.38,0.0036813946059266467
1.44,0.004065793705898435
1.46,0.003247929212456424
1.52,0.007050341524717951
1.52,0.0040084617855840055
1.54,0.005955166393228795
1.54,0.0036181547185279994
1.62,0.0026270783351556304
1.64,0.006771489149213439
1.64,0.004093963854752358
1.66,0.005669204839235165
1.66,0.0036184919143540384
1.66,0.004664001976266818
1.68,0.004801682485247594
1.7,0.00450931574807778
1.7,0.003691092077033553
1.7,0.005232306126646602
1.72,0.004693729320139228
1.74,0.004084216881063973
1.74,0.004080695689559821
1.74,0.003097813808284
1.78,0.004039032842471979
1.8,0.005043401282498805
1.8,0.007566613573316006
1.82,0.004446302873795549
1.82,0.004221544780687814
1.84,0.0038582050030764314
1.84,0.00528400568449805
1.86,0.014113586049832372
1.88,0.004115908429008774
1.88,0.00469901204727563
1.92,0.003677865162027949
1.96,0.004395827217970383
1.98,0.004942010245239992
1.98,0.0047544832447795615
2.02,0.003793822207069808
2.02,0.004237751857965599
2.02,0.004283735826160817
2.04,0.0033153161199157566
2.04,0.004320006813475219
2.04,0.005259861671102373
2.06,0.0036711727455908116
2.08,0.004351203875332832
2.1,0.003953782606201051
2.1,0.00346399814673759
2.1,0.00456081993477675
2.16,0.004256325590492049
2.2,0.005195838257761598
2.2,0.004177052385449187
2.22,0.0038129869029404073
2.22,0.003949363216415813
2.22,0.004432729269923219
2.22,0.004407672087034964
2.28,0.004905282249212051
2.34,0.005028615666894054
2.38,0.006095624208813155
2.38,0.004087159926480455
2.4,0.003693850703572421
2.4,0.005475678815930807
2.42,0.003401119520465623
2.44,0.007721998186321799
2.46,0.004835141335231552
2.46,0.0037741352967594066
2.48,0.005108753561304025
2.5,0.007426842924112553
2.5,0.003937417844994573
2.5,0.004084016116839617
2.5,0.00449688629708378
2.52,0.004688298476491992
2.52,0.004387003798316802
2.52,0.005285188192803991
2.54,0.004131768307898853
2.56,0.0043506273137340346
2.58,0.002988321322182852
2.58,0.003910357312950641
2.6,0.003312835511019241
2.62,0.003254890851750014
2.62,0.005204600963873207
2.66,0.008796613033471568
2.66,0.004230680297456768
2.66,0.004698054544601593
2.68,0.004771381844645761
2.7,0.004630159066781991
2.7,0.003473910239687017
2.72,0.003445340568628774
2.74,0.005497980202222363
2.78,0.0078005833157434035
2.78,0.004665520238558596
2.8,0.00412792660475203
2.82,0.003972230086847217
2.86,0.003643746235511447
2.86,0.0043993849292232046
2.9,0.0042251711931750036
2.92,0.004788868153621562
2.92,0.003302447502866568
2.98,0.003439293464715054
2.98,0.004786006066909376
3.04,0.007247506809936799
3.08,0.004157518142618
3.08,0.004273186390259642
3.1,0.004540091176800765
3.16,0.00691539356489701
3.2,0.004238527529356384
3.22,0.003332510816690837
3.22,0.0043833252307692305
3.24,0.004197597202722614
3.26,0.004491755384343987
3.3,0.00410990802074318
3.3,0.004291594944914823
3.3,0.0044134769830596055
3.32,0.003150260673126626
3.34,0.005507505302602023
3.34,0.004578959489528578
3.38,0.00413502215291861
3.38,0.003505129333792767
3.46,0.004845049724681028
3.54,0.004285232349785617
3.56,0.004551349326656018
3.56,0.004725192922468424
3.58,0.004412528821983619
3.58,0.004648954183532394
3.58,0.004276528940314828
3.62,0.005023242833796848
3.62,0.00336762156225201
3.64,0.003371422241334021
3.64,0.004508879070275973
3.66,0.004145238252103556
3.68,0.0045164021700395685
3.68,0.006874781722265411
3.7,0.0038740854608998454
3.7,0.0038848539177366304
3.7,0.003976280287207978
3.72,0.007837017622135622
3.74,0.004344187404299205
3.74,0.0037144029308899817
3.74,0.00298651762682145
3.76,0.005221939175886425
3.76,0.0036534813221041906
3.76,0.006324372931115763
3.76,0.003854020682520054
3.76,0.004940510604098947
3.8,0.004152584346511223
3.82,0.013007708917849414
3.82,0.003321606089535023
3.82,0.004850413440714352
3.86,0.004042875263570389
3.86,0.0036611164146910236
3.88,0.0048599598589571524
3.88,0.004528541443458822
3.88,0.004024898439826785
3.94,0.00450068659236158
4.0,0.004330311440243206
4.0,0.0039208174949235675
4.0,0.004335555756384002
4.02,0.005325562485250845
4.02,0.00418886404831198
4.02,0.0034327920515153654
4.06,0.003680923341295994
4.06,0.008987613545350381
4.08,0.0033416685710327965
4.12,0.004568909141415167
4.12,0.0038426254024845896
4.14,0.0039075889677595566
4.16,0.004213609240866778
4.2,0.004856483366571629
4.24,0.0038281078044474226
4.26,0.005549469814135954
4.26,0.003069918630626778
4.26,0.0035110281788978126
4.28,0.003987155237069051
4.28,0.0043143492925181715
4.3,0.003551074223659967
4.32,0.0037789753229430234
4.32,0.003782919857598377
4.32,0.0037247423273100155
4.34,0.005280312385889441
4.36,0.002919455722150799
4.38,0.004304615732653838
4.4,0.003843978517687252
4.42,0.007320986672055607
4.46,0.003396780575210423
4.46,0.0038599119636871793
4.48,0.00461319814259642
4.5,0.005049460762450386
4.5,0.0039607837745826435
4.54,0.004331289212060163
4.56,0.004657197157416748
4.56,0.0035522763055427786
4.58,0.004346794450877822
4.6,0.005767246554259642
4.6,0.0042999397550628204
4.64,0.003750198476026201
4.68,0.004416310961206205
4.68,0.00350715293881676
4.7,0.0041052138841427555
4.72,0.0035847023172543846
4.74,0.004584377063034828
4.76,0.0038780973258487617
4.78,0.005272494178715004
4.78,0.003906404904198024
4.78,0.005208231052231227
4.8,0.004240085885072631
4.8,0.0046045961880432085
4.82,0.0048398735163356355
4.86,0.004847030163035226
4.86,0.007309393662857211
4.86,0.004279754841310823
4.86,0.004761078142675013
4.86,0.004079784324430791
4.88,0.004089867207421549
4.94,0.0045783309689018115
4.94,0.004016211841364803
4.96,0.004896385197220021
4.98,0.005366972806336023
4.98,0.0035468593014071903
4.98,0.003945424492993177
5.0,0.004418465293356766
5.02,0.0036757081182051676
5.04,0.00459172743055003
5.04,0.005233200195708387
5.04,0.004338761600087948
5.06,0.00422657188718456
5.08,0.004046556710302407
5.08,0.0031284856475199962
5.1,0.004004551358505193
5.1,0.004020822737518359
5.14,0.0039747250321567895
5.14,0.003371523430647838
5.16,0.0029863529628744168
5.18,0.004075153150829958
5.2,0.007486383177726985
5.2,0.0034310551214580265
5.2,0.0033098158744427897
5.2,0.004394755707554765
5.22,0.004253764958459638
5.22,0.004358399139799185
5.24,0.0051415423364203905
5.24,0.003973061972621594
5.26,0.007336919613961768
5.26,0.0037775895787499625
5.26,0.0048577401785355745
5.28,0.0026715624016171446
5.28,0.005069336957941983
5.3,0.004176092463524017
5.32,0.005442409508890411
5.32,0.004454376786340641
5.32,0.0039766853257632295
5.32,0.003902569564016578
5.34,0.00461825264688176
5.34,0.0037022390934111638
5.36,0.004333232301659828
5.4,0.0037822735548993514
5.42,0.004901179520539811
5.44,0.004135824082136641
5.48,0.0042395991209970285
5.48,0.005160013995609614
5.48,0.004162649175938449
5.5,0.004079397671775564
5.52,0.005273960082465168
5.58,0.003987419494102751
5.64,0.004571881085402407
5.66,0.004671079020100777
5.68,0.004877669112606786
5.68,0.0038254793186017766
5.68,0.003962253180922581
5.68,0.0047206942436431865
5.74,0.004564306933665385
5.78,0.003309580841360793
5.78,0.003439361972297994
5.82,0.003233823942703995
5.84,0.003555592626667603
5.84,0.004633415537737551
5.84,0.004315577925330438
5.86,0.003194995319359406
5.88,0.004502148837460362
5.88,0.004151039386849242
5.9,0.003732966790856773
5.9,0.004071437410472445
5.92,0.0052549838195034
5.92,0.003801560604085208
5.94,0.004615974813366397
5.94,0.0042855117998713554
5.94,0.004472697369258594
5.96,0.004625640374386952
5.98,0.0043232668435579935
6.02,0.0038666598187876433
6.04,0.004190899300795969
6.06,0.004879367945997193
6.08,0.005179631746180413
6.08,0.004007298984023633
6.08,0.0041536772961592305
6.1,0.003968170171235186
6.1,0.0057631261741200035
6.12,0.004120682032933587
6.12,0.0038095056511947556
6.12,0.004361119574389227
6.18,0.005118402072107231
6.18,0.0031653093855892322
6.2,0.006515242074909167
6.2,0.003695479770953969
6.22,0.004794373798740814
6.22,0.005570947113945235
6.22,0.003946527960602797
6.24,0.008054810320351158
6.26,0.004272095113721619
6.28,0.004085143930358748
6.32,0.005461325017455443
6.36,0.003428327013718979
6.4,0.004652000865299599
6.42,0.004186561937906008
6.42,0.00531213928785057
6.46,0.004210511510169601
6.48,0.004501463913221038
6.5,0.004384276980915147
6.5,0.005114090338404154
6.5,0.0038417307345087748
6.5,0.004081265848046023
6.52,0.004224551721627612
6.52,0.004170053112372951
6.52,0.004630514426084975
6.54,0.004503933229481394
6.56,0.002876469922503233
6.6,0.003946316272423589
6.66,0.005177915356450402
6.66,0.0045512132264535765
6.68,0.005062352421218441
6.68,0.0038579799556499594
6.68,0.006848738666620835
6.68,0.00408180918625678
6.72,0.004495229827021774
6.72,0.004393404766131148
6.74,0.003677354262335175
6.74,0.0036753304684068455
6.76,0.0035761789220147833
6.76,0.00386997472927475
6.78,0.003973971031827395
6.78,0.004149872373346963
6.78,0.0045716620859289625
6.84,0.007243054537603988
6.86,0.006716827927842783
6.86,0.004761814983290424
6.88,0.007192162013867187
6.88,0.003958525835735416
6.88,0.003968192148378846
6.9,0.003949388008485211
6.92,0.0037568333039001978
6.92,0.004499352996565231
6.92,0.004725644891632408
6.96,0.006892586343439366
6.98,0.00432312579436156
6.98,0.004972132098898019
7.0,0.002998506757563635
7.04,0.0041183604137283725
7.06,0.00438055315483965
7.12,0.004325262728427037
7.2,0.004052694615784946
7.24,0.004795434124594822
7.24,0.004366078249893768
7.28,0.005028370805647997
7.3,0.004093403980577781
7.3,0.003801750719522823
7.34,0.004061793313063
7.36,0.003655203342733393
7.38,0.005057892886468407
7.38,0.0036509179393879876
7.38,0.004293788145479205
7.5,0.0028232547647484285
7.54,0.0038409621729490473
7.54,0.003986168860582784
7.56,0.004570158882507558
7.58,0.0038964701459299755
7.58,0.008679400125028436
7.58,0.004089285034242551
7.64,0.004948214850951205
7.64,0.004330561588600346
7.64,0.0031518044711700277
7.68,0.004505038850339593
7.7,0.003941954020973415
7.7,0.0041966832262300136
7.8,0.004314388193144003
7.86,0.005472232454754811
7.9,0.003774844168874414
7.9,0.003937164381646818
7.92,0.0032393289077545795
7.92,0.004260324892762957
7.92,0.0039018178123827463
7.94,0.00668950591131523
7.94,0.003133605178222809
8.0,0.003518168190918769
8.0,0.003926920616704854
8.02,0.004713476900458202
8.04,0.0042996168252820155
8.04,0.00373553851116204
8.06,0.004992014871603612
8.06,0.0038652221140842435
8.08,0.0032090233609688434
8.12,0.0039050490858654197
8.14,0.004345872848684373
8.14,0.006807010642635225
8.14,0.00454175291526282
8.2,0.003587560157732761
8.2,0.0030075864735266133
8.2,0.0035370092303750322
8.22,0.0041987188960047606
8.24,0.003561963025072612
8.28,0.002981046839575563
8.3,0.00411857443370478
8.3,0.0033473155590769688
8.32,0.004554298395344825
8.32,0.004383196524100352
8.32,0.002859626680945637
8.34,0.006707742889130008
8.36,0.005245700516243179
8.4,0.00442701575680482
8.4,0.0050813911413227775
8.42,0.004881100215380241
8.46,0.003988681432973595
8.46,0.004031212487295988
8.46,0.003456524342592804
8.48,0.003911344509010983
8.48,0.004502550014920392
8.48,0.004577618832084851
8.5,0.004964900831614383
8.5,0.004863643286398434
8.52,0.0065979476118745994
8.52,0.004633503150537233
8.6,0.004454193880463975
8.6,0.0035501437785924184
8.6,0.004327366752129191
8.62,0.0047640062574175746
8.64,0.002707178828658785
8.64,0.007873601240511618
8.7,0.003562231241692748
8.72,0.004298125386516194
8.72,0.004703785137440408
8.72,0.004766292519989168
8.74,0.0037348080407032525
8.74,0.0037408557337778037
8.8,0.008384158709179634
8.8,0.004337683517307234
8.8,0.004124513832581611
8.84,0.0039712531042127575
8.84,0.003153289928977232
8.86,0.004216934096532787
8.86,0.008024935806835054
8.86,0.004757773639001983
8.94,0.0051981501284682485
8.94,0.0037955465791960075
8.96,0.00408700502035797
8.96,0.004127879100884413
8.98,0.0036583190028608437
9.0,0.0037356520783942138
9.0,0.004171204218524016
9.06,0.0045121482661399925
9.08,0.004007646346654181
9.08,0.003753709736671218
9.12,0.005318445938501837
9.12,0.003985854386047594
9.12,0.004160229701296814
9.16,0.0036157941081239597
9.18,0.004185404243632451
9.2,0.005161683552657559
9.22,0.0041358895821371755
9.24,0.003792871176271584
9.24,0.003974798097425625
9.26,0.0052554501561715705
9.26,0.0049421345021763985
9.26,0.00458370698180921
9.26,0.0035375312724316155
9.28,0.0043848790740868004
9.3,0.007116669706996981
9.32,0.0037167641231707904
9.32,0.004176386380558839
9.32,0.0031841119417603814
9.32,0.004353208727303826
9.32,0.004898555937382421
9.34,0.006074020144949177
9.38,0.0043165149241960465
9.42,0.004307579321153554
9.42,0.0029884100282023818
9.44,0.00391303919566921
9.48,0.003870444088253988
9.48,0.004305187458717552
9.5,0.004014031926011019
9.54,0.004174697144304629
9.56,0.004414521877961208
9.6,0.0038676843712945885
9.62,0.009304235667781602
9.62,0.004448019301466766
9.64,0.004055522176627968
9.7,0.008510386104675582
9.72,0.004134987027241244
9.72,0.004267760529609976
9.72,0.003935536230817549
9.82,0.004294963815335562
9.82,0.004590276253903625
9.86,0.00413919653322159
9.9,0.0041089132134738415
9.94,0.003776067798270444
9.96,0.004799299691429559
9.96,0.004282960279006431
9.98,0.004999098114262801
9.98,0.003929809897421643
10.0,0.0046451197082245654
10.04,0.0037500227819952103
10.06,0.003552450794228834
10.08,0.0041422537085844535
10.1,0.00410349986491898
10.1,0.0041414075337428136
10.12,0.003789941342072778
10.12,0.0036780148113395583
10.12,0.003976934957223621
10.16,0.0034226247654102204
10.18,0.004297395044182362
10.24,0.007921071441393757
10.24,0.004657264510098846
10.24,0.003682494082566823
10.24,0.003728248619196406
10.28,0.005042966005480154
10.34,0.0038820553423359883
10.36,0.006296876701951226
10.36,0.004152892579383227
10.36,0.003660745379649999
10.36,0.007465353681600839
10.4,0.004644943147629976
10.42,0.009592818893193189
10.44,0.00496221363639715
10.46,0.0074595421867298395
10.5,0.0028396303774723686
10.5,0.004452290413875848
10.52,0.003217550477505604
10.54,0.00494923989252638
10.58,0.0036086913904256335
10.58,0.004184879762975213
10.58,0.0038193757893035807
10.62,0.005192611689598392
10.62,0.0037142914375524194
10.66,0.005015448122814403
10.7,0.004586288349162415
10.72,0.00716473703121101
10.72,0.003751626128821628
10.74,0.004210410890542193
10.74,0.003391979604051243
10.78,0.0039009060974611875
10.78,0.003156745777633585
10.8,0.004517839766353227
10.8,0.003739709154631621
10.86,0.004233778942208222
10.86,0.0035491825520902465
10.88,0.005353895243181195
10.94,0.0038733278281379846
10.96,0.00768857646894161
10.96,0.003949829973338814
10.96,0.003867178521748782
10.96,0.004300688575394451
10.98,0.004531393810353168
10.98,0.0039671972801241795
11.0,0.004055259693593216
11.0,0.004067373497733562
11.02,0.003555743729900418
11.04,0.004001165740364021
11.04,0.004056809070785983
11.04,0.0040414837994543484
11.06,0.004053728601498774
11.06,0.0050380422252416235
11.12,0.0035834283037151637
11.18,0.004776560639284777
11.18,0.0037783290922903667
11.22,0.0038036346266495658
11.22,0.0032946360265794228
11.24,0.004703280666086385
11.28,0.004924333786602175
11.3,0.004208347836356374
11.3,0.0035994420833069807
11.3,0.004462944757671172
11.3,0.003695775696766379
11.32,0.004242281552234051
11.38,0.004237260799119569
11.38,0.0037402791007296043
11.38,0.004144076688619047
11.4,0.004733184633984422
11.4,0.0049827625360645555
11.4,0.004801492474041158
11.42,0.0038314402548900173
11.42,0.003949866613347619
11.44,0.004275129880818795
11.46,0.009261142623489649
11.46,0.004404249847500985
11.46,0.003034584911571603
11.48,0.004204006527434356
11.5,0.0036371708289372195
11.5,0.004696546783428013
11.54,0.003855521184227384
11.54,0.0039382739123872135
11.56,0.004202916053807182
11.56,0.004315226002650552
11.62,0.004042083416725628
11.62,0.004420122803256432
11.64,0.004571391019773996
11.64,0.004539049381944826
11.66,0.003558528050928045
11.72,0.003474902008239966
11.72,0.004287498470845197
11.74,0.003859061045872969
11.76,0.004582132861336241
11.76,0.0046195235500635645
11.78,0.004044296837368844
11.78,0.0033193171221967965
11.8,0.004417595095371762
11.84,0.0036703088146233798
11.94,0.0038153571298071842
11.96,0.0038603388007824035
11.96,0.004219946313385181
11.96,0.0033442491446443734
11.98,0.003891293694887832
11.98,0.004492893077679971
11.98,0.0038437862635467557
12.08,0.0038250757785519562
12.12,0.004562872728108847
12.14,0.003669535918672362
12.14,0.0033692952294855916
12.14,0.004836961852162425
12.14,0.005206897898319185
12.18,0.0041845665020704415
12.2,0.004612987993296791
12.22,0.002763423313720037
12.22,0.004626414169739634
12.24,0.004432897904349198
12.24,0.004048948713867628
12.26,0.0038958330503355842
12.26,0.0037933667253687853
12.26,0.0039955736760015625
12.28,0.0033277266727760324
12.3,0.003526240643276446
12.32,0.00402991839486555
12.32,0.004849963864099194
12.36,0.004038056566356807
12.38,0.003897897575761977
12.4,0.00472825808186339
12.4,0.003897775069213627
12.5,0.003281193516998404
12.58,0.0041498243542952284
12.58,0.0037337337977535467
12.62,0.0048942000604284
12.64,0.004941605866313981
12.64,0.0040670074788597965
12.66,0.003838954519758797
12.68,0.003653322545042359
12.68,0.004543024579353183
12.74,0.003539978262050769
12.74,0.0028763209747946217
12.74,0.004306002707460177
12.76,0.00555751914278757
12.78,0.0036012628078427866
12.8,0.0048574815191996246
12.82,0.003747426681959154
12.82,0.0029856124826496133
12.86,0.004326941925345995
12.9,0.004079440281451241
12.9,0.005546307916405646
12.92,0.008560370006293172
12.94,0.003694997180066384
12.94,0.004450976455839584
12.94,0.004329672615451585
12.98,0.004064013692570034
13.0,0.004902348042517546
13.02,0.007132976615779052
13.04,0.004265063617255982
13.04,0.00448299788273121
13.1,0.0035229980444387854
13.12,0.004313143285674781
13.14,0.004826990128618425
13.14,0.003372496950809767
13.18,0.005174416262735626
13.18,0.0036719275591547973
13.2,0.002883053189890794
13.2,0.003574496130742233
13.2,0.003709915071705372
13.2,0.003927348369070827
13.24,0.0031671965870936347
13.26,0.00385930291490022
13.28,0.004110223708952976
13.28,0.003398877010136747
13.32,0.005018076957987949
13.34,0.004321366325668041
13.36,0.004418449046498796
13.36,0.0037609259102784343
13.4,0.0041345026701727905
13.4,0.003257379830888363
13.42,0.004458604133785959
13.44,0.004310187979742364
13.44,0.004398228216229594
13.44,0.004978511473739955
13.46,0.004619732189595549
13.48,0.005279298156756207
13.5,0.004342456987179055
13.5,0.0026292169560634404
13.54,0.008074329577147599
13.58,0.003883001875288783
13.58,0.004839462797149974
13.62,0.003730301292429572
13.64,0.003845197933007638
13.66,0.004023420805822409
13.66,0.004395952330514041
13.68,0.004487646824862801
13.68,0.004462674166169411
13.68,0.004108569249261618
13.7,0.004309562386728416
13.72,0.004250574277484764
13.72,0.0036516406393604095
13.76,0.005479072149370046
13.76,0.0035610194843536114
13.76,0.003956306983502245
13.78,0.0037120972046907896
13.78,0.005256212113390002
13.8,0.003394120896582753
13.8,0.0035514753126599796
13.82,0.005274947943766373
13.84,0.015737974837863655
13.84,0.004136297238649389
13.84,0.005131568808292575
13.88,0.0042750995329732255
13.9,0.004103488684526813
13.92,0.0045258933319644035
13.96,0.004619177921037387
14.0,0.004657622522307614
14.02,0.009018673008012956
14.04,0.0034841807668140046
14.04,0.008392551045785401
14.04,0.0044093832160370106
14.06,0.007118273088000615
14.1,0.0038776166088252406
14.12,0.004179097762185946
14.14,0.003472952259192419
14.14,0.004990421250004595
14.16,0.0034121689377816233
14.2,0.0045274800317863795
14.22,0.0036904754871940337
14.22,0.003908031859020555
14.3,0.00380139427975279
14.32,0.00413461177933061
14.32,0.003350354340521
14.36,0.008780050155305252
14.36,0.0034010295886431896
14.38,0.0038754733576543687
14.42,0.004937995918826377
14.46,0.004094561347426362
14.46,0.0032200673188952367
14.48,0.0038015954202441637
14.48,0.004015587777979945
14.52,0.0041481416142932215
14.54,0.0036955014408408537
14.58,0.003542130269768795
14.6,0.0041101781757524325
14.6,0.0040538229028616035
14.6,0.004493783512212413
14.62,0.004970913861851223
14.64,0.0070087170602057824
14.7,0.004055850005196038
14.72,0.003962901053750412
14.72,0.004376176904359652
14.72,0.004073047500335991
14.74,0.004324406679743431
14.74,0.004402754491304561
14.74,0.004199465851570161
14.76,0.004013129749318001
14.86,0.004322147320138026
14.86,0.004378971040857382
14.86,0.004920032347681014
14.9,0.003643534065016052
14.9,0.004116883202463839
14.92,0.003845179627783968
14.92,0.0066370099495790535
14.94,0.004314929066256412
14.98,0.00439082183372097
15.0,0.004018506573750802
15.08,0.003343648111344022
15.1,0.0043836467478851615
15.1,0.008238091753225207
15.12,0.003655565644845371
15.16,0.0047412511857085615
15.18,0.0034890488656116325
15.18,0.0033641011063492154
15.22,0.004413785640171253
15.22,0.004699283112819974
15.24,0.004258223071229361
15.24,0.0036824468575475944
15.24,0.0028327250657007585
15.26,0.0034968387219947994
15.26,0.004273288589214386
15.26,0.00498834866658604
15.28,0.005213887027795572
15.3,0.004419179930574613
15.34,0.003655497034185551
15.36,0.0038493685047962245
15.38,0.004319969413729585
15.42,0.003323248134847967
15.42,0.003604989991326968
15.48,0.0035643325186793806
15.48,0.0035057214380780355
15.54,0.00312024506158437
15.54,0.003645501729046985
15.54,0.0036598624248439515
15.54,0.0040690563034392335
15.58,0.003898925061994407
15.6,0.003912884892772195
15.62,0.0036974261482536352
15.66,0.0044994336941478474
15.66,0.0036767253084457607
15.68,0.004333571602650577
15.68,0.003845187739775602
15.68,0.004152741391536208
15.7,0.005122685242500369
15.72,0.009142572181666031
15.72,0.003864215343706623
15.72,0.003436193774978946
15.74,0.0040344113345581745
15.76,0.004386974422960432
15.76,0.00310023430891182
15.76,0.004547278928687559
15.78,0.007070939536649168
15.82,0.003943153388746845
15.82,0.0039725640097405535
15.84,0.003729358178664377
15.84,0.003855597475416195
15.84,0.0033878461103583613
15.88,0.0035337682353118183
15.88,0.004563664196182371
15.88,0.004895508572457574
15.9,0.0040946312732079715
15.9,0.003938194422537178
15.92,0.004502036280976562
15.92,0.004795109511378626
15.98,0.004519790822364422
16.02,0.003961749468628817
16.04,0.0042244853020914075
16.08,0.0036313224679570544
16.1,0.003770119714854192
16.1,0.004140871450156403
16.2,0.0038854911078476384
16.22,0.0042976298714938466
16.24,0.005036652105706807
16.24,0.0040345760718260015
16.26,0.004041994853142383
16.28,0.004313415925383812
16.32,0.0029192195394446285
16.34,0.004804119926049011
16.34,0.003990312520151806
16.34,0.004718767147875447
16.36,0.003972721775337251
16.36,0.003955807890623997
16.4,0.005027122937276363
16.42,0.0037884379446080363
16.44,0.0037079829339927706
16.44,0.0030072613277275506
16.44,0.004505439719511006
16.44,0.0034928064317928387
16.46,0.0038208774840834403
16.54,0.0037079076634366492
16.6,0.005875290381888831
16.6,0.0037725195747460027
16.62,0.0038140005798787957
16.64,0.008741294890522
16.64,0.0030337063327128266
16.64,0.003654855124391565
16.66,0.00435801249334522
16.7,0.004145301512699651
16.7,0.0038073069211815858
16.72,0.007183400876538015
16.72,0.0034846966810692104
16.74,0.0041871982919835515
16.74,0.0045323266977855825
16.74,0.004062088414010012
16.76,0.004592202266499146
16.8,0.003644536788596775
16.82,0.005538527088811973
16.82,0.003067616859258826
16.82,0.0036906123904045796
16.84,0.004078518381805951
16.86,0.00436531477422919
16.92,0.004714299473574823
16.94,0.004310405746008827
16.96,0.0045506319648703775
16.96,0.0040268459463825845
16.96,0.0034528261194234355
16.98,0.004529196188765794
17.0,0.004598203562539038
17.0,0.004698710900968628
17.02,0.0041392232984244215
17.02,0.0037265783592244084
17.02,0.0048665722795293576
17.02,0.004636518951832813
17.08,0.00405138790003523
17.1,0.004502840826224985
17.12,0.004672359205418419
17.12,0.003837677892897795
17.12,0.004268723081264025
17.16,0.0033744343557355894
17.18,0.004030619081333953
17.2,0.0035277778365936374
17.2,0.004447075095275643
17.24,0.00463794214933444
17.24,0.004475239490542404
17.24,0.0032170312500136022
17.3,0.004967016514794809
17.3,0.008279068394735245
17.3,0.0043069494231403604
17.3,0.003607644334647442
17.3,0.003193490155084633
17.32,0.0034738448466555827
17.34,0.004172758795746412
17.38,0.0037681452233996326
17.46,0.005038100428839232
17.46,0.004625820923419566
17.48,0.0068425924272308425
17.54,0.004421789364773554
17.54,0.004835825138938765
17.58,0.0035420690488927598
17.62,0.004495893140823992
17.62,0.004676078959914398
17.68,0.004090482238403026
17.68,0.0032128657898872204
17.72,0.004116509439127447
17.72,0.0036555011546486327
17.76,0.0036437333577875597
17.76,0.004554284858324431
17.78,0.004052172049950786
17.8,0.0035869349820220053
17.8,0.004516486666078179
17.8,0.004606239946299162
17.84,0.005161662178479021
17.86,0.0042124402177964315
17.9,0.0040359304479760105
17.92,0.005430341413347195
17.98,0.0047707144159480075
17.98,0.0036542114612867493
18.0,0.004850576590320399
18.02,0.0041712407350306124
18.04,0.004493074204310443
18.06,0.004098627747702199
18.08,0.006377023711273355
18.1,0.004497117294837594
18.12,0.003748637263972787
18.12,0.003500268223758818
18.14,0.0039781802778992015
18.16,0.0042759220350869764
18.18,0.004788435971251448
18.22,0.006786015945340007
18.26,0.0045172027607426335
18.28,0.0032480349187303803
18.3,0.005090236877153154
18.32,0.004486482594176389
18.32,0.0031991201918172285
18.32,0.0035305489064332285
18.32,0.0038566479161056266
18.34,0.0047819882424213755
18.34,0.004040060548265223
18.36,0.004507115490783975
18.36,0.007434405640535213
18.38,0.0029762660389391904
18.38,0.0037775317194354008
18.38,0.004643686652091583
18.4,0.008663709741467573
18.4,0.004139800302536023
18.44,0.0037438219901525516
18.44,0.004941586035012824
18.44,0.004534214135522352
18.46,0.003908969723357636
18.46,0.003348099342666999
18.46,0.004734819530977985
18.5,0.004103049187923147
18.52,0.00459155503799924
18.52,0.005064839039850444
18.52,0.004814194125352
18.54,0.004072584889622033
18.54,0.004801644590555654
18.54,0.003807664460581006
18.56,0.006092863619611588
18.58,0.004181173112308811
18.6,0.003746281344043201
18.62,0.004588270842085573
18.62,0.010555472912811226
18.66,0.004005421575094759
18.68,0.0039892069906332095
18.7,0.0035864601348821745
18.72,0.004346224169985202
18.78,0.0037896107044992355
18.78,0.003207924665643236
18.78,0.004511408445846188
18.8,0.004247219746933206
18.8,0.004745229912486049
18.8,0.003547959644495946
18.82,0.004393241230030598
18.82,0.004426919839655152
18.86,0.0029679548448160453
18.88,0.004134982229763606
18.9,0.003745773552342846
18.94,0.003967850360931169
18.98,0.004655681472555573
19.02,0.0042405925110236
19.04,0.007184756283289628
19.04,0.0030127026087980457
19.04,0.004214760321079591
19.04,0.0035837202876828345
19.06,0.0038603651913952097
19.06,0.004151476098445239
19.1,0.004340376005577351
19.12,0.005014818578714442
19.14,0.004277715645660041
19.16,0.005083704986083237
19.16,0.004308776810711401
19.22,0.0035682741662399486
19.24,0.003375814960699608
19.26,0.003482944687434819
19.26,0.003621397989160391
19.28,0.0035010621112692153
19.28,0.004183223107264378
19.3,0.0049157313792346224
19.32,0.0035133067123543915
19.38,0.004192881213027189
19.4,0.004042264068366386
19.4,0.003325858148039429
19.4,0.004232357603755621
19.42,0.004491537831608827
19.44,0.002889617326921168
19.46,0.0031025122692696083
19.52,0.003279672976773562
19.52,0.003884040424016022
19.54,0.0043325950661448065
19.56,0.0038737575118925616
19.58,0.003685451255757588
19.62,0.004564628337999754
19.68,0.0054154476658268
19.68,0.004119747224015202
19.72,0.0038806622669211865
19.72,0.004235151559370154
19.72,0.0034809385537207804
19.74,0.0036567081581148075
19.76,0.004194428437716002
19.76,0.005436255618788022
19.76,0.0033237001080835826
19.78,0.004540564993905649
19.82,0.004470310325298765
19.84,0.004388869876379653
19.86,0.004728566857757355
19.92,0.00409017222336483
19.92,0.0030724543584379482
19.96,0.004019534377582956
19.98,0.0038847815298646005
20.04,0.004888302507986442
20.04,0.0042822274850151665
20.06,0.004197808902235978
20.1,0.004314104781348416
20.12,0.004403480625196798
20.12,0.004613861296309363
20.12,0.004112689997235575
20.14,0.004718253434588426
20.16,0.0064773909351290015
20.16,0.0041375791248595695
20.16,0.004519320637383806
20.2,0.004431239172476009
20.26,0.003775273585199579
20.28,0.0038228427881258353
20.28,0.003910310715230958
20.32,0.004227126268244841
20.34,0.0035297720799584154
20.34,0.004155751828273768
20.36,0.0039194951575067805
20.36,0.004299287345742586
20.38,0.0044338753702704015
20.42,0.0032835985521232347
20.44,0.003590025540358366
20.46,0.005312748090253949
20.48,0.0036820370952633796
20.5,0.0049234870631775784
20.5,0.004401917796441168
20.54,0.004616434801037572
20.54,0.0041587442870183455
20.56,0.0035249948791468144
20.58,0.003583188592674369
20.6,0.003934537021510032
20.68,0.00427404757131522
20.68,0.003692251616044806
20.72,0.004721428769285163
20.72,0.004821122614112605
20.74,0.004931378832933375
20.74,0.004358324243381784
20.74,0.003257829178191618
20.78,0.004856713786913991
20.8,0.002827042311837946
20.82,0.004948786270890793
20.84,0.004949426025943948
20.84,0.004137128476055962
20.86,0.004831288350689578
20.86,0.0034521193416615636
20.88,0.005200637802554753
20.88,0.004098632732557617
20.9,0.003961247634554854
20.9,0.004663922966613221
20.92,0.00455151078118321
20.94,0.005140323517521583
20.98,0.004727151281451958
20.98,0.00402441445410362
20.98,0.0040070141442414275
21.0,0.0038395855030219916
21.0,0.004855733269036766
21.02,0.004707350371109809
21.02,0.0041710291341712225
21.08,0.010606358565811602
21.14,0.003979269188072454
21.14,0.004039071065063182
21.14,0.003694200798631586
21.16,0.004065847589680205
21.22,0.0031300398657011508
21.26,0.004695002429265238
21.26,0.003984546260057176
21.26,0.0049662267837405905
21.28,0.0038843641654712213
21.28,0.004140973620252564
21.28,0.0035524953946404203
21.28,0.004283911328352374
21.28,0.0038549047549933935
21.3,0.003944210301729978
21.32,0.004189953576420047
21.32,0.00495290100450041
21.32,0.006240638998602832
21.34,0.005377371677187215
21.36,0.00406050266577318
21.38,0.0037495452849951594
21.38,0.0047928455133515735
21.44,0.004787131924370747
21.44,0.004227933539697415
21.44,0.003673006260950018
21.44,0.004339200082711381
21.46,0.0037329087656001736
21.48,0.0030654676809107606
21.5,0.0045282928184413596
21.52,0.004458235208519179
21.54,0.004756341675500431
21.54,0.0035941783222299684
21.58,0.0033704217012674453
21.58,0.0036275425243768034
21.62,0.0036089789513363835
21.62,0.004724463629578013
21.68,0.003738247269248429
21.68,0.004253531477534156
21.7,0.0036037336452120483
21.72,0.004817161072696585
21.78,0.003981980315190814
21.82,0.004306943815719055
21.84,0.004617969118822618
21.86,0.004273704196338768
21.88,0.006064764593009198
21.88,0.004360514021288564
21.9,0.003953172594286958
21.9,0.00421356782299076
21.92,0.0032373445225691855
21.92,0.0034918185635616217
21.98,0.004174117459269211
22.02,0.0037712687133100165
22.02,0.003202153791482032
22.02,0.0034098088100600332
22.02,0.004579775951352838
22.04,0.004379615826725969
22.08,0.0026254281473212515
22.08,0.004208133387864965
22.1,0.004096039326157985
22.12,0.0034142947692787917
22.16,0.00398922864182083
22.18,0.0032720866276020333
22.18,0.00452284312195439
22.22,0.0036627644070763576
22.22,0.004665710025155589
22.26,0.0035255108067385743
22.26,0.004002884741253765
22.26,0.0044660700365130035
22.28,0.0033547772787844155
22.28,0.003949464448282369
22.28,0.004486906502429222
22.32,0.007410667152649042
22.34,0.003514657567921353
22.36,0.004067271846455611
22.38,0.0036377897599824127
22.4,0.004287174308291952
22.42,0.004395236198100783
22.46,0.0043114942627215935
22.5,0.0036439035798170316
22.5,0.004543031973877176
22.54,0.004377944624857966
22.54,0.004078448441931948
22.56,0.0036470224937146245
22.56,0.003770627611580757
22.64,0.004488188282077754
22.66,0.004059010460576995
22.66,0.004480520834616808
22.68,0.0046511358535031855
22.68,0.0030298578514024177
22.7,0.003710681326922427
22.7,0.004204414992148409
22.72,0.004739504100123582
22.74,0.003098733565282563
22.74,0.0046734382660421625
22.76,0.004543660606285194
22.78,0.005265510836364395
22.84,0.0038929574794311916
22.88,0.004039414829096755
22.88,0.003919558896371966
22.88,0.0042253053212100156
22.92,0.005412650798944041
23.02,0.004688383136035035
23.04,0.004013111857973373
23.04,0.0039664321821447635
23.06,0.0045719717943040195
23.06,0.004660212537800357
23.1,0.003726416799874399
23.1,0.00497927136741716
23.1,0.005338884749218953
23.12,0.0026969285477628224
23.14,0.004074637446498164
23.14,0.002786129414776406
23.22,0.0036775885852163848
23.22,0.005016299332160745
23.24,0.004027019445534963
23.24,0.004446734899782756
23.24,0.004113352595088049
23.26,0.004597077149684825
23.28,0.0035146868618007865
23.3,0.004393896010832621
23.32,0.006291886978750383
23.32,0.00423764698259943
23.32,0.003505558231665651
23.34,0.0040853626923752495
23.38,0.003881136067189206
23.38,0.0039820596025396116
23.4,0.004195755656430045
23.4,0.0037647891523627797
23.42,0.003874087400994042
23.42,0.00418293459086716
23.44,0.0027591950879352067
23.5,0.004653419978853823
23.5,0.0038866427377536317
23.5,0.0049593580591523745
23.62,0.004548681131044008
23.64,0.003683831586465014
23.64,0.003616270967455426
23.66,0.003953514838900607
23.68,0.004273246029479427
23.68,0.004684671050349198
23.7,0.003971063987120771
23.7,0.0039992517160993835
23.72,0.004191539180813386
23.74,0.003631552387591608
23.76,0.005099032734704245
23.76,0.0036964243391890417
23.76,0.004027842494207845
23.82,0.003745667994271229
23.84,0.003910370788949846
23.86,0.0036753812784101614
23.88,0.004098228014246752
23.88,0.0052087128015956274
23.88,0.0032154908321664344
23.9,0.008908397981402416
23.92,0.0029397133256996444
23.92,0.004456073340499023
24.0,0.00745355790695279
24.02,0.004027023720743039
24.08,0.0032323358541109792
24.1,0.008354462861317802
24.1,0.0037149106315815805
24.12,0.004273309885451049
24.18,0.003938598263011572
24.18,0.0033682864162783988
24.22,0.003940126615075812
24.26,0.004611375255940575
24.26,0.003878155666207972
24.26,0.0037033259565447674
24.3,0.004297009733423618
24.3,0.003510340172934834
24.32,0.004236335997401253
24.34,0.004571767465734844
24.36,0.004170880834891588
24.36,0.004293644475764968
24.42,0.004103061304675193
24.42,0.004339117467110354
24.42,0.004307456892927997
24.44,0.003695454333565218
24.44,0.003945297928087621
24.46,0.0040070614257483594
24.48,0.004043653080586851
24.48,0.004486358564428805
24.48,0.005710440515743209
24.5,0.004350502018124036
24.56,0.0046315769804667895
24.58,0.004962655272680028
24.58,0.004826804859090372
24.6,0.003623835080617366
24.6,0.004295981206473232
24.6,0.00482244496330797
24.6,0.00670757345142603
24.64,0.0029572698682055476
24.64,0.004273956576634208
24.64,0.0043719910931013795
24.64,0.003968707501554425
24.66,0.004275028014499638
24.66,0.004335374550300419
24.7,0.004627749624772193
24.76,0.003943000663779617
24.78,0.004092631945813996
24.78,0.003846958209438589
24.78,0.0034416938529432395
24.82,0.002518265376158846
24.84,0.0039028430170775508
24.86,0.003947945183543022
24.86,0.00475163916232757
24.88,0.004249256417194203
24.9,0.006876839086797593
25.0,0.004458651032198557
25.04,0.003811741826535431
25.06,0.003957645813313593
25.1,0.003994907636527212
25.14,0.004844055178346407
25.16,0.006128153223871169
25.18,0.004442393942656442
25.2,0.004114036262795606
25.26,0.004115825150058372
25.28,0.004374902107559642
25.3,0.003929954568835603
25.36,0.007034670585936764
25.38,0.0035123158225583984
25.4,0.004685482454025558
25.4,0.004213513223024767
25.44,0.004511804516432405
25.44,0.004220150754499552
25.46,0.005439429737962853
25.46,0.0042818217991728025
25.46,0.004500790587940395
25.48,0.003953120314939218
25.5,0.004029976678840419
25.5,0.004028858048763961
25.5,0.0040095621562423744
25.54,0.0038657020384703644
25.56,0.003442109351900813
25.56,0.0038893285737872096
25.58,0.003972493706341229
25.58,0.004269554109366802
25.58,0.003423970733906434
25.6,0.007419540620616005
25.62,0.004074156231949622
25.66,0.0036894128355507982
25.66,0.0046051760810663644
25.68,0.0039464895751839535
25.68,0.003182927712197192
25.7,0.003695195994201206
25.7,0.0041669742334575766
25.74,0.0036907156200424174
25.76,0.004981373486701579
25.76,0.0030708735248261565
25.76,0.004001754451681605
25.76,0.004955752165226368
25.8,0.005845541219464012
25.8,0.0042922699526219965
25.8,0.0035078930664967922
25.82,0.004287099733670807
25.84,0.007225680066842433
25.84,0.004164003909753244
25.84,0.0038644683523794132
25.88,0.004042238227277228
25.9,0.004005703535267968
25.9,0.005463185000887605
25.92,0.004346161962013428
25.92,0.0036835812431783577
25.94,0.0036733305009993833
25.94,0.00830262687576
25.98,0.004247753999878423
26.0,0.007390764357114055
26.0,0.00450122999173197
26.02,0.003876949069471558
26.04,0.003572028556907969
26.06,0.009166924296724055
26.06,0.004848429038518787
26.08,0.0035060545114785624
26.1,0.0046027062238892524
26.12,0.003679920369704437
26.12,0.004549409597305987
26.14,0.007477171796594573
26.14,0.0038127538213788004
26.16,0.00593381823664918
26.2,0.004218009920434751
26.24,0.004404601066070768
26.24,0.00487762963016436
26.26,0.005364986398331606
26.28,0.008176919347434808
26.28,0.0042060934179858345
26.3,0.004779705182617389
26.3,0.002889603210393221
26.3,0.003789677684397752
26.32,0.00444124735796203
26.34,0.004369478469695598
26.36,0.004005892466751204
26.36,0.0050234435713292225
26.42,0.004970588553743549
26.42,0.005564744063158766
26.42,0.004354725842232399
26.44,0.004425265003926593
26.48,0.00765687185268904
26.48,0.003542092631659166
26.5,0.003566133924830406
26.54,0.004660311252054572
26.56,0.005107787407252373
26.58,0.004897419192959163
26.6,0.003704837718775167
26.6,0.003775104522554029
26.62,0.003875284271683599
26.62,0.004767752488498367
26.66,0.004806666051346831
26.68,0.0037317404737555737
26.68,0.00387274659337844
26.72,0.004155183394958573
26.74,0.004491609970809773
26.74,0.004383866964301153
26.76,0.008677657398015182
26.78,0.004128983845911982
26.8,0.0042699614386123574
26.8,0.003636457352352407
26.88,0.003396166927438382
26.9,0.0045034764587119636
26.92,0.0034351798217128193
26.94,0.004499072967412365
26.94,0.004124607365665001
26.98,0.004271986357889612
26.98,0.0041175648422902
26.98,0.0037025921895927905
27.0,0.003803464359892428
27.0,0.004196826740381798
27.02,0.004556776996998413
27.02,0.004524253759557562
27.04,0.004384825342013232
27.04,0.004608807793514025
27.04,0.004636075136519757
27.06,0.004414400071949598
27.06,0.003317164530464156
27.08,0.003959361757596813
27.1,0.0046070517265224264
27.1,0.004362688113684232
27.12,0.003790423435970358
27.12,0.0033046145345719813
27.14,0.009336634736241245
27.16,0.0034966144136914235
27.18,0.004185007476957048
27.22,0.003409384517096381
27.24,0.003848988059672598
27.24,0.004256763120039975
27.28,0.0032503046372851507
27.32,0.0066581786194254144
27.32,0.004407019562094772
27.32,0.004796476226135993
27.34,0.0032701644793784457
27.34,0.004308144433697203
27.36,0.004010330288676034
27.36,0.004517654354941447
27.36,0.004230233990425769
27.38,0.004666587111992415
27.42,0.0036209476837751886
27.42,0.004352367198044438
27.46,0.003485287053798025
27.46,0.003863061895930553
27.48,0.0041459422242772215
27.52,0.004554117621124787
27.52,0.003907445354670247
27.54,0.002954079000351162
27.54,0.0032930475221015776
27.56,0.003887970484631187
27.56,0.0046848177913160205
27.6,0.004316122142830947
27.62,0.0038257369181151635
27.62,0.004043325679024767
27.7,0.005754460828293229
27.7,0.0040008643041011815
27.72,0.004126746578502427
27.72,0.0070916746662555985
27.72,0.0029822002469733766
27.74,0.004154912758264406
27.82,0.0038675058117826344
27.88,0.0040576439631180294
27.9,0.0039766519534656375
27.92,0.00295956684446963
27.94,0.0034136336165534464
27.96,0.005107354436910239
27.96,0.004871992564683403
27.96,0.008152662307379765
27.98,0.0040034507977787515
28.0,0.003915025775740211
28.02,0.003935086996783355
28.06,0.004210645455246964
28.06,0.004965190500523242
28.08,0.004012289760351173
28.08,0.0037821388692955704
28.08,0.005323140694978967
28.08,0.0038699238385440093
28.12,0.004340687558269218
28.12,0.004348386684313255
28.16,0.00388804798690523
28.18,0.004247900881833244
28.2,0.004421785915223575
28.2,0.0038704818538289887
28.2,0.005097073045661427
28.2,0.0042723699805315984
28.22,0.003966897003080394
28.22,0.003314080689471588
28.24,0.00584600831668125
28.26,0.0037310458845424277
28.28,0.00443995532772401
28.28,0.004191148640568798
28.28,0.0038699127753597518
28.32,0.0037954437371455763
28.32,0.004450793564362399
28.32,0.004749778992677145
28.36,0.004827709594136365
28.36,0.004837807788024007
28.36,0.007195987115569236
28.44,0.0031632561381608193
28.44,0.004312219779391557
28.44,0.004107270068703595
28.46,0.004043787023624401
28.56,0.0038169202509882316
28.56,0.003384378631655971
28.6,0.005796519653873622
28.6,0.007514200741897237
28.62,0.0035007697360424084
28.66,0.004035346617178748
28.68,0.0028100413366609622
28.68,0.0043038285310039726
28.7,0.006184030809288421
28.7,0.003964401318667599
28.72,0.0036509241737625597
28.74,0.004133859936414241
28.74,0.0035748950998681917
28.76,0.00534185565455203
28.78,0.004089375388299565
28.8,0.003582148779562644
28.8,0.004091360541897626
28.82,0.003472428048503562
28.84,0.004814160057816985
28.88,0.004072750095607036
28.88,0.003663075757161627
28.96,0.0036583656463535785
28.96,0.0031209565869232403
28.96,0.004811403278440984
29.0,0.00499715966462555
29.02,0.003865183664528815
29.02,0.0036345789648679627
29.06,0.00445098655136944
29.08,0.0075175446839907956
29.1,0.007720728161585755
29.1,0.003814803610634021
29.16,0.004242599421778626
29.2,0.005964562102165227
29.22,0.004474719196193244
29.22,0.0037111351657378444
29.22,0.004960730867045404
29.22,0.003307324743088036
29.26,0.0032973689481839985
29.26,0.0041487960934764034
29.32,0.004357566594244022
29.32,0.0037114774542476026
29.32,0.004294893960953172
29.34,0.00462954615293476
29.36,0.004297826404895622
29.38,0.0028141830268711976
29.4,0.007667101185668379
29.4,0.007130413157239168
29.42,0.003924315614638796
29.5,0.008294421587052403
29.52,0.003922695963307632
29.54,0.004979692364787791
29.56,0.0038098364290115594
29.56,0.005203770393882978
29.58,0.0033366185305168106
29.58,0.0049926035206999675
29.58,0.0037581678733743518
29.6,0.004233942131438351
29.62,0.004158581341504375
29.62,0.003881186000069814
29.66,0.0043948279690380065
29.66,0.005459942883339841
29.68,0.004276473724352803
29.7,0.005811710548730753
29.7,0.003771962180959987
29.72,0.004869494877658753
29.82,0.004035138277689199
29.82,0.003889878644710798
29.82,0.003957886777342767
29.84,0.003621122445201408
29.84,0.00530980382929358
29.86,0.003956210143460037
29.88,0.0040127500018724005
29.9,0.004768283538161833
29.92,0.003176575012218019
29.96,0.003804877734511547
29.96,0.0025804366837027803
30.0,0.00378196414482157
30.0,0.003771678358764241
30.02,0.004310504881546828
30.04,0.0035663701395616254
30.04,0.004538434502531996
30.06,0.004263846456467157
30.08,0.0038727932153588274
30.1,0.003647597576516448
30.12,0.0062237269540813545
30.12,0.005048171553192038
30.14,0.00343525330781258
30.16,0.00424004167184755
30.16,0.0028585057775911693
30.16,0.007622841530832036
30.2,0.003705067856146438
30.2,0.005033848017898412
30.2,0.004157317365619195
30.22,0.004329905971582448
30.22,0.005338764057646772
30.22,0.0038717531985732467
30.24,0.00436531796228623
30.26,0.003905485437721623
30.26,0.004144018542969974
30.28,0.004513497604369587
30.28,0.0049315860976375525
30.28,0.004212969601312455
30.28,0.003634065611127224
30.28,0.0035717761347006105
30.32,0.003882969360711641
30.34,0.0047058944318704166
30.36,0.006558210010685572
30.36,0.0036560137534922266
30.38,0.0037815889098131716
30.38,0.004123787791649014
30.4,0.004199014290536596
30.4,0.005021079182447208
30.44,0.00431075006774484
30.44,0.004281165970113632
30.44,0.004271849846696041
30.44,0.004322096906771433
30.46,0.004088467897620962
30.46,0.004274978249550809
30.48,0.0038946061926835585
30.48,0.00487800305826358
30.54,0.004250300634191628
30.54,0.003219936587879224
30.54,0.0032992419195772005
30.56,0.005054883478180616
30.56,0.0044699707492440455
30.58,0.007024931202283646
30.58,0.004307930100667989
30.62,0.00401124923287044
30.62,0.004250010133415416
30.62,0.0036213279200654203
30.64,0.004420335677235987
30.64,0.004450071772855613
30.64,0.0038088193159270256
30.7,0.004309910562038
30.72,0.003928448775516236
30.72,0.004464644567651055
30.74,0.004593868196820838
30.74,0.003592882989955637
30.8,0.003924128678647776
30.82,0.0038805851783704215
30.84,0.004284236795735974
30.86,0.004142031667592194
30.86,0.0034163033829331946
30.86,0.005028401772134816
30.88,0.0039399418414940435
30.9,0.004271720945658641
30.92,0.00371410950255302
30.94,0.006821985052591573
30.94,0.0038626922916421558
30.96,0.004570868174943232
30.96,0.004177331011867236
30.96,0.004386123444982792
30.96,0.0042237520019288155
30.98,0.0035154719356436104
31.02,0.003710050941054366
31.02,0.003977592884485626
31.02,0.004427394888605218
31.04,0.005514147597942998
31.1,0.002775982106227648
31.12,0.0045509949498480085
31.14,0.0038107336367732003
31.18,0.003435889977549178
31.22,0.0033605001778601595
31.24,0.004842288577965759
31.26,0.004011303563307589
31.28,0.004476887162656817
31.28,0.0041897768264401725
31.28,0.004111693155343987
31.3,0.004071910993623584
31.32,0.00457841908267298
31.34,0.00468258186602577
31.34,0.006043833702597201
31.38,0.004447773664979948
31.38,0.004007082366858428
31.4,0.00473999991188756
31.4,0.004251761954214395
31.42,0.00439369836130421
31.48,0.0033279389242337754
31.48,0.003468941588759211
31.48,0.005547522161200025
31.5,0.0027426461595547735
31.52,0.0035994093904540003
31.52,0.004746723762593552
31.52,0.004537530386621191
31.56,0.004441212582660836
31.6,0.008149249436687822
31.6,0.004183106736492026
31.6,0.004305958787992004
31.62,0.0044116660734495605
31.64,0.0037224183491223473
31.64,0.003797875879221202
31.64,0.0038264480301075654
31.66,0.004078321699479193
31.68,0.0038910325039756
31.7,0.004612076432054191
31.72,0.004300034208538417
31.72,0.003645355344583212
31.74,0.0037494760646827885
31.76,0.0045520534136721524
31.8,0.004713488429862855
31.8,0.003616234132450824
31.8,0.003328426181847366
31.82,0.004620316603256014
31.84,0.0031077877254636066
31.84,0.005313790175699218
31.86,0.004349994543869973
31.88,0.004381792308320365
31.88,0.003588419188583991
31.9,0.0047087630107319756
31.92,0.004416161877719982
31.94,0.004295576582389993
31.96,0.0035798598050923447
31.98,0.004328131565015214
32.0,0.004257562636534429
32.0,0.005353582718701566
32.04,0.004565206789223786
32.08,0.004889463948470563
32.12,0.004255511602079376
32.12,0.004178338811767546
32.18,0.003463167991728633
32.2,0.0044898597330271794
32.22,0.003908578755757786
32.26,0.0035093943082106227
32.28,0.003861405711173216
32.3,0.0032228732765513524
32.32,0.004155848913620419
32.38,0.004209634013584207
32.38,0.003929011370299218
32.38,0.003802278792206959
32.4,0.0032427109283792444
32.4,0.0038044941086967654
32.42,0.0037078403483213895
32.44,0.0037959290350008112
32.44,0.003340570570436019
32.46,0.004635728860339805
32.48,0.004458147853517169
32.5,0.004552129929832449
32.52,0.004998824297852367
32.6,0.0039944557939215475
32.6,0.0047865765176984265
32.6,0.004916544816229607
32.68,0.003949889521782435
32.68,0.004259390345256797
32.7,0.004435204775476431
32.72,0.00472722343477483
32.78,0.0035048139039384196
32.78,0.003784732879750785
32.8,0.0034917566824665958
32.82,0.004562594002568643
32.82,0.004355985639117765
32.82,0.002594437219201162
32.84,0.0036963343541428495
32.86,0.004783674627874768
32.86,0.003931415865531029
32.9,0.005643479861408451
32.9,0.0038132960879772027
32.92,0.0030131603822040054
32.92,0.0050200798748329944
32.94,0.004695951688517219
32.98,0.003659798840258577
33.0,0.003600877570813177
33.0,0.0039962027477979944
33.02,0.0038875070253816535
33.04,0.004150024051393197
33.08,0.00369876121595325
33.12,0.004464489881603972
33.12,0.00451283187004603
33.12,0.005086790998653168
33.14,0.0031271796979356337
33.16,0.003463575352096182
33.18,0.003917636738837604
33.22,0.004490986921921625
33.22,0.00393666919512381
33.24,0.004178324820085955
33.26,0.0031262096521510463
33.26,0.0037920270951169455
33.3,0.004281092699248812
33.34,0.004307212149340822
33.34,0.007843697240997982
33.38,0.00468527975645483
33.38,0.004072954374754745
33.38,0.004640889901165179
33.4,0.003935447166511619
33.44,0.003548985089055434
33.48,0.004496824571562974
33.52,0.0047854072599907704
33.54,0.005527242676701571
33.58,0.0050912173441993724
33.58,0.005717186204794555
33.58,0.004572379151704387
33.6,0.004225989546653763
33.6,0.003780427738268033
33.6,0.004758603701307651
33.6,0.0037145309350780087
33.64,0.003704695916297629
33.64,0.0038387447857207713
33.68,0.004025711888575034
33.7,0.004334887316305047
33.7,0.004211283312543612
33.74,0.004068535257486849
33.76,0.004295902308873001
33.76,0.004130495156133618
33.76,0.004755514510237369
33.78,0.004514317897656217
33.8,0.003832660388523035
33.82,0.004309603506648441
33.82,0.00402490045858217
33.84,0.004726511818128554
33.84,0.004130536154174802
33.86,0.0087226267356314
33.88,0.004413728236003611
33.9,0.004614320616529444
33.9,0.004807915248974393
33.92,0.0042750530842547985
33.96,0.004375654471078794
34.0,0.004178572636249989
34.04,0.003995251213556039
34.06,0.0034803144825171772
34.06,0.004777026794999029
34.06,0.0034354784502463875
34.08,0.004545311313248646
34.08,0.004733058010295554
34.1,0.0042409974091613956
34.12,0.005240831853191352
34.12,0.0035339050346140377
34.12,0.004176326019482812
34.12,0.0037277446793717584
34.12,0.004603661702448192
34.16,0.0034975613573080544
34.2,0.00406434646886944
34.22,0.004380216744487964
34.26,0.0039382912230350176
34.28,0.004222029377519587
34.28,0.003932426149569568
34.3,0.0038860632839563536
34.3,0.003714170788006843
34.32,0.0036032616768874037
34.32,0.004261932163089233
34.34,0.0038686856869948327
34.34,0.0045264833700315865
34.34,0.004092082373192585
34.34,0.004234227955381642
34.36,0.012560061015233992
34.36,0.003735291848536826
34.36,0.004140999132764556
34.36,0.0034566505729638486
34.44,0.003989149773215406
34.46,0.005274067270847782
34.5,0.00378421080678637
34.5,0.0071733835094035525
34.52,0.004159077674337208
34.54,0.004520732238813996
34.54,0.003915814603113632
34.54,0.0035651363188954344
34.56,0.003789964032998805
34.6,0.004731181480367219
34.64,0.005778403148949618
34.64,0.003313624624493805
34.66,0.004435514613221225
34.68,0.0029796490578005708
34.7,0.0039270701910616435
34.74,0.006770903079640234
34.74,0.0034938126085611865
34.74,0.004392674726043988
34.76,0.004176767927228209
34.78,0.0037928393957029627
34.82,0.003357789411706391
34.82,0.003622109638482973
34.82,0.0040994544335419825
34.84,0.004709718508511207
34.86,0.0043148583916939875
34.86,0.003761528538087977
34.9,0.0041057577447144444
34.9,0.0038011738360655967
34.92,0.003410779987447654
34.92,0.003230290800197211
34.92,0.004971559468411213
34.96,0.004068550267935622
34.98,0.0038530007861919957
35.0,0.003874344159505161
35.02,0.005106053394834831
35.04,0.004008318218420404
35.06,0.003267719208308817
35.08,0.004469134445715839
35.08,0.004314844071651391
35.1,0.003730270660879609
35.12,0.0036347241844627565
35.14,0.004746612115937188
35.16,0.004552456111504788
35.2,0.004988425065520996
35.2,0.0039776567825829945
35.2,0.005053377071295162
35.2,0.003180231202909223
35.22,0.007359757882733575
35.22,0.00445899037706321
35.22,0.004650187162002051
35.26,0.003296989385252358
35.26,0.00476466423432742
35.26,0.004310076764676429
35.3,0.004122891662188821
35.36,0.0035892786206795924
35.42,0.004558915471418845
35.46,0.007289863163211785
35.48,0.003920026889499217
35.5,0.004043370711926841
35.5,0.004971141065445606
35.5,0.003589450781312009
35.5,0.004001948053714566
35.52,0.004171101798392973
35.6,0.004080158817144408
35.6,0.00317585702541201
35.6,0.004024684182539984
35.62,0.004269772689619589
35.64,0.0048933037742824315
35.64,0.003673947496157237
35.64,0.003965353188417953
35.72,0.00401598283595761
35.74,0.010902287715233161
35.74,0.00444795832581435
35.76,0.0035329477122547637
35.78,0.003483557146732763
35.8,0.0057706349188881845
35.8,0.0035923756476046176
35.82,0.003955550035963373
35.84,0.004418819813477581
35.84,0.004001960224486845
35.86,0.0037073206484744547
35.88,0.0032741525311977826
35.9,0.004412065027320833
35.9,0.003858389579206034
35.92,0.004133821082090372
35.92,0.0043069407027344075
35.94,0.003767913859523242
35.94,0.003519180798703614
35.96,0.004404629043228803
35.96,0.003689154165554598
35.96,0.00382748096337604
35.96,0.004415717599459246
36.0,0.0047327499152648445
36.04,0.003747376770379951
36.06,0.005004455034055555
36.08,0.00382986295237564
36.08,0.0050518711135512095
36.08,0.003619861350872222
36.08,0.003957590024080804
36.14,0.005956735942346358
36.14,0.004189499140157205
36.18,0.004260142112632814
36.18,0.004099954725725219
36.22,0.003925767848670381
36.24,0.003672153168942205
36.24,0.004429218964678849
36.28,0.00447377744670685
36.3,0.00400358978434423
36.32,0.004245956242127202
36.32,0.003909310068269223
36.34,0.0036552721440323843
36.36,0.004124764111230417
36.36,0.0036908072778911727
36.36,0.005091342063397231
36.4,0.004204102020509359
36.4,0.003196690334303587
36.4,0.0036548907853399815
36.4,0.0042148146900707895
36.4,0.0036211062764177626
36.42,0.003692320270962224
36.44,0.004925697541751983
36.44,0.004297917906468052
36.5,0.004465935622461004
36.5,0.004158499230721202
36.52,0.00412958124566698
36.54,0.008257834788187202
36.56,0.004674719298099594
36.56,0.005122065636146367
36.56,0.004039010893275186
36.58,0.003862107022508443
36.58,0.004160825326794848
36.6,0.003909984247460807
36.6,0.0038837356217493735
36.62,0.007358017095929981
36.62,0.004753493550842647
36.62,0.004130957470813046
36.64,0.004460231619189958
36.64,0.00405089652148638
36.66,0.003719880665160824
36.66,0.004631929355883635
36.76,0.003984330135735181
36.76,0.0042748156370268076
36.8,0.004271539505444233
36.8,0.004302220742253615
36.8,0.003379396810615609
36.82,0.004192382432723574
36.82,0.003895225598087193
36.86,0.0034857220662649624
36.86,0.004084294872311989
36.86,0.00409307472862297
36.9,0.003202387600010237
36.9,0.003297528786625592
36.9,0.005351841682415204
36.92,0.004491812285513208
36.96,0.004004225586072829
36.98,0.004069544718659612
36.98,0.005993843835202961
36.98,0.0036318557581336286
36.98,0.00463417487209683
37.04,0.004454931439475951
37.06,0.004009409406082853
37.06,0.006723241404171243
37.06,0.004754511701185238
37.1,0.0035370884796755986
37.14,0.003872404431934817
37.16,0.005618379366339243
37.16,0.0036892676519335588
37.16,0.0031753984111088096
37.22,0.003857120654071622
37.22,0.004610154177182246
37.28,0.0033288383162105584
37.3,0.004782598523686565
37.32,0.004131717267630397
37.34,0.0033154894224880493
37.34,0.0035035789239280524
37.36,0.004669094191865564
37.38,0.004486371578945159
37.38,0.004187185866895815
37.38,0.005271604037124011
37.38,0.004325720872141781
37.42,0.00488873923022537
37.42,0.004973361422723976
37.44,0.004303847594672394
37.5,0.004441542844735191
37.5,0.004512905816151602
37.52,0.004118877049368974
37.54,0.004388914069787586
37.54,0.00480255766076243
37.56,0.0036090556594355894
37.56,0.00349480494067278
37.58,0.003853933448448421
37.58,0.002656215814817231
37.6,0.005020533061806387
37.6,0.004274680937315645
37.64,0.00477848431020278
37.64,0.004459639996540643
37.66,0.0045224167983139996
37.68,0.004678878501622852
37.7,0.003982267375054804
37.74,0.0074397746969387946
37.76,0.003952101398029151
37.78,0.004317980968387203
37.82,0.0048655983700638394
37.82,0.004182860176989767
37.82,0.0038157613764333576
37.84,0.003850634414719445
37.84,0.0032162455587460004
37.86,0.004432742728530226
37.88,0.004121766692329554
37.9,0.0045109515312116155
37.9,0.003701228105546406
37.92,0.00576093421024082
37.94,0.004537265347889563
37.94,0.003619963901422052
37.96,0.004662826065823578
37.96,0.00443616036471739
37.98,0.004319928849347954
38.06,0.003865715893974775
38.06,0.003577795978757181
38.06,0.003943255087961561
38.08,0.004023720712049594
38.08,0.003920433296370596
38.1,0.0043785554898323475
38.2,0.007282943923582752
38.2,0.005041169635487619
38.22,0.004554094038936807
38.24,0.004187666015112779
38.28,0.0037119521779763742
38.3,0.007118654854138984
38.3,0.004670943870751176
38.32,0.0034564585847209894
38.32,0.00375641267574478
38.32,0.0037008693141545868
38.34,0.003679823317092823
38.36,0.004962913890292575
38.38,0.005086213301416009
38.38,0.004224820768852777
38.38,0.0039262594514823945
38.44,0.0036113749420971786
38.46,0.003997665453453814
38.48,0.004435987121183982
38.5,0.0043837295889676
38.54,0.0035195807861287953
38.56,0.0054767354121672
38.58,0.004222793893746024
38.58,0.00417410589397238
38.58,0.003799435605184809
38.66,0.00521646997329539
38.68,0.0038167947183601614
38.7,0.004310200440167167
38.72,0.004465828070701394
38.74,0.004153507772359788
38.74,0.0031824011233964056
38.8,0.004281869297097396
38.82,0.0048779694515069805
38.82,0.004044252275323568
38.84,0.004549075016333615
38.84,0.004226052677900438
38.84,0.00369703574285396
38.88,0.004019308696178392
38.9,0.0046964089413154
38.98,0.003882084350915971
39.0,0.003810960905234806
39.02,0.004945969273550843
39.02,0.00512123201109882
39.02,0.0035861048333916123
39.04,0.004226464486208004
39.04,0.0030599112281100016
39.08,0.0026861116416223574
39.1,0.00477874425034841
39.12,0.0042338294110819685
39.12,0.0037537305987209724
39.14,0.006785591895656418
39.14,0.0035288486942975927
39.14,0.003977847579639593
39.14,0.0030842039258376364
39.16,0.0032303799116359944
39.16,0.0035041679951588467
39.18,0.005078162553137977
39.2,0.0026237223739780102
39.22,0.003932134471156035
39.24,0.004249834285075638
39.26,0.0037181449226936225
39.26,0.0039062498968224224
39.28,0.00412908012994917
39.28,0.005009621691190347
39.3,0.004376044536381962
39.3,0.004114709476068845
39.3,0.0038437003009456072
39.32,0.0030856347359777825
39.34,0.004630202305166753
39.36,0.005213915119199997
39.36,0.004082575457690418
39.36,0.00450272530915119
39.36,0.0038927508666199984
39.36,0.013461458134671034
39.38,0.006522492325958806
39.4,0.0038339068750450345
39.44,0.004193086984759953
39.44,0.004682850827647189
39.44,0.005050751163759637
39.46,0.004230919904876784
39.46,0.0041212489433397614
39.48,0.00399928527279203
39.48,0.003554002911200005
39.54,0.004428602479528365
39.54,0.003967358167962232
39.58,0.004206711200340552
39.62,0.004387089434238378
39.62,0.005414725059803782
39.66,0.0038790024493919883
39.72,0.0044281332638740345
39.74,0.0045020855286566075
39.74,0.00407818565387319
39.8,0.004090015034555972
39.8,0.0027204477120049697
39.8,0.003402050548025004
39.82,0.005314169512037226
39.84,0.004325489381924008
39.86,0.0040906592437316425
39.86,0.0031075237969085956
39.88,0.004937481736527971
39.88,0.0035597435388006193
39.9,0.005026482426612855
39.9,0.009252681556074394
39.9,0.004531226487973217
39.92,0.005133875574457214
39.94,0.0033429044500900007
39.96,0.0030463339319491967
39.96,0.0033063931900612076
39.98,0.0036285549346988244
39.98,0.0034101290165919895
40.0,0.004510574478920559
40.02,0.0034116703196279685
40.04,0.004573141468106834
40.04,0.0034623305087509992
40.06,0.004900441863409988
40.06,0.0041545537365456076
40.08,0.004765342759648239
40.08,0.0037867334176120426
40.08,0.00348074341795257
40.08,0.0038971292983813743
40.1,0.00402849652115278
40.12,0.004193776854274023
40.12,0.004196705607583229
40.14,0.00391431529959696
40.16,0.00390470501863438
40.18,0.004406847753448573
40.2,0.007396487333331203
40.24,0.0036091679412419975
40.24,0.0040413448878527936
40.24,0.004019068656495817
40.26,0.004823844624211593
40.3,0.0034460287035044113
40.3,0.0030403151537420348
40.32,0.0038005722123035657
40.34,0.0032145225899328222
40.38,0.003905785555117447
40.38,0.0038755807092335504
40.42,0.0034641877762056072
40.44,0.003574553660856239
40.48,0.004193764795627164
40.5,0.0041139623907056055
40.52,0.00351741479930201
40.54,0.003837718249205202
40.58,0.0050364510145437524
40.62,0.007043521923058016
40.64,0.00416956917680722
40.64,0.00421957975884657
40.66,0.005379280847033208
40.68,0.00782524258800199
40.68,0.004297481093933353
40.74,0.00363772254811201
40.74,0.004421013231906024
40.74,0.004438610208425953
40.86,0.004221419346152833
40.86,0.0039982536517652045
40.88,0.004228172544184949
40.9,0.003507315568278435
40.92,0.0052358301520532
40.94,0.0031566050871848494
40.96,0.005419329352720381
40.98,0.004743188941563781
41.0,0.004241022941721795
41.0,0.0036857368514343625
41.04,0.004746792907815989
41.1,0.0038805643353637675
41.1,0.003890579240821146
41.1,0.004280926788310824
41.12,0.0038897357084407558
41.14,0.003702083732586181
41.16,0.0027575622203479533
41.16,0.0044436942839432
41.16,0.0038094647464815834
41.2,0.008624364225885972
41.2,0.004624420907183957
41.2,0.004063946497572024
41.2,0.00381715335285715
41.26,0.00566506058028704
41.26,0.004673099754406218
41.28,0.004044061454672843
41.3,0.005307576004035974
41.32,0.007701897193874152
41.32,0.003774163253092766
41.36,0.004896856309718811
41.36,0.004403173925775605
41.4,0.004111703787556764
41.44,0.004810383261734774
41.48,0.004502883923913958
41.5,0.004295133242615545
41.54,0.00400108832833701
41.56,0.00468866690149361
41.6,0.005991452302853251
41.6,0.0036344353515503913
41.6,0.004970798660625997
41.6,0.004584702081262049
41.62,0.005279378169604554
41.62,0.003032949968050369
41.62,0.0036113356484136494
41.66,0.004073051453888588
41.68,0.004547993232234426
41.68,0.005227441115564391
41.74,0.005179485874128975
41.74,0.0045010913439189615
41.74,0.005381520796338246
41.76,0.005285778022952048
41.78,0.004795866771892032
41.78,0.0037885940313610034
41.8,0.004116123322708831
41.84,0.006031787389411569
41.84,0.003121728166258775
41.84,0.004048450705570805
41.86,0.007643474331369582
41.88,0.004476199769905209
41.9,0.005143135620380046
41.94,0.004126357976573569
41.94,0.002842417555049215
42.08,0.00400031206065643
42.1,0.004787809564498424
42.1,0.004108254355770002
42.18,0.003463269472521846
42.22,0.004401178766321845
42.22,0.004294145308549213
42.22,0.007367210844002159
42.22,0.004863633464352368
42.22,0.0035164620956463777
42.24,0.003793271108160967
42.28,0.004349963543894053
42.3,0.004739063891273432
42.32,0.004440937765438968
42.34,0.0035289486229636013
42.36,0.004229688325893655
42.36,0.004132223122797041
42.38,0.004536500582388192
42.4,0.0040678528653258494
42.4,0.0040834615419633735
42.42,0.0040467017410201755
42.44,0.004033298775477645
42.48,0.004361748615570038
42.48,0.0035858270414508286
42.5,0.003965658929469207
42.54,0.004202286163738411
42.54,0.005086188512376966
42.58,0.005329681316083579
42.58,0.0037172244873058258
42.58,0.006047707040594208
42.58,0.003912337909427244
42.6,0.004292240632576383
42.64,0.00404543872412555
42.66,0.005018223151510237
42.68,0.003667810120506765
42.68,0.003971935194194809
42.72,0.0037108941831995867
42.72,0.0034718111004605756
42.76,0.005529444150258023
42.78,0.0032707271472371957
42.78,0.004119908725039756
42.78,0.004760480682487578
42.8,0.003431536154911652
42.84,0.004501984860480368
42.84,0.0038034882286683835
42.84,0.004499644713375828
42.84,0.0038443324494992215
42.86,0.0044768632112347495
42.92,0.003567358436454615
42.92,0.004664543732112003
42.94,0.003833031337208359
42.96,0.004292459547761807
43.0,0.0040939937585797725
43.02,0.00411412995324556
43.02,0.0039037097580459923
43.08,0.003950483132242
43.08,0.004942127315587408
43.08,0.0048387748855486246
43.1,0.0033045860756748535
43.14,0.006637861549931956
43.16,0.00499240530610523
43.16,0.0038012165341075876
43.16,0.004153654282295971
43.16,0.00493387601294204
43.24,0.00468686447492217
43.32,0.005066503584026161
43.34,0.004446518216711159
43.34,0.004368809308332833
43.38,0.004840231961726227
43.38,0.0038545060722560143
43.46,0.0031367479495140183
43.46,0.0037122411488051954
43.48,0.0037640062710811995
43.48,0.003669903944387043
43.48,0.005994140107878354
43.54,0.0030701425377888114
43.54,0.004864835707879767
43.54,0.004861726239317021
43.6,0.004348268433567615
43.64,0.0039761727225932075
43.64,0.0036809908539140457
43.7,0.0039054985475084347
43.74,0.006911512819367638
43.76,0.0037593630868999472
43.76,0.0045190075495668
43.78,0.0037501699681632417
43.8,0.004065428565306783
43.82,0.004356350956438382
43.82,0.004042202005296813
43.86,0.0059588000393245855
43.92,0.0038864113805562317
43.92,0.004484442090482599
43.96,0.004128961647495988
43.98,0.004526176674609195
43.98,0.0037651624235107706
44.02,0.0048640807425187615
44.08,0.009927328870626972
44.08,0.0042463338900537995
44.12,0.0041349475155447735
44.16,0.004373387460657185
44.18,0.003617757759656226
44.22,0.0038851034237488147
44.22,0.003906313411146001
44.22,0.004166748419533239
44.22,0.004278701012936814
44.22,0.003446993974110968
44.22,0.004846058375444384
44.24,0.004348199504978778
44.28,0.003584657384940404
44.3,0.004255823129871383
44.3,0.003644991414596621
44.3,0.0038594751496191515
44.3,0.0038459358015308087
44.32,0.0030391982861237565
44.32,0.003821289590192234
44.36,0.004283668805383556
44.38,0.0048839148287948
44.4,0.006931279131402235
44.5,0.0038863368724495473
44.52,0.004429938549568413
44.54,0.004428846442097956
44.54,0.003699998653962755
44.54,0.003741380881025158
44.58,0.004261186757216429
44.64,0.005204208697272228
44.68,0.004457733544250386
44.7,0.00394790452556959
44.72,0.002792856001945232
44.72,0.0038998299347825505
44.74,0.004761507700860035
44.76,0.004060025406341761
44.76,0.005638317934833159
44.78,0.004291438739545406
44.8,0.004358216356677991
44.88,0.004412785390859986
44.9,0.008430030555263035
44.94,0.0034953266160308027
44.94,0.004768076481461825
45.02,0.005077958016559636
45.02,0.004912557259685979
45.06,0.003487204775768804
45.06,0.004316718607883185
45.1,0.005072935126071654
45.12,0.0036442392553274194
45.14,0.003958915854841427
45.14,0.0038389531921252384
45.18,0.003714220308744798
45.2,0.0040314098117556485
45.2,0.0054220678469224515
45.22,0.003185930654360347
45.24,0.0033600180981300243
45.24,0.005265411986299817
45.26,0.00330397367873958
45.26,0.004379660763541238
45.28,0.004797450185980434
45.32,0.004668642731343153
45.34,0.004468565089940757
45.34,0.0035551784600528213
45.36,0.0034357435364231748
45.36,0.003979443412399197
45.38,0.004044290567690623
45.4,0.003975516368250442
45.4,0.004108196926872032
45.4,0.0033414968715546056
45.44,0.004182449513977393
45.44,0.005125434059615408
45.44,0.004432882046267794
45.46,0.004157338818758571
45.46,0.003906478753843756
45.54,0.003165600667843216
45.54,0.003737937197754837
45.62,0.00682485166294744
45.64,0.0034553231534285578
45.7,0.0043062736011113545
45.74,0.004654521743728823
45.74,0.0031967312231387934
45.76,0.004095432801540233
45.82,0.004965191786405643
45.86,0.004259451942983605
45.86,0.004524639715179579
45.88,0.004854153753246382
45.94,0.00359482269420619
46.04,0.004332536657967956
46.04,0.005116136792700843
46.04,0.004169195190528163
46.1,0.0035686099956317996
46.1,0.004949781646964357
46.12,0.003816238636855207
46.12,0.0036170503670112097
46.12,0.003636045328763604
46.12,0.005030064319586414
46.16,0.007039919521421023
46.16,0.0036381318661440343
46.18,0.0034051404817435627
46.18,0.003728754386483235
46.2,0.003999750582442618
46.2,0.003637695000360597
46.2,0.00479827399481203
46.32,0.0037116324948514023
46.34,0.004914574942056826
46.34,0.004198607115218356
46.34,0.00336265927398538
46.36,0.003917250602729849
46.38,0.00456595805674076
46.4,0.004249928403447956
46.42,0.003618864348998163
46.42,0.00468070018307043
46.46,0.0040968628381909955
46.48,0.004746091674266761
46.52,0.005477227943867957
46.52,0.003619628175343781
46.52,0.0036751437825407463
46.54,0.00410166673895862
46.58,0.003975433998573363
46.6,0.005382039172651565
46.64,0.0035213604688432154
46.64,0.003291581725241244
46.66,0.00302803798838458
46.66,0.004972290115699218
46.68,0.0047280400383860055
46.72,0.004832272306875995
46.74,0.0036022784243919803
46.76,0.004161764948531599
46.76,0.004600213670570397
46.78,0.003720701691238837
46.8,0.005520891706427222
46.8,0.008721298682590417
46.86,0.004665756806662369
46.86,0.004579329396659171
46.86,0.004033086219890625
46.92,0.007783477772653424
46.94,0.006770743299433946
46.96,0.0033637211080863594
46.96,0.005307189106805055
46.98,0.004787721832982372
46.98,0.004570786795252801
47.0,0.007618722105062425
47.0,0.004425851932530422
47.02,0.004922952175315021
47.02,0.004119596696130379
47.02,0.005113986069788412
47.02,0.004036844129263417
47.02,0.004518082808279367
47.04,0.0037267247664392045
47.04,0.004452706278279428
47.04,0.0034188677986207727
47.1,0.0034116353894904083
47.14,0.0037234058477467746
47.16,0.004702456560998436
47.22,0.0035328316297735807
47.24,0.004164073202520213
47.24,0.0036524345470984043
47.28,0.004495144824104846
47.28,0.0038724060240787894
47.28,0.0037505808374009852
47.28,0.003665189349117415
47.3,0.003804523254506642
47.32,0.004668069827315158
47.34,0.0032404535623488107
47.38,0.0034126201715087845
47.4,0.00350338631558178
47.42,0.004367228698608394
47.42,0.004604213499583176
47.44,0.0039056401475600078
47.5,0.003270163624706779
47.5,0.003893149185320355
47.5,0.004539443782057617
47.52,0.004513913081723553
47.52,0.0037748664200879523
47.54,0.004248159577307176
47.56,0.003978189225198214
47.56,0.0029154810631744077
47.62,0.008226297886488765
47.62,0.0037901257873159677
47.64,0.004113356165579618
47.68,0.005557122572653839
47.68,0.003850599627617579
47.7,0.006319545689447037
47.7,0.003860252819060217
47.72,0.003257877521387953
47.76,0.004056603961685612
47.78,0.0047984483360832275
47.78,0.0021629941974590228
47.8,0.0034307321633419985
47.8,0.0041037086342972096
47.86,0.003156017848938819
47.88,0.005581942696147646
47.88,0.004805827205091595
47.9,0.004179516795350002
47.92,0.003948460186171565
47.92,0.004176217107665581
47.92,0.0036928283844476217
47.92,0.00390671357391259
47.92,0.004468366634198806
48.02,0.004458417984071983
48.1,0.0037384550916199633
48.12,0.003680383086773431
48.26,0.003080140695207567
48.28,0.0033529178847846453
48.3,0.005028597959000791
48.32,0.004406353544508357
48.34,0.00360810120817201
48.34,0.004537905402570375
48.4,0.0037381615905267562
48.4,0.0035961128521936336
48.4,0.0033517822767688
48.4,0.004078015371139054
48.42,0.004565148742236791
48.5,0.003615185712233182
48.5,0.0038046395223712004
48.52,0.004111816165371596
48.54,0.0038117123740804004
48.54,0.003913412110719161
48.58,0.0034001314253028214
48.58,0.004271473451237573
48.66,0.0031795877342876144
48.66,0.004559929827560372
48.68,0.004084023273190018
48.68,0.004443354241161157
48.72,0.004029279645319628
48.72,0.004122185409891954
48.76,0.0030507597748959947
48.8,0.002767481766955626
48.82,0.003999263386964769
48.84,0.004652852581481626
48.88,0.0058939666565683835
48.9,0.00398934745499957
48.9,0.007484071407505621
48.92,0.0037406497158507523
48.98,0.0038472438011738497
49.0,0.007167963514632003
49.02,0.004687819654004555
49.08,0.0032416188962736125
49.08,0.003926129250561017
49.1,0.004101430682849627
49.1,0.004013684314015387
49.1,0.004222782507634415
49.1,0.004616780960220002
49.14,0.005070497451869604
49.14,0.00442528940700504
49.14,0.004024483280122393
49.16,0.006496385526407633
49.16,0.004226059736258003
49.24,0.006707494727192453
49.24,0.005404167010837568
49.24,0.004355918704457951
49.24,0.003890003874752801
49.26,0.005764413513072442
49.26,0.0055206363085523735
49.28,0.0029426458625901875
49.28,0.00418543572558161
49.28,0.0050911344726829455
49.34,0.0040959559590048045
49.34,0.004268279697813182
49.36,0.004737457923958188
49.38,0.004785605202838772
49.4,0.005864597185514353
49.42,0.004329830919765576
49.46,0.003231498702891966
49.5,0.008452273623791196
49.52,0.004079218598548984
49.56,0.006857627947569389
49.66,0.005148871673333222
49.68,0.0033878783451883887
49.72,0.003984870829299991
49.76,0.003403064946726375
49.8,0.0036848782876968134
49.82,0.004023269440845412
49.86,0.0039423451539392085
49.86,0.005436904789433594
49.92,0.004037110210637351
49.94,0.004263070930115576
49.96,0.003387823756806574
49.98,0.004238093082661987
49.98,0.004193699278996044
50.0,0.0040904532013091854
50.04,0.004077802346895809
50.12,0.0038786000002607457
50.22,0.0035028837007740066
50.22,0.004023827194923224
50.22,0.007022142921292551
50.22,0.004171482025443596
50.24,0.00401838627331319
50.24,0.005776879722420025
50.26,0.0038786523676661577
50.28,0.004031459379523428
50.28,0.004279691973021804
50.3,0.0033662089684995955
50.32,0.003275201913118808
50.34,0.003900762453558193
50.38,0.004886409889145238
50.42,0.0032624932137490514
50.42,0.003037560347955215
50.42,0.004221753766675995
50.44,0.003842372418277562
50.46,0.004266176862124382
50.46,0.003903705637813948
50.52,0.0043964967912724084
50.54,0.005684039004404617
50.56,0.0033067010985552425
50.58,0.0032981522892996384
50.6,0.00457905402229275
50.62,0.003937867364937175
50.62,0.0028871524545319716
50.64,0.004706753876804415
50.64,0.004712183511164758
50.66,0.00383723122909696
50.68,0.003818649229676785
50.72,0.0037874614024091535
50.72,0.003660538769857946
50.74,0.0035019611843886134
50.76,0.004129377479602403
50.88,0.004078250255568405
50.88,0.004836000275134755
50.88,0.004139025829104748
50.9,0.0031385372436467662
50.9,0.004523694590151561
50.92,0.003963053563998398
50.94,0.002910157287881354
51.0,0.007618979865511966
51.02,0.003506067767201637
51.04,0.0038463817527816246
51.04,0.004480734147989551
51.06,0.0037592653275796417
51.08,0.003386758652256572
51.14,0.004573995332084024
51.16,0.0037270491101060177
51.16,0.0047115054185189464
51.16,0.0037966638550319676
51.16,0.004744975966816778
51.2,0.0039054932657084374
51.2,0.003469823011882034
51.22,0.0031482888988512148
51.24,0.004605765844660437
51.28,0.004200878870359248
51.3,0.004864678554577617
51.3,0.0037425864086020333
51.3,0.004166903171884395
51.3,0.003607488502841427
51.32,0.005377739627023148
51.38,0.0037744847187092256
51.4,0.003299115633104366
51.4,0.004293135897225575
51.42,0.004728574672414831
51.46,0.004030932770736184
51.5,0.0035884225155620175
51.5,0.0038101593017592084
51.5,0.0038104470656902256
51.5,0.004074211215044032
51.52,0.006444862640523241
51.54,0.003876212369110843
51.56,0.007776075698548435
51.58,0.005428973486733546
51.58,0.004463348913286369
51.58,0.0036734029603368024
51.6,0.0033665503357539484
51.62,0.004562624184960007
51.62,0.004506506906691188
51.62,0.005927319057137614
51.64,0.005028578967600006
51.68,0.003380229653204614
51.72,0.007047995479181224
51.72,0.004243592201556234
51.8,0.007017344682446414
51.8,0.004140893535050982
51.8,0.003259044947329426
51.84,0.004292453933902984
51.84,0.0028309105946532354
51.84,0.005036899223851199
51.86,0.0038311107789036347
51.88,0.003934444478925991
51.9,0.003932945982158431
51.92,0.004340782142299604
51.94,0.004113546393606837
51.96,0.003925484992669981
51.96,0.003952487567871588
51.96,0.006107615633090591
52.04,0.003786840923548196
52.08,0.0039361899023879765
52.1,0.004772682515797655
52.12,0.0038771093268835655
52.12,0.0039014104631815982
52.14,0.0038091939937160424
52.14,0.00438448043918005
52.18,0.002664661405854196
52.18,0.007840118089385006
52.2,0.003543589270205816
52.2,0.004057089868544028
52.2,0.003948999313269974
52.2,0.004192258508315172
52.22,0.0038041452830601674
52.24,0.003757509684634397
52.24,0.004155545112585424
52.26,0.004799794519023237
52.26,0.004054039490559158
52.28,0.0033205748347040487
52.34,0.0036903536038196405
52.34,0.003065519013226381
52.36,0.004513467246403224
52.36,0.0033687768299591747
52.38,0.003917593282969589
52.46,0.005016634547346022
52.46,0.0024288361475024445
52.46,0.0036103072727018404
52.48,0.0032868090996514
52.52,0.003911439636902436
52.52,0.003898860683182237
52.58,0.005121743845467153
52.58,0.004926742083421254
52.58,0.0043135326856396095
52.62,0.0036986275176980055
52.64,0.003450810766718826
52.66,0.003349001057072809
52.68,0.0042367446679939524
52.7,0.00301661505284323
52.7,0.004073594448532392
52.7,0.0034060765950801875
52.72,0.0038571838956867888
52.78,0.0038349282577515575
52.8,0.004519604743747241
52.8,0.00412748507584737
52.82,0.004330866729258198
52.84,0.004324375990415796
52.84,0.004055304486334399
52.86,0.004499057443041243
52.88,0.0029094984113812172
52.88,0.003752107995450782
52.88,0.00370185616266816
52.88,0.003660691592920373
52.98,0.00433161597262377
53.0,0.008578789031042033
53.06,0.004211984738839991
53.08,0.0029607696328444177
53.08,0.0037815759397628046
53.1,0.003872906410505972
53.12,0.004355276437766786
53.16,0.0043130976454212044
53.18,0.0040491483358185976
53.22,0.003976272660643598
53.26,0.0038819333872094353
53.26,0.003365454850176808
53.26,0.0037001855507305947
53.28,0.007728709910461151
53.28,0.003806795179559619
53.3,0.004353720915601156
53.3,0.0031223192375278153
53.3,0.006484332548525984
53.3,0.005597172468549627
53.32,0.0033250237569419916
53.32,0.005077389046604042
53.34,0.004097324253024781
53.36,0.004061212178483209
53.4,0.004058291958424443
53.4,0.003470001537433598
53.42,0.004283440666287608
53.42,0.003882754817065237
53.5,0.0033697510327149738
53.52,0.003500416803081996
53.52,0.004746857194092402
53.54,0.0028532162267920214
53.56,0.004026651828732963
53.6,0.004581588725628749
53.62,0.0034223542200599866
53.62,0.0036140185204287523
53.64,0.003736458261360376
53.66,0.0032272030311307764
53.66,0.0030695446529940273
53.66,0.003241499483961241
53.66,0.003923893083549013
53.68,0.004363692175119005
53.68,0.00379887415180602
53.7,0.0029467620280048124
53.7,0.003364432606900225
53.72,0.003347163945707776
53.76,0.0037191447597876293
53.82,0.003296763341220421
53.84,0.0037751529964945574
53.94,0.004349526878104415
53.96,0.003976959265962976
54.02,0.003396883229792813
54.02,0.003539565353546381
54.04,0.0029921562288434123
54.06,0.0032675924074687668
54.08,0.003253350246877007
54.08,0.004134803084338778
54.1,0.004287215241095987
54.2,0.003992025949083988
54.22,0.003986865702583997
54.28,0.003065515237501648
54.3,0.003635985199929581
54.38,0.004054156133843634
54.44,0.003904783467395978
54.46,0.005064764436931379
54.5,0.004788523567271441
54.5,0.003500490152186786
54.52,0.005069335358708016
54.52,0.0033995094358312272
54.52,0.0034357400282107875
54.54,0.004247701858486219
54.54,0.00389946634624716
54.56,0.0034295949995754027
54.58,0.003316430831844852
54.6,0.0031887184564060034
54.68,0.004773742380720369
54.68,0.003458699935412035
54.7,0.003998004700104807
54.76,0.0041498309821428325
54.76,0.004155389938960585
54.78,0.004153525775299816
54.78,0.004267087264385183
54.78,0.0035989282623212215
54.78,0.0053513760286372225
54.78,0.003919677237190555
54.82,0.00420029837220437
54.84,0.003279976845605992
54.88,0.003722499214661945
54.9,0.003990187216102559
54.92,0.0037216652596876454
54.96,0.0038766073004171675
54.96,0.0038251848291056545
54.96,0.004252969857967193
55.02,0.0034995119142627873
55.1,0.005657153516949176
55.1,0.004156408571531767
55.14,0.0039198282766059744
55.16,0.0030924541608710054
55.18,0.004301778310987547
55.18,0.003760430881997845
55.18,0.0035018090291402126
55.2,0.004438384177114396
55.24,0.0036954561261364205
55.26,0.003505594964475778
55.26,0.00544372201401877
55.34,0.0048163735194579615
55.34,0.003420172972048996
55.36,0.004453570377153548
55.4,0.0035650809138988437
55.4,0.0039593972888916085
55.44,0.0033848497114171705
55.5,0.0032366724451223794
55.5,0.0041904350090183895
55.52,0.0036173861004259455
55.54,0.005113034565528363
55.58,0.0044951466313040145
55.58,0.004348759954401982
55.6,0.0026698852335860224
55.62,0.004206691395390427
55.62,0.003881199450943562
55.62,0.004882666262650992
55.64,0.005220900993865185
55.68,0.004603394576867426
55.72,0.003889067499431631
55.74,0.004191011140330825
55.74,0.0031148074929355785
55.74,0.004164943766596374
55.76,0.003651675312384417
55.78,0.0039967143456501875
55.78,0.00430676468126201
55.84,0.003776955812799798
55.84,0.003206557623367634
55.86,0.002720029308390215
55.88,0.004150159773285367
55.88,0.0031083080516264294
55.92,0.003365119847213438
55.94,0.004481280915534569
55.96,0.003472576893892798
55.96,0.005885337253517586
55.98,0.006694334822128445
56.0,0.003464995071246757
56.02,0.0023741469429016115
56.06,0.0042374230434936155
56.06,0.003491790180918386
56.1,0.004793345129324389
56.12,0.004078739223149386
56.12,0.004009872239462586
56.16,0.0031821429072641516
56.18,0.004817725440594223
56.2,0.004478140705634348
56.22,0.004516618608230827
56.22,0.004670329489487979
56.24,0.003751398925282201
56.24,0.004613148511839249
56.24,0.0043041566126311714
56.26,0.004499702955284235
56.26,0.004728768520947613
56.28,0.004041804686306771
56.28,0.003536046919013769
56.3,0.0032267073730509743
56.3,0.003722859988250393
56.34,0.00290662286443355
56.38,0.003704422023058984
56.42,0.005078495053474019
56.42,0.0033401387832674434
56.44,0.0036884319431226276
56.44,0.0037431353073545948
56.44,0.00715688708573381
56.46,0.004456980935339971
56.46,0.0033304271643054273
56.48,0.004229327627821244
56.48,0.003046582697708633
56.5,0.004076213594904177
56.5,0.0040862778101043995
56.64,0.004798527700511812
56.64,0.0038585178825949473
56.68,0.004376995952401597
56.7,0.004251071694378439
56.72,0.0028214564817131693
56.72,0.003739269745332785
56.74,0.002850362010024754
56.76,0.004418010869899236
56.76,0.004226510536896044
56.8,0.004501896339913047
56.82,0.003123648635624976
56.84,0.004545824554648359
56.84,0.003868913201031221
56.88,0.0037451268085160194
56.9,0.00511049678760056
56.98,0.003870647758914436
57.0,0.004522550534246439
57.0,0.00303131191226802
57.04,0.00463632845814943
57.04,0.0035167881043384197
57.06,0.0032220817767455445
57.08,0.004850600548399031
57.1,0.0034554854539443625
57.12,0.0037677953904323713
57.14,0.0032079101812407806
57.16,0.004643628776035635
57.18,0.0031005238771896204
57.2,0.011074550600698951
57.2,0.003847105622120428
57.24,0.00307089737420585
57.26,0.004249176045429626
57.3,0.004357661351821807
57.3,0.004558613416790425
57.32,0.003700716667047965
57.32,0.004325852440263955
57.38,0.004118808984795552
57.42,0.007511061932071628
57.44,0.004293862196438791
57.46,0.0038271077543620136
57.46,0.004208896093609971
57.5,0.003721892455280762
57.54,0.003058403344440408
57.54,0.002968511990789846
57.66,0.004188306142815179
57.68,0.00394726299500725
57.7,0.0029448525565848316
57.72,0.0040491600465916155
57.72,0.003173545903846442
57.74,0.0029311570100604145
57.82,0.0037465129458289503
57.82,0.0037790995012073614
57.82,0.0035327741700917903
57.84,0.0032765101162806065
57.86,0.0036531827956848284
57.88,0.0034132577921992535
57.88,0.00426202099482198
57.9,0.0071319669429675825
57.96,0.005328833017297252
57.96,0.003495621533086357
57.98,0.0034489923316399773
57.98,0.0038138412346629957
57.98,0.0036584874209714124
58.04,0.00323678908470737
58.06,0.00374746952428362
58.06,0.0024863088243721743
58.06,0.004279968183413252
58.1,0.003536009648661631
58.12,0.004810956625916796
58.12,0.0036659181508380545
58.12,0.004999593180459616
58.18,0.003830387071234953
58.26,0.0034525392835067503
58.3,0.004465725796977571
58.36,0.004375677837481606
58.4,0.0029550843840739915
58.4,0.0036292003543616502
58.42,0.002495887378260786
58.46,0.004050263575383628
58.46,0.0043886740704836
58.48,0.0032782568186385808
58.52,0.0036514309700553804
58.54,0.0041471555052176035
58.54,0.004422553868509982
58.58,0.0036067362913524414
58.58,0.0026595459256849585
58.58,0.004415004483343754
58.6,0.0033955623514088096
58.64,0.0033373318122067452
58.68,0.0033350849221404077
58.68,0.003884730895538757
58.7,0.004418956159636389
58.7,0.004058541228777246
58.7,0.003410028479876037
58.72,0.0039125732410918435
58.74,0.003331077008498773
58.78,0.004577447129454959
58.8,0.003798798923451807
58.8,0.0035135603946976346
58.82,0.0029516953638067944
58.82,0.0033490442235502016
58.84,0.005006906000437628
58.86,0.0037023086295977503
58.86,0.006273553528193587
58.92,0.0027245233753944165
58.94,0.003852222219350998
58.96,0.0034948517965359693
58.96,0.0038218247160946017
59.04,0.0030848764515055693
59.04,0.004151628927395956
59.06,0.0034585510867708447
59.06,0.003657301635199839
59.06,0.004167637819709968
59.08,0.003484944406321633
59.1,0.0036021199792304337
59.1,0.003748981609562385
59.1,0.0037618527393645795
59.12,0.003901770384827974
59.12,0.009074578631779628
59.16,0.0034530355061141993
59.2,0.0035894375476980267
59.22,0.004831311762917845
59.24,0.005390741515813424
59.26,0.003811423428358607
59.3,0.004080024722163622
59.32,0.004183634540520953
59.32,0.003222226995746813
59.32,0.0031636502046867854
59.4,0.004674548184146365
59.4,0.002951446077095188
59.42,0.004529997317007206
59.42,0.003867242016921568
59.44,0.003482889598937833
59.46,0.004056017904842002
59.46,0.003499511970313951
59.52,0.003677009722895197
59.54,0.003889181587058199
59.56,0.004075497748818435
59.6,0.003500654173316353
59.6,0.003490243316020214
59.72,0.004257639189719775
59.72,0.004293713728825255
59.72,0.002581653285956831
59.72,0.003993519573753601
59.76,0.0033468472379170056
59.76,0.004451226293217592
59.78,0.0038524470217657925
59.8,0.004662275103310964
59.82,0.00340650987385005
59.84,0.0036739548012407752
59.84,0.0033030363927185613
59.86,0.004000251105718222
59.88,0.0037445446455279807
59.88,0.0033961401573472383
59.94,0.0064040934783036185
59.94,0.0035933126602075705
59.98,0.003111041590929009
59.98,0.004263910761264755
59.98,0.003460566570166357
60.02,0.003112698067338826
60.04,0.004722298321788609
60.08,0.006462973154292451
60.1,0.002981256405083177
60.14,0.004001305678828393
60.14,0.003912589905905817
60.2,0.0035280779922152172
60.24,0.004315333565614199
60.28,0.003487201532413997
60.3,0.0029618056072567844
60.3,0.004713333708666778
60.3,0.00275058936781436
60.32,0.00432103334843581
60.34,0.0036641075687225966
60.36,0.003661430558612455
60.4,0.0035576721527992294
60.4,0.004551732022284649
60.4,0.0045489169286467845
60.4,0.0035040234366148226
60.4,0.0035553222541252483
60.42,0.0038251139912079957
60.44,0.005553604810391022
60.46,0.0039020393384764374
60.46,0.0038956678625815533
60.46,0.0039683001880690405
60.48,0.0042139441349043905
60.5,0.003660737004529624
60.5,0.003769858042645846
60.5,0.004573465711706026
60.5,0.003924304684407964
60.54,0.004571076886671355
60.56,0.004478290576499622
60.56,0.0041972393868789926
60.58,0.00401060529866637
60.6,0.003684678989231971
60.64,0.0035128405436596344
60.68,0.003928242876826027
60.68,0.002849780534462054
60.7,0.0032113470525263477
60.72,0.0026835045729100004
60.74,0.004139933286315234
60.76,0.0029811652706831504
60.78,0.002339085596494428
60.78,0.003524249011823244
60.78,0.002759023696845997
60.78,0.004770553381247988
60.8,0.004934559305637021
60.82,0.0038456813809744084
60.84,0.0035395219981227966
60.88,0.004051974009803616
60.92,0.005497711708509989
60.92,0.0037327291414029906
60.92,0.0032353586317331873
60.94,0.006860593575106377
60.96,0.0036460326007999866
60.96,0.0038214249144949974
61.0,0.0035007583777187934
61.02,0.0038544592192087945
61.02,0.0037028830803780277
61.04,0.003765482931229247
61.06,0.004655829692237212
61.08,0.0042650815126652475
61.1,0.00362469758828321
61.1,0.002858952692737615
61.14,0.004574194502521611
61.16,0.00742737907228741
61.18,0.004953806545532791
61.18,0.003714024069833566
61.2,0.0031692321650581556
61.26,0.0034385119484228177
61.28,0.005231559995089952
61.3,0.003141669029770755
61.3,0.004311668508539146
61.34,0.004014085307753601
61.38,0.0032385283032771994
61.42,0.0032083884764729786
61.42,0.004139859471480767
61.44,0.0036899647640847855
61.46,0.003755031731007219
61.46,0.007347394228621962
61.46,0.003564698436440805
61.5,0.004143300752624812
61.54,0.004524414434287194
61.56,0.0034883755004128103
61.56,0.0035085035444816226
61.58,0.00334779717200262
61.58,0.0036627162229632138
61.62,0.004797943613285227
61.64,0.003640216747496816
61.66,0.003166541264682965
61.7,0.004340749547446454
61.76,0.004711035983578249
61.82,0.003712454026854606
61.84,0.0042620868890523855
61.86,0.003478803471019809
61.96,0.004815908867281005
61.96,0.0043458092927816105
62.0,0.003938909920973566
62.02,0.0034281990913811455
62.06,0.0031748169604606247
62.06,0.0037081784145900354
62.06,0.0026883277531476457
62.06,0.003160479532339
62.08,0.004347545188540636
62.08,0.004186425863718202
62.08,0.004024992362268387
62.12,0.00371024735532155
62.12,0.003608987957723575
62.14,0.0043578011270372086
62.18,0.00388957540697199
62.26,0.004458746509816813
62.28,0.0042768594388939984
62.28,0.004193864302843631
62.34,0.0032743387608792363
62.34,0.0034695751638421646
62.36,0.003687669262497195
62.38,0.003400456767179816
62.4,0.0041183887813199815
62.4,0.0037812626342575983
62.42,0.002822232338026809
62.42,0.004098799076944437
62.44,0.00478155175366235
62.5,0.00363103018031663
62.5,0.003984371058124436
62.52,0.0030926047372795695
62.54,0.004274594553687949
62.54,0.003957497522931175
62.56,0.0036529466459391813
62.56,0.0038648912535915736
62.58,0.0038689400839315713
62.6,0.0034896292949367913
62.62,0.0033555279036564523
62.64,0.003851023249218044
62.66,0.003981472808252007
62.68,0.004133971551352755
62.68,0.004596360290242574
62.72,0.003242274888774377
62.74,0.004446602571992031
62.74,0.00378248524096525
62.78,0.004338413331994806
62.82,0.003651212319613184
62.84,0.003810081396257603
62.84,0.0033065620548595742
62.84,0.004432000354314014
62.86,0.005501655263275174
62.86,0.003530495056901839
62.86,0.003623595635343202
62.88,0.00377422304071362
62.9,0.0033183786761191714
62.9,0.0038563041806868315
62.92,0.0035918382701195517
62.96,0.00486372008502256
62.96,0.003396370337573562
62.98,0.004131506489530978
62.98,0.004362771005752775
63.0,0.002334357155669209
63.04,0.004252847599938825
63.04,0.003373705070267574
63.1,0.004696110676641552
63.12,0.004237798095326761
63.18,0.004621421904391965
63.18,0.004670735875501597
63.2,0.0038624210128516134
63.2,0.004386388593035195
63.26,0.003613908581237224
63.36,0.0036849304665835803
63.36,0.0036669722836879526
63.42,0.003302481799186352
63.42,0.0025949695854163846
63.44,0.0031843334235658327
63.46,0.003363385729940771
63.48,0.003977646691134762
63.5,0.003305889268242379
63.5,0.003486841595337631
63.5,0.0038870408446746163
63.52,0.0083147668302056
63.54,0.003409632683425423
63.56,0.004019027425481214
63.58,0.003264572603597804
63.58,0.004429056433914003
63.66,0.003940827329551588
63.68,0.003418859472605007
63.68,0.0033259250975240517
63.7,0.003624520364934436
63.72,0.003642477567423197
63.72,0.0032756691543843752
63.84,0.0067156385130919816
63.86,0.0030677926093227725
63.88,0.004905465145456422
63.9,0.00369619110376318
63.9,0.0031589520965910056
63.96,0.003032764635053198
63.98,0.0034960648751314327
64.02,0.0030543432165508477
64.04,0.0042817194443129925
64.04,0.0033582809728534
64.04,0.0024928099014287497
64.06,0.004309349135203422
64.14,0.0039550313250713565
64.16,0.004259837619274398
64.16,0.0037115589807897864
64.16,0.0074322163092004345
64.16,0.003990924078146385
64.22,0.0038482736144132
64.26,0.0037598760730271907
64.26,0.004476702455422199
64.28,0.004422828470601159
64.28,0.0031721655015829464
64.3,0.0035205145355547973
64.3,0.004044677835085553
64.32,0.0030582312009643786
64.32,0.0032137928114476244
64.34,0.003134099282747216
64.36,0.004733623675034049
64.36,0.0027208894744665812
64.38,0.004117105159302192
64.4,0.004978413208640009
64.4,0.0037920070007647633
64.42,0.004837540446733568
64.44,0.0038275522866859646
64.46,0.004619767645088424
64.46,0.0038899796839696466
64.48,0.0041815170886637665
64.5,0.005099210686868028
64.5,0.00431792905289341
64.54,0.0038720372133147496
64.54,0.0038689059581560326
64.54,0.0035300617906172116
64.56,0.0034538358094724497
64.56,0.004189936755246038
64.58,0.0031279184385963887
64.64,0.0033769810595803973
64.64,0.003596321610007558
64.66,0.004140381895176404
64.7,0.003556637524585571
64.72,0.003590985911486433
64.72,0.003949498484793201
64.74,0.004405973521265816
64.74,0.0040111030481834176
64.8,0.004075515806566399
64.82,0.0038608888155664545
64.94,0.004418000425405633
64.98,0.003184157906821583
64.98,0.0035759409878858284
64.98,0.003139648631648395
64.98,0.0029983509761063454
65.0,0.0033170168189540217
65.0,0.0044065916430855445
65.0,0.0030479930712161707
65.02,0.0028702631906132314
65.04,0.003874227391007845
65.06,0.004030974714639979
65.06,0.0036867324841416416
65.06,0.00423032075875962
65.08,0.003473858641789951
65.14,0.003945162854747997
65.18,0.0030538519479977877
65.2,0.0036948516830184186
65.2,0.004226904252640384
65.22,0.002682577659854579
65.22,0.004168650587173639
65.22,0.003141136803319622
65.24,0.003989919005793596
65.32,0.003539597224903379
65.32,0.005647034485467994
65.34,0.003971794665948214
65.36,0.003646735340970819
65.38,0.003272828239667791
65.48,0.004205733358724761
65.5,0.0036850381578256153
65.52,0.0043427664705339986
65.56,0.0035063984826227967
65.58,0.00316281214323777
65.6,0.003339856404223185
65.62,0.0035198610535506214
65.62,0.0039398608707136296
65.64,0.00295390029863285
65.66,0.00379260903869183
65.68,0.004247923878482052
65.7,0.004571629652908249
65.7,0.0036125898956097524
65.74,0.0043061341333592296
65.74,0.004774224103975988
65.76,0.003601013548599763
65.78,0.003594516458906183
65.84,0.0033826088457984405
65.86,0.00346713680192956
65.86,0.003588328579328559
65.88,0.004215556421760969
65.9,0.0031356647518023806
65.9,0.0036548172932360234
65.92,0.0031413376769080514
65.92,0.00456307051289917
65.92,0.004687170544950825
65.94,0.004288992089954813
65.96,0.004009133725393799
66.0,0.004184607302077592
66.04,0.003681474953101227
66.06,0.006576108521271218
66.08,0.0038695414068959932
66.08,0.005706140069012822
66.1,0.0027576546056663487
66.12,0.003866639450593179
66.14,0.004388132146233237
66.16,0.005435271799766772
66.18,0.004068478819750365
66.2,0.004719627631860179
66.2,0.0037675937355522437
66.24,0.0038564738771119655
66.28,0.0034529135803593736
66.3,0.003767309633331606
66.32,0.00376726235088376
66.32,0.0034832536035723782
66.34,0.00531553337653301
66.38,0.0035819635818763462
66.4,0.002992214557014039
66.42,0.002307956498837971
66.44,0.003663629006775637
66.44,0.004295219194752398
66.5,0.008117778802921194
66.5,0.0032269563372547827
66.52,0.0032289290106564117
66.52,0.004659628317050024
66.54,0.004083881510286047
66.54,0.006684201915799992
66.54,0.0035901868947844084
66.6,0.004309833875749569
66.7,0.004596486345370354
66.86,0.0043576264479936455
66.9,0.00423118902169517
66.92,0.0038699341711003754
66.92,0.0032460202233389746
66.92,0.0028774936198063816
66.94,0.003750977306407055
66.98,0.004146286957255607
67.0,0.004269402302108816
67.02,0.004158780366893433
67.04,0.003438567876669185
67.06,0.0042192278535599925
67.08,0.003234134471766792
67.1,0.004553751489326796
67.1,0.004313123058560797
67.1,0.007596032486775761
67.12,0.0034852042702455677
67.16,0.004623778713497395
67.22,0.0034764813898775504
67.26,0.003953581479949619
67.28,0.004020716308424155
67.32,0.004068938255213039
67.32,0.004728167800610805
67.36,0.004527959323054387
67.36,0.0042739789820528395
67.4,0.003826977302817225
67.4,0.002838661621065053
67.44,0.0033643477701783553
67.46,0.004136820305099653
67.46,0.0035849440116726417
67.48,0.003817966259537009
67.48,0.004104673876270004
67.5,0.0042081122394875825
67.52,0.004452696619897556
67.54,0.0035574421566392234
67.54,0.003987494196982411
67.64,0.004548850355832967
67.68,0.003489181039942446
67.7,0.004240640302431209
67.76,0.004368572045878039
67.82,0.003426371422436847
67.84,0.004001415754696813
67.96,0.003513780599737615
68.02,0.00463517193740981
68.04,0.003697439351603604
68.04,0.0031194416687515547
68.06,0.005406573871509224
68.12,0.003474662216895963
68.12,0.00410635336234122
68.18,0.003829861241631982
68.22,0.005901721843529217
68.22,0.004192575342460425
68.24,0.0034659829985955737
68.24,0.003274796484769804
68.26,0.010813041864328632
68.26,0.004238605750869984
68.28,0.005750812120959958
68.28,0.003716268810455614
68.3,0.003958375969316363
68.34,0.003685522913805639
68.4,0.004661003791474605
68.42,0.003689562994361628
68.44,0.003887120928438792
68.48,0.0033421897037072545
68.54,0.0038511579262362483
68.58,0.006338425991283203
68.58,0.00399658106157319
68.58,0.003091955709378813
68.58,0.0034417105033407447
68.6,0.004486985007164823
68.6,0.004478524104317594
68.6,0.004125325010246206
68.6,0.0034603839111178036
68.6,0.004702004292168049
68.64,0.004204957848190749
68.68,0.004311027827966218
68.68,0.004205629335037653
68.74,0.0033065961017717527
68.74,0.008206586945394001
68.74,0.0028398076358220337
68.84,0.003577852174380003
68.86,0.004055166189529613
68.88,0.0032786341207643455
68.88,0.0029726428882012046
68.94,0.003091155360985254
68.96,0.002657328896060629
69.0,0.003194686352312015
69.02,0.002986441569942433
69.02,0.0036266985599695545
69.04,0.004608307858509186
69.06,0.004410938681801646
69.08,0.006486258097457842
69.08,0.003019752926697983
69.1,0.004715336977799578
69.1,0.003647375532409236
69.16,0.003668170668869597
69.2,0.003312847278222786
69.22,0.004310554414436174
69.24,0.004127767653026249
69.26,0.005912734605821979
69.26,0.0041701870655611595
69.28,0.0034030988502413706
69.32,0.003547244964590024
69.36,0.003042776558690452
69.38,0.0035567997734804457
69.38,0.0034279961628538302
69.4,0.002757665028021994
69.4,0.003353165875670805
69.44,0.0033345009808829484
69.46,0.004713140212049605
69.48,0.003972658695693965
69.48,0.003540690149937964
69.48,0.003985519365950374
69.5,0.006132899747230636
69.5,0.004012610970619224
69.54,0.0033578693349771704
69.56,0.0030231375129120552
69.56,0.003867085910534418
69.58,0.004495464398853177
69.64,0.004222403371191952
69.66,0.003543761083801611
69.66,0.004165208962993994
69.68,0.0037507883703797873
69.7,0.0042547943688115986
69.74,0.0033494239888444133
69.76,0.002923657418042347
69.78,0.004051471744608848
69.8,0.00431861060841765
69.82,0.004459074313420963
69.82,0.003859324554425947
69.86,0.003065759880713559
69.88,0.005265343920519583
69.94,0.0035814836467583655
69.94,0.0036482920669780317
69.94,0.004458858134562038
69.98,0.004770266944134405
69.98,0.003510399290359567
70.04,0.004126221636917782
70.1,0.003684317014645555
70.1,0.004422531697139576
70.1,0.003996171829359407
70.1,0.004045717522959236
70.1,0.003610162395183414
70.12,0.004699522592248817
70.16,0.0038472507216124052
70.2,0.0039285508177105966
70.2,0.0036240444730876176
70.26,0.0055623602941320405
70.32,0.003873702322604755
70.34,0.0026087474860891913
70.34,0.0037189741865032433
70.38,0.004421285470631253
70.42,0.0038617586354483535
70.44,0.0038705695677272445
70.44,0.0044718165484504135
70.48,0.0035078580417595706
70.5,0.00438352372104478
70.5,0.0036152536584017625
70.56,0.003348304994233997
70.56,0.002744406437112379
70.6,0.0050055377637423515
70.64,0.003552322905519989
70.64,0.003801850050081379
70.66,0.006991831532411008
70.68,0.003101292920364429
70.68,0.003455368797141034
70.7,0.0033123947708799673
70.74,0.003031580351002372
70.74,0.0030974272498389688
70.76,0.004040976676482622
70.76,0.0030674897731696182
70.78,0.004419491426524758
70.78,0.0034131290479467724
70.78,0.002770241809773588
70.8,0.0036545163070688114
70.84,0.003298141697625989
70.86,0.003630251053947209
70.88,0.004540503328930412
70.88,0.0027284253078025955
70.88,0.0032712877421300357
70.96,0.0032375752913398337
70.98,0.003535040140774437
71.08,0.004503067519773585
71.08,0.003634581310216989
71.1,0.0032004408710876175
71.16,0.003998796932873638
71.16,0.004226039308632634
71.26,0.0030442042018563598
71.32,0.0035931654977715555
71.34,0.0039832473853336214
71.4,0.004143451458947567
71.42,0.0040101602565958405
71.48,0.00431274482835442
71.54,0.00455941297795337
71.58,0.003781747080609632
71.58,0.003981385657619629
71.6,0.0034951950785472308
71.62,0.004124981635498348
71.62,0.003884328256006375
71.64,0.0029164799739531677
71.66,0.0032519410402064297
71.68,0.0032178922586065806
71.68,0.006334100053529967
71.68,0.0030951221689019537
71.7,0.003409495921007366
71.72,0.0031641379584383955
71.74,0.003333249947007011
71.82,0.004509814320284966
71.82,0.003949727183454765
71.82,0.004445144394904954
71.88,0.004018912092461635
71.88,0.0030767894555991937
71.9,0.003948667280728402
71.94,0.005406409524958411
71.94,0.003695476509450568
71.98,0.0036367231996964344
72.04,0.004135227145653175
72.04,0.003576940679123175
72.06,0.003493343793264825
72.12,0.004729189977554005
72.14,0.003942620803311647
72.14,0.003713131632190003
72.16,0.0030972608238591937
72.2,0.00465771255023395
72.2,0.0038998743636492472
72.2,0.0044303893474911815
72.26,0.0033133675017972264
72.34,0.004176883929915998
72.36,0.0026572895466412394
72.48,0.005426322860970001
72.48,0.0035560242526787578
72.5,0.0039663441202564265
72.58,0.00372648568710765
72.58,0.0029648617241128106
72.64,0.003106994979569011
72.66,0.0037985059032872304
72.7,0.006035646290612151
72.7,0.0036453789085429955
72.7,0.0033256128115536354
72.74,0.00299034836835399
72.76,0.003498161436853442
72.78,0.0038377810362095754
72.8,0.004018714644058008
72.8,0.0038243517547178474
72.8,0.003445425334031582
72.82,0.0034204754047003627
72.82,0.0030982532869355817
72.82,0.003804801695414417
72.84,0.003760297184403627
72.84,0.0030867770603771882
72.94,0.00419808519404119
72.96,0.003726698205557377
72.96,0.0029356169474231697
73.02,0.0027385561051546103
73.04,0.0057332680361428245
73.04,0.003468462625649593
73.06,0.003126912110377633
73.06,0.004085945814950032
73.1,0.0037149046553479614
73.12,0.003831072927681367
73.12,0.0033754227343008036
73.16,0.003949521732850014
