time (s),contrast
,
0.02,0.005479369913662047
0.02,0.004769708897605196
0.02,0.003994745645291786
0.02,0.004619633547849555
0.04,0.004274462604958784
0.04,0.004013919549493594
0.06,0.0038460514985133587
0.08,0.004489086653668206
0.08,0.0040605706795375784
0.08,0.004152389007376356
0.1,0.0041850833662739895
0.12,0.0047714849757724
0.12,0.0042320404749436324
0.12,0.0039895293967754375
0.14,0.0037790964006280126
0.18,0.004205213844275968
0.2,0.004060075097606974
0.2,0.003971895847336815
0.2,0.0038952719019111903
0.22,0.003954104294442429
0.24,0.004039212424801986
0.26,0.004097370768567643
0.26,0.006291018038808827
0.28,0.00434819227381722
0.3,0.005179823228913638
0.3,0.0036378335120960115
0.3,0.00362477318592358
0.3,0.005208063270733199
0.32,0.004175915995151991
0.32,0.0038930061971299557
0.34,0.004131105871801655
0.34,0.004660274177937795
0.36,0.004659317038705146
0.4,0.0045413072928032205
0.4,0.005096629364819361
0.42,0.004115178356985605
0.42,0.003961373293764003
0.42,0.0037684034059531912
0.42,0.005728848067061976
0.44,0.004071134092129225
0.44,0.0037141173448316245
0.44,0.004373535979115606
0.44,0.004682432833402639
0.46,0.005305121716372763
0.5,0.00496198350284438
0.5,0.0036852416881576477
0.5,0.0038011332794803954
0.52,0.004651226307208156
0.54,0.004356795201659547
0.54,0.004247757053582046
0.54,0.0037586531154946146
0.56,0.004079252589580751
0.56,0.00386126336369641
0.56,0.0037827203559800404
0.56,0.0041185051370498105
0.58,0.004822803063632364
0.58,0.004607036170677592
0.58,0.0035829982800583693
0.6,0.003803902555827632
0.62,0.004108958393153173
0.62,0.004050022192784608
0.64,0.009415913899254003
0.64,0.0035360561766816234
0.64,0.006601418214067789
0.64,0.004414274807161833
0.64,0.00378872146388598
0.66,0.004978079872915653
0.66,0.004929801267840372
0.66,0.003720694967176974
0.66,0.003954878577204779
0.7,0.003505712466120414
0.72,0.0038364728384954194
0.74,0.0037726162658732187
0.74,0.003287819120495805
0.8,0.004308680614501181
0.8,0.004372517391313391
0.84,0.005009921960569597
0.84,0.00431390185869962
0.84,0.0040718373475907566
0.84,0.004303715864577229
0.86,0.004063681584467238
0.86,0.003384113861729432
0.86,0.003730486457605986
0.88,0.004038277943946178
0.94,0.0034703835484195533
0.94,0.004001132922741624
0.96,0.004441914194230345
0.96,0.0035791365524577845
0.98,0.005107793119446646
0.98,0.007742665033666052
1.0,0.004098546820543225
1.0,0.0045176460683371555
1.04,0.0047489911559603915
1.04,0.003147660098616445
1.06,0.00326047254944839
1.06,0.004903404267847633
1.06,0.0031284945884948456
1.06,0.003790392083159233
1.08,0.003585738452257181
1.1,0.003955132763936553
1.1,0.0032012476584512006
1.1,0.004672554493376557
1.12,0.0037659288280323944
1.12,0.004816544741622852
1.14,0.00417732603584775
1.14,0.0031026290034612547
1.16,0.004356745479155211
1.16,0.003682135736634784
1.16,0.0035627950866280456
1.18,0.003865001427546755
1.18,0.004389280967490583
1.18,0.008679648040601173
1.18,0.004071617895013202
1.2,0.0036244287336320014
1.22,0.004509103004123216
1.22,0.0035622769662772003
1.22,0.004416635094921184
1.26,0.004308418459461616
1.26,0.005129610510125393
1.26,0.004668708445796033
1.3,0.00407948092044963
1.3,0.0043576004422729575
1.32,0.004096864806082956
1.34,0.008328436631370839
1.34,0.005219727520118345
1.36,0.004031893378998008
1.38,0.004482801245084822
1.38,0.004031768323654372
1.4,0.006120318026900606
1.4,0.004353070438101181
1.42,0.003480598928973233
1.42,0.0041086303940356395
1.42,0.00458910687956382
1.44,0.0045925185100241794
1.46,0.007326259692231996
1.46,0.006450966053122009
1.46,0.004174281689428017
1.5,0.009862764188148798
1.5,0.0038842165305471577
1.5,0.003966873512362357
1.5,0.006406748675387153
1.52,0.004007330725886771
1.54,0.0032770334329691453
1.56,0.005330045887210422
1.56,0.004046332642826833
1.56,0.0038553243510004442
1.58,0.0036099514310660163
1.6,0.0039412713451632
1.6,0.0034015487425106405
1.62,0.004452142227360012
1.66,0.006824737941812042
1.66,0.0037724078456495835
1.66,0.0036186170266659934
1.66,0.003986106825277225
1.68,0.0037614452506747886
1.68,0.004401324947623797
1.68,0.0036814549873950275
1.72,0.00445898073354023
1.74,0.0031889759887061553
1.76,0.00455296895020596
1.76,0.004263271736643981
1.8,0.0037631259595696243
1.86,0.00760782896396317
1.86,0.00468173154673901
1.86,0.004946955364922179
1.86,0.0035885881264188235
1.88,0.0034727917860788438
1.92,0.005007740367347191
1.92,0.004163483923735223
1.92,0.004414139817958351
1.92,0.003935147282233209
1.92,0.004221889003653612
1.92,0.00391319037853477
1.92,0.003938125348657562
1.94,0.00404198620389995
1.94,0.0045274288630408055
1.94,0.0035179414213444282
1.96,0.004820020413055182
1.98,0.0042073447816636245
2.0,0.0044249734127072005
2.0,0.004260476708124572
2.0,0.004338534163885632
2.04,0.003089121206313772
2.04,0.003558057972465223
2.06,0.007108845224250593
2.06,0.0038521067000768516
2.08,0.004451701013474807
2.08,0.004350715746326839
2.08,0.003582214886765245
2.08,0.003925136987864786
2.1,0.005304563538692353
2.12,0.004574223248940412
2.14,0.0049744750091635925
2.14,0.003974857704405976
2.16,0.0035104693000947984
2.16,0.005374787574660811
2.18,0.0089398347718056
2.18,0.00341266812856722
2.22,0.006770145213564005
2.22,0.0035927944756060093
2.22,0.004777259968831604
2.24,0.004274629807797803
2.26,0.0040852027473964325
2.26,0.003983933479045576
2.28,0.008507998396106387
2.3,0.0048962209932947864
2.32,0.004459120862143839
2.34,0.004582679777191623
2.36,0.003963989952900371
2.4,0.004138137134266806
2.4,0.004384892637707805
2.42,0.0033943775958568123
2.42,0.005344029498367986
2.44,0.0034287696887059793
2.46,0.005734681758925997
2.46,0.002998894039200173
2.46,0.004427579860444619
2.46,0.004257796612793241
2.5,0.003027728370779359
2.52,0.006617104815261787
2.52,0.003579358080260442
2.54,0.004044675148110577
2.54,0.0034135924975567944
2.56,0.004173964685490028
2.56,0.004166011091325972
2.56,0.00407352710648623
2.56,0.004140735529466033
2.56,0.004046492566726845
2.58,0.005314248830149415
2.58,0.005288542760895187
2.6,0.0034579979505859892
2.62,0.004176585173001013
2.62,0.0041986973844529984
2.62,0.004174192876127414
2.64,0.010828613244204588
2.64,0.00394464047918619
2.64,0.0033079808105429542
2.64,0.003100987366428054
2.7,0.003744021169030609
2.7,0.003917360492890376
2.7,0.005064528801486556
2.72,0.004062052199921173
2.72,0.0033711003014356145
2.74,0.004439981487343814
2.74,0.00518885909400435
2.76,0.004598912022670043
2.78,0.0033207618298771724
2.8,0.003983426855874828
2.82,0.005006792818436412
2.86,0.004144586389731253
2.88,0.003930965055990554
2.9,0.002657635953970394
2.9,0.0035749090641887804
2.92,0.003344251241566787
2.96,0.006219255662485601
2.96,0.004474810210453151
2.98,0.0036715449152764368
3.0,0.003930843238251547
3.0,0.004618984181016028
3.0,0.003848031284981235
3.0,0.0036918268491011874
3.0,0.004031852465253394
3.0,0.004387927515552947
3.02,0.008632807119726027
3.02,0.004493518041440048
3.02,0.004399288856224759
3.02,0.004684944405581426
3.04,0.004851208982690758
3.04,0.003733214110191563
3.06,0.0047162282882428075
3.08,0.003929691495701437
3.1,0.0038595163164534263
3.1,0.007002629048660003
3.1,0.004077016593633576
3.1,0.004434135279103968
3.12,0.01059698476754678
3.12,0.0039400682045311886
3.14,0.004505482162525998
3.22,0.004573033936129622
3.22,0.00546255359244896
3.24,0.0038187746921155563
3.24,0.004206146773889197
3.26,0.004014663052016365
3.26,0.004766682683191248
3.3,0.004184055207769655
3.3,0.0035007443069113853
3.3,0.0036538233287569666
3.32,0.005720772128058438
3.32,0.003923136004293171
3.32,0.004149564572619835
3.32,0.006566985098322431
3.34,0.004314831322638435
3.36,0.003955470897910374
3.36,0.0038833670862640224
3.36,0.004003814238334402
3.36,0.004444367308328756
3.38,0.0038617924458625996
3.38,0.003953703572695977
3.4,0.003628956721677623
3.4,0.003678519631518218
3.42,0.004099822054608349
3.42,0.0040867036965736014
3.46,0.003934633411989186
3.46,0.004497387318737611
3.48,0.0036686042163676102
3.48,0.004236887397499167
3.52,0.0036894556975304305
3.54,0.0044633599287156045
3.56,0.0048535684250200495
3.56,0.003418596429824561
3.56,0.0029699267737484103
3.56,0.003929403729327152
3.56,0.004308049822674853
3.58,0.004877200757351652
3.58,0.0042378039202487505
3.6,0.00455404139165283
3.6,0.004247834168993436
3.62,0.00455626253308683
3.62,0.0038780463009862043
3.62,0.003743948246750395
3.64,0.0036502040282252457
3.64,0.006228810050349587
3.68,0.0029107172284343896
3.7,0.0033517993702879556
3.72,0.003930623217013207
3.74,0.0035093754298651803
3.74,0.0031745472935381658
3.76,0.004708453120178424
3.8,0.004454620637530438
3.82,0.004380461079219411
3.86,0.00476858039661765
3.86,0.0035185894405501683
3.86,0.014002300966911352
3.88,0.0062391359797123735
3.88,0.003681666152619556
3.88,0.007235954017496771
3.88,0.003857518283288397
3.9,0.003336245490400791
3.92,0.011131631026613187
3.92,0.004097691019884775
3.96,0.0038747515747371564
3.96,0.00443959709268138
4.0,0.004320299547846185
4.0,0.003918332753074183
4.0,0.0036188125222675893
4.02,0.004870684624797228
4.02,0.0038202809835892193
4.04,0.004213343467154629
4.08,0.003948320751602008
4.08,0.004442235861714772
4.12,0.008219995105670841
4.12,0.005118367137593172
4.12,0.0042328613406303894
4.14,0.005831513607232441
4.18,0.0036494790182968195
4.2,0.00398883881333123
4.2,0.0076061359795277506
4.2,0.00455118736848481
4.2,0.003909935270799414
4.2,0.003141122248680017
4.22,0.003782415063492417
4.24,0.005100408176522242
4.24,0.00395578672593877
4.24,0.0044981827747048175
4.26,0.01015144962733161
4.28,0.005154289464961548
4.3,0.004451475426592633
4.3,0.004404525660677172
4.32,0.00470407092524916
4.32,0.003509642635679655
4.32,0.005063225378416747
4.32,0.004508450394025365
4.34,0.004286039844776379
4.34,0.004301021124488602
4.4,0.003648701391960829
4.4,0.003494255180759187
4.42,0.004033725683170952
4.44,0.004045458450156358
4.44,0.004181176608930026
4.46,0.003900095448898022
4.46,0.002946219939181205
4.46,0.004384573932686209
4.5,0.003032459225062012
4.5,0.0042628087385088165
4.52,0.005671184124114603
4.54,0.004151029160902375
4.56,0.0034121788908330064
4.56,0.0031480843443841833
4.58,0.004750014207089648
4.58,0.0039157387450790004
4.6,0.003858592605674227
4.64,0.007378647638856428
4.64,0.003684932898557758
4.64,0.0033206546624295896
4.66,0.004069669100612794
4.66,0.006459878418387577
4.68,0.0032800755805492132
4.68,0.0040640050309348474
4.7,0.005208226483076395
4.7,0.004415131892413604
4.7,0.003701728247945235
4.72,0.0036891021050684536
4.72,0.0053866021222948035
4.72,0.004139487530517627
4.72,0.004614636073241196
4.72,0.004267722002442853
4.72,0.0045855219898623956
4.74,0.004538174407157647
4.74,0.003129642215836448
4.76,0.004354093309561158
4.8,0.0039033225405378236
4.8,0.0027274123587623933
4.82,0.003873955242222782
4.82,0.0037950659831943456
4.82,0.0045316887294047925
4.84,0.0043610332619403724
4.84,0.004589614532988784
4.86,0.0048657947225343445
4.86,0.004016853361107575
4.88,0.0037991436045223814
4.9,0.004425363405409555
4.9,0.003505286860774004
4.9,0.0042704320133202245
4.92,0.004247089920574432
4.94,0.003338193858975602
4.94,0.00413768343305998
4.96,0.005036710780494391
4.96,0.005315497094198429
4.98,0.00381527591223485
4.98,0.004481726864162372
5.0,0.007195210823035647
5.0,0.004347908754803953
5.0,0.00490145388485641
5.02,0.004899095457233993
5.04,0.004723276135276788
5.08,0.003485955113291972
5.08,0.004387728208340436
5.1,0.010464827050989833
5.1,0.00427586762253962
5.1,0.004468768745854779
5.1,0.004417365731353651
5.12,0.006095455529399052
5.12,0.007877769726984951
5.12,0.004852483038324751
5.16,0.00469627194681943
5.16,0.004426400489700777
5.16,0.003505723306574615
5.18,0.003988923725058768
5.18,0.004346954531257996
5.22,0.0053113478964920136
5.22,0.0047336375374940065
5.24,0.003878310568847576
5.26,0.0030385148717931854
5.26,0.006780468392663552
5.28,0.004102139005733196
5.32,0.0050710766437578325
5.34,0.0045957168518632185
5.36,0.004564267007596379
5.36,0.004038189674030579
5.4,0.004196439371333849
5.42,0.003853334229940053
5.44,0.004505940758380844
5.46,0.004110784988843763
5.46,0.0038678804774128217
5.48,0.004087851317918445
5.48,0.004142221981004224
5.5,0.004424904695879972
5.5,0.003720164536944015
5.56,0.003767803279062787
5.56,0.003426571539731027
5.56,0.002729034375861583
5.58,0.0036200905673555717
5.6,0.00380292792649084
5.6,0.004175597826451605
5.6,0.0030484900283711536
5.64,0.004150832288125628
5.66,0.0040953821300273585
5.66,0.0036286425319526083
5.68,0.0036427840945472134
5.68,0.0034799554586484316
5.7,0.003362561071504011
5.7,0.00386685542185905
5.72,0.003589799462575649
5.72,0.004082178045349161
5.72,0.004490820435083975
5.74,0.0038805838867261855
5.76,0.0042817117768048085
5.78,0.0032877308793860527
5.8,0.0036043278281071567
5.8,0.007142667503078792
5.8,0.004357630704210802
5.8,0.004718615132455195
5.8,0.00324183245252041
5.84,0.003713849232818811
5.86,0.004200764914201849
5.86,0.0038830880263583945
5.9,0.004549536384714781
5.9,0.003575697090250407
5.92,0.004373909881314031
5.92,0.004573847190368352
5.94,0.003756374159490372
5.94,0.003859788406998965
5.96,0.00288774160687022
5.96,0.003870126307223609
5.98,0.0038693730110833657
5.98,0.004469777026468447
6.0,0.0041239686760371486
6.0,0.003346234770696843
6.02,0.004059937396603042
6.04,0.0036583958994571564
6.04,0.002791233125026382
6.06,0.003715924990743358
6.08,0.0048075999051063745
6.08,0.003818939036858371
6.1,0.0033987626611408084
6.1,0.00393779904099123
6.12,0.0037382839604398477
6.14,0.003742076091709623
6.16,0.004412388063466222
6.18,0.007221005579982176
6.18,0.0033085171327466023
6.2,0.003385546736640821
6.22,0.00444415904717399
6.22,0.004234918139521593
6.26,0.010922047043587568
6.26,0.002926237964052003
6.26,0.005061572666478442
6.28,0.00416974697935002
6.28,0.0028477353805228534
6.28,0.003921571157268766
6.28,0.004143096475666352
6.28,0.004791914477750847
6.3,0.0035722675499751944
6.3,0.004814301395032805
6.3,0.0038305827766688116
6.32,0.004415152289613644
6.32,0.0036009936637262374
6.32,0.004058472250193845
6.34,0.004507641383259986
6.34,0.0044429491300141954
6.34,0.004888054344009407
6.34,0.0036462317564618374
6.34,0.004079409894417241
6.34,0.004182019081565569
6.36,0.004174887005485628
6.38,0.003621934743884392
6.38,0.007009740874517223
6.42,0.004836343016369149
6.42,0.00415393056544755
6.44,0.004525684601528579
6.46,0.0044122027517311535
6.5,0.00619850649329079
6.56,0.003899239185816805
6.56,0.003833406766755587
6.58,0.0036299031613068466
6.58,0.004208619988853024
6.6,0.004096871548050052
6.6,0.003623954246176786
6.6,0.003451193102893213
6.62,0.004153974360217028
6.62,0.002962811060702397
6.62,0.004237574780676434
6.64,0.0034585194451893786
6.66,0.004730410238684035
6.7,0.0035972220761454343
6.7,0.003638186625052775
6.7,0.0033922923286834328
6.72,0.0032273159959678166
6.72,0.004109668888907181
6.72,0.005358579213367021
6.72,0.003863209889986008
6.72,0.003983291674009237
6.74,0.004334838726814838
6.74,0.004172955030571246
6.74,0.004833835817779963
6.76,0.003562370026681805
6.76,0.004259033039058391
6.78,0.004107174993213225
6.78,0.004208406582337565
6.8,0.003374493092924591
6.8,0.007283192250013393
6.8,0.00444430760616521
6.82,0.003933739699495176
6.82,0.005296653149829189
6.82,0.004168921265055192
6.82,0.00435047835828839
6.82,0.004122549451168411
6.86,0.0031337436390227458
6.86,0.004223270747864438
6.86,0.003742358880990393
6.88,0.003969924639533162
6.88,0.006104341180590223
6.9,0.003168705635664626
6.9,0.0035626326036095612
6.9,0.004045130418955045
6.9,0.004217403523937957
6.92,0.004391214056612802
6.92,0.0034690827867466245
6.94,0.004268798425888565
6.96,0.003995086989401209
6.96,0.004062533714902172
6.96,0.0047759225747455725
6.96,0.0046472265832171455
7.02,0.0036786900037597547
7.06,0.004112026526507995
7.06,0.003544294397394787
7.1,0.0036797346447126067
7.1,0.004887175920477049
7.1,0.003884210248033204
7.12,0.004023467663799241
7.14,0.004322531353733172
7.14,0.003897628736454384
7.14,0.004380726424562997
7.16,0.003344892606493177
7.2,0.007289950156804781
7.2,0.0040238814915062315
7.2,0.0049953608802714156
7.2,0.004612839958096027
7.2,0.00439198936255325
7.2,0.004013104263303813
7.2,0.003874204417079641
7.22,0.00439743260141956
7.28,0.004377472545290417
7.28,0.003031741753507178
7.3,0.004402204125248832
7.3,0.004970576117606762
7.3,0.003979251635940373
7.32,0.007677236363037188
7.32,0.004019373880963184
7.34,0.003944912795299627
7.38,0.003603510867685178
7.38,0.0036414334245453706
7.38,0.0032530302401185818
7.4,0.004120842915657952
7.4,0.003555093804683551
7.4,0.004008486976005199
7.42,0.006856298908533565
7.44,0.0034745012251595764
7.46,0.004611162169196437
7.46,0.0037410270875180007
7.46,0.003022532697913194
7.48,0.007386509542676167
7.48,0.003808797186111046
7.48,0.0043606615983123875
7.48,0.004675344579849194
7.48,0.0045462578351912475
7.5,0.0035400924780476517
7.5,0.0032509112790332084
7.52,0.004035917010156598
7.54,0.0037876323575836146
7.56,0.0036873273441564436
7.56,0.0055606008000731455
7.56,0.00440475849649824
7.58,0.003935435404661236
7.6,0.004093761746657987
7.62,0.0042663616749671895
7.62,0.0034759256371286185
7.64,0.01108297729590435
7.68,0.0037131006722621596
7.68,0.004248556879441812
7.68,0.0041794491383482235
7.68,0.004081844913671362
7.7,0.004434533006716035
7.7,0.0043566648373012384
7.72,0.0033760254600080364
7.76,0.0033688435996059862
7.76,0.004135247026067601
7.78,0.0034229764678788133
7.78,0.0028451472548928214
7.82,0.0032214771957449484
7.86,0.003668947093418029
7.86,0.0034319158987211607
7.88,0.004664249672695409
7.9,0.003724018141989971
7.9,0.003361328186040402
7.92,0.008432306495566588
7.92,0.0038301935275394383
7.94,0.0026829846812631564
7.96,0.0038258759043225954
7.96,0.004067750268845205
7.96,0.00392487645998163
7.96,0.0038499576394648294
7.98,0.0034692141886389916
8.0,0.002923232526353625
8.0,0.0028561613301644195
8.02,0.0037584155283787446
8.04,0.003145003068867225
8.06,0.004484961639974805
8.08,0.0036040260689451653
8.08,0.0027561151970035835
8.1,0.004805824165175165
8.1,0.0038306374177288216
8.14,0.003926603891285629
8.14,0.0044546905899216505
8.14,0.004498496648523975
8.18,0.0046053806309663825
8.2,0.00460475008308181
8.2,0.003876668666384586
8.22,0.0038413440298151746
8.22,0.004653267276047646
8.26,0.0041523334443236415
8.26,0.0037641792281960518
8.26,0.003500542356954961
8.28,0.003692071728240376
8.28,0.00432059219500458
8.28,0.0038727097482216255
8.3,0.003787422519127448
8.3,0.003552493685095026
8.32,0.004963632374532012
8.32,0.004560152139113982
8.34,0.004169806026809164
8.34,0.003929873497338421
8.34,0.0038729778701047657
8.34,0.0033124866149607524
8.34,0.0036654649322062083
8.36,0.004386173339214983
8.36,0.0035906751353131927
8.36,0.0037226052238884533
8.38,0.0033822126774634143
8.38,0.003091782966052392
8.4,0.0037299467769783545
8.4,0.003960735408475968
8.42,0.004279006490384818
8.46,0.0043405519514270186
8.48,0.005047935292869621
8.48,0.00428237813853638
8.5,0.004498298557862768
8.5,0.0043577530393228425
8.5,0.0033400895211134207
8.52,0.004219382623079637
8.52,0.004236309051297238
8.52,0.002954194231560403
8.54,0.00669185393763716
8.54,0.007975194857362422
8.56,0.00563202777910643
8.58,0.005769888846981153
8.6,0.004769013098480213
8.62,0.0033746261675765554
8.62,0.004145568242076791
8.64,0.004043753721103216
8.66,0.007068143559133655
8.66,0.0038505363633579703
8.7,0.0038475213487190185
8.74,0.00425756992668902
8.74,0.00667591510090515
8.76,0.004654273098867567
8.76,0.004366626025946618
8.76,0.003938911132756795
8.76,0.004649410539692589
8.78,0.0038313111905567965
8.82,0.004965227684089024
8.82,0.0031846299947437817
8.84,0.0038189322496080536
8.86,0.0030853320999417733
8.86,0.007329089748383977
8.86,0.0033921333552952015
8.88,0.008266429726219826
8.88,0.003916737624472755
8.9,0.004234593598710368
8.92,0.004121922424944802
8.92,0.0035700241754660356
8.98,0.004027518849874845
9.0,0.004399770897953625
9.0,0.004104445008438762
9.0,0.004230146050513639
9.0,0.004287334111872765
9.04,0.004412203439134399
9.08,0.004599328672810432
9.08,0.00388958459141564
9.12,0.00332334587360561
9.12,0.0031452853575617556
9.12,0.004416648217592245
9.12,0.003733369191333047
9.14,0.003912996062281238
9.14,0.004262884069301975
9.18,0.004342183322580628
9.18,0.003388738035380645
9.18,0.0038009469102684434
9.22,0.00379085293979875
9.26,0.003776170142170021
9.26,0.004414039814205628
9.28,0.0036018944445079804
9.3,0.003249374667458005
9.3,0.004109841766562039
9.3,0.004213601592048977
9.32,0.006916082576275628
9.36,0.0036927389788879994
9.42,0.0069213853335320374
9.44,0.0046214772392794146
9.44,0.008324020928135778
9.46,0.004785538929075961
9.46,0.008214973155965644
9.48,0.004435384500765194
9.48,0.0033659609550171776
9.48,0.004079972605640747
9.48,0.006533698499912588
9.48,0.004601123618276359
9.48,0.003431636936022775
9.5,0.003505374299054398
9.52,0.003546892308479599
9.52,0.004027006232109609
9.58,0.007411594758332973
9.58,0.006906506377635568
9.58,0.004225233106873838
9.58,0.0040960549018039805
9.6,0.005947716367158407
9.6,0.004182997282075385
9.6,0.003550736606749205
9.64,0.0044149426743470555
9.64,0.004952892305248979
9.64,0.005724345385896612
9.64,0.00461714024689075
9.64,0.004080585562961203
9.66,0.004218192576470603
9.66,0.004504038550713796
9.68,0.0039323264176911454
9.7,0.004619833122979755
9.72,0.004518494691819197
9.72,0.004802349936159245
9.74,0.00616479586742158
9.74,0.0043787119524008045
9.76,0.004455110019196851
9.76,0.0036228861629772346
9.78,0.006781905247330355
9.78,0.0035407780323771787
9.78,0.0035973778621364305
9.8,0.0036523639265010344
9.8,0.003334410928482412
9.8,0.0038888014226418077
9.8,0.004892342823852425
9.8,0.004790406784536239
9.86,0.003670893739171177
9.86,0.0035691266477407835
9.86,0.003330766825335618
9.88,0.0037751984214680068
9.9,0.0034795263135567467
9.9,0.003984733450920763
9.92,0.0034409214196795546
9.94,0.004618797960237564
9.94,0.0038466663221013997
9.94,0.004094115593462955
9.96,0.004088884661405001
9.96,0.00380099102596243
10.0,0.006314927957160377
10.0,0.004567215176712436
10.02,0.003637066686191237
10.02,0.003244622827502597
10.04,0.003869051496562581
10.04,0.00399329930110881
10.04,0.004790626090351413
10.06,0.0039426395986672524
10.06,0.00926843271512845
10.08,0.0036573132129139596
10.08,0.004465420785373819
10.08,0.004097897591516797
10.12,0.0038189152994831943
10.16,0.004936546009533638
10.18,0.005128726702615993
10.18,0.0035300724832287855
10.18,0.007230782641282407
10.18,0.0044103722320072425
10.2,0.004359782434643633
10.22,0.004250097537691788
10.24,0.007087052145562156
10.24,0.0047708926648551975
10.26,0.004115125406011555
10.26,0.004847394665001614
10.3,0.003338679560777602
10.34,0.0037127108615674365
10.34,0.007233815343925976
10.38,0.0038989979539032493
10.48,0.003803355424303212
10.48,0.003623573078122
10.48,0.0044116192625750505
10.5,0.003967102930470978
10.5,0.003875463488016151
10.5,0.0036892228156275575
10.5,0.003917639902220826
10.52,0.004419823445167559
10.52,0.0048964920666504375
10.54,0.004447123148959564
10.54,0.004771363650281191
10.56,0.00473817468721438
10.58,0.004160546378449648
10.6,0.003369069519828405
10.64,0.007705205974504414
10.66,0.0037377503529973932
10.66,0.0035460157013064153
10.66,0.0034893142186039894
10.66,0.004052124261986423
10.68,0.004568636686370753
10.68,0.003947749123569766
10.7,0.004750899690509569
10.7,0.0037647890839236364
10.72,0.003635985453938395
10.74,0.0031407701979876412
10.74,0.0032904802549488243
10.76,0.0040017610395362
10.76,0.003936748450568017
10.76,0.004577480217983654
10.78,0.007538745384810808
10.78,0.00477064764886681
10.78,0.004022326828018841
10.8,0.0069480156103783886
10.8,0.0036977749955819927
10.82,0.003482487299147574
10.84,0.0037713034922696176
10.84,0.004439487422156052
10.86,0.004063943093829625
10.86,0.004196541252595054
10.9,0.003836554954444238
10.9,0.004025129706425212
10.92,0.003963556913827437
10.94,0.006394105138471051
10.94,0.004098995026550978
10.94,0.003922344842552383
10.94,0.0038939707717497996
10.94,0.004318591095497593
10.98,0.0038146561993982475
10.98,0.0046141670064445695
11.0,0.004086962262171645
11.02,0.004175262652869605
11.02,0.005860227068864243
11.02,0.0036705189008762185
11.02,0.004070720509636416
11.04,0.006575041014060812
11.04,0.004809476195260398
11.04,0.0046893442923310324
11.04,0.0043369566775945945
11.06,0.00435380404979635
11.08,0.0033829995955731995
11.1,0.004504964352472829
11.1,0.004496285949420198
11.12,0.004326560733194373
11.14,0.004360735109446012
11.14,0.005644725057933009
11.16,0.00307586635874435
11.16,0.003294794921110844
11.18,0.0035852415484588507
11.2,0.0038297525170022384
11.22,0.004682264093048838
11.22,0.003975884920898398
11.24,0.003877966314458803
11.26,0.004002137686342833
11.34,0.003852153230322397
11.34,0.004030988056618834
11.36,0.004171977034028829
11.38,0.0035827395913812232
11.38,0.004045249654461847
11.38,0.003815567329812808
11.4,0.003594956640304181
11.4,0.0041047861096914495
11.4,0.0028660416594620264
11.42,0.0040483404521638455
11.42,0.007909643869337013
11.44,0.003558463683819957
11.44,0.0040716376574914115
11.5,0.004245541568172029
11.5,0.004155310577742766
11.56,0.004178979343162248
11.58,0.005109458342991813
11.6,0.0032238232246980525
11.6,0.004149234945232783
11.68,0.004351263573123765
11.68,0.003874162184046015
11.7,0.004096818610645148
11.72,0.004668273519182975
11.72,0.0030905144625239522
11.76,0.0041264088045152025
11.76,0.0034564526136412477
11.78,0.0034593391879027546
11.78,0.004261461145672052
11.78,0.00369156025377837
11.82,0.0041525589982002176
11.82,0.0037624911400879757
11.84,0.003585292068326029
11.84,0.007050249917950446
11.84,0.003703007761514554
11.84,0.003907793719924779
11.86,0.004383756645337633
11.86,0.005165582504595756
11.86,0.0038823543659763926
11.86,0.0034771472724706154
11.88,0.004152768466501255
11.88,0.004198597160621653
11.88,0.004424765697404021
11.9,0.0037851503637787998
11.9,0.003801269752787384
11.9,0.004079691911655248
11.92,0.0038372691612004184
11.94,0.004694630353940021
11.94,0.004582246084468444
11.94,0.00376287597179481
11.96,0.0038433125686504477
11.96,0.0034478096257294366
11.98,0.004462741308572049
12.0,0.0039693722250614405
12.02,0.007147049254023208
12.04,0.00356674621489661
12.04,0.0038167611791199985
12.08,0.0038494959117467697
12.12,0.00552019416311722
12.12,0.0034730413590123854
12.12,0.006650746132291996
12.16,0.003964569613267632
12.16,0.004105883055101178
12.18,0.004964877750184837
12.2,0.0036230916805147784
12.22,0.004132387106943636
12.24,0.005552079093994244
12.26,0.003848298781051196
12.34,0.008166630871207836
12.36,0.0074071800929288445
12.4,0.0037561255127251947
12.4,0.006354559443044194
12.42,0.0031553244410224
12.42,0.0038350567924579915
12.44,0.00432103751853119
12.48,0.004107827129179564
12.48,0.003952818724006435
12.5,0.008458552529756025
12.52,0.004830735894419957
12.52,0.003238969238849032
12.56,0.0037428806015932237
12.58,0.0036668561548698353
12.58,0.0037115944640597753
12.6,0.0043762300161516166
12.64,0.004275759492410769
12.66,0.0036004630518445824
12.68,0.006503875984073204
12.74,0.003937158758383963
12.76,0.003997576049439178
12.76,0.0031247443516948525
12.78,0.004655315973003171
12.78,0.00393066915771878
12.78,0.00291932375437276
12.82,0.0035385720321053915
12.82,0.0038958017639841858
12.84,0.007963940640538958
12.84,0.003987649538850446
12.86,0.004021028932326809
12.86,0.003640710207721165
12.86,0.004481135225462229
12.86,0.004222834249292817
12.88,0.00449753567204958
12.88,0.0039500010252867535
12.88,0.003965777592114361
12.88,0.004541572445392772
12.92,0.004478504730522026
12.96,0.0035148385502745683
12.96,0.004756203495159372
12.96,0.003860890107253767
12.96,0.00413862979588997
12.98,0.006590937068985836
12.98,0.004003473979749983
12.98,0.004488686464357183
13.0,0.003510868783072607
13.04,0.004423935058190609
13.04,0.0032545594537476408
13.06,0.003206937276219568
13.06,0.0035164679299551915
13.08,0.0028799176361712364
13.1,0.004056206025321196
13.1,0.0043180171392067646
13.14,0.008439445555793013
13.14,0.003764178181592359
13.16,0.004289703002813838
13.18,0.0038164644722403773
13.18,0.00329785503958524
13.18,0.004262682957537622
13.2,0.003591706268211814
13.2,0.007769151108203753
13.2,0.004358318708710396
13.22,0.004443141944558637
13.22,0.003656425933378782
13.24,0.004442462511161205
13.26,0.008124941971565991
13.26,0.0038890094633345917
13.26,0.004184016128955581
13.32,0.004535038076520559
13.32,0.004427463460039638
13.32,0.003675940215169593
13.34,0.00439624506107783
13.34,0.0031476455913591606
13.34,0.0034833483235867657
13.36,0.005504440585586412
13.38,0.003630350512505154
13.4,0.004273711650789047
13.4,0.0025742098112040424
13.42,0.006703447740279422
13.42,0.0037277116079036388
13.44,0.0028262352590523454
13.44,0.006350903406311614
13.5,0.0028885175932443774
13.5,0.0047220667878068445
13.52,0.004485229057186402
13.52,0.00434788951426357
13.52,0.0037704553817767827
13.52,0.003694774345283758
13.62,0.005634494174050375
13.64,0.0032504704395748263
13.68,0.003422227217691254
13.68,0.0037943079021955928
13.68,0.004482101466563582
13.72,0.004114297234096842
13.72,0.0031474128732186246
13.74,0.003926791066373947
13.74,0.0037635651118563818
13.8,0.0035546969705100295
13.82,0.0028205915356648292
13.84,0.003923325605323824
13.84,0.0052614296708234365
13.86,0.01220732832545035
13.9,0.0037667156329012075
13.92,0.00452696444105638
13.94,0.0039428406927798365
13.94,0.003683278541087631
13.96,0.0034809417385187613
14.0,0.004069083577659227
14.0,0.003926117322028411
14.04,0.0035186039666084135
14.04,0.0034085996808318475
14.08,0.0036635347046255484
14.1,0.0033564658871160225
14.12,0.003353950651714399
14.12,0.0030157145661807716
14.14,0.007221960692904372
14.16,0.003226247052154352
14.24,0.007977494253627149
14.24,0.0042396714267868285
14.26,0.004290692794673645
14.26,0.003554579563095017
14.28,0.004081030961102794
14.28,0.0045621712403626224
14.3,0.003543317501405796
14.3,0.004164567761826166
14.34,0.004329331371592193
14.36,0.005596279006309768
14.36,0.004903443572551236
14.36,0.0038070509615030224
14.38,0.004384148135233579
14.4,0.004493021936906372
14.44,0.005211195027996052
14.44,0.003922106493395194
14.46,0.0034878949054607533
14.46,0.004385777269609981
14.48,0.00335225324450239
14.48,0.0036530281942364073
14.5,0.0031053724575735853
14.5,0.0044826946187056516
14.5,0.0038253771589406016
14.52,0.0037048655263324237
14.52,0.004030966871347963
14.54,0.0032173961579915478
14.54,0.0034679562598616265
14.54,0.003334838843314647
14.58,0.003918729155712786
14.58,0.0029100292054398125
14.6,0.004135816661834046
14.62,0.004101342674779018
14.62,0.00460985971500405
14.64,0.003127434312619193
14.66,0.0039603684251964255
14.66,0.004729363283407562
14.68,0.004841172902119606
14.72,0.003691082912860799
14.72,0.003972091848909787
14.74,0.004417072852985204
14.76,0.0035654768083743793
14.82,0.004058135246320815
14.84,0.004441543582818008
14.88,0.003595334239057224
14.9,0.010996592849289222
14.9,0.0032675637503030153
14.9,0.003925668258018211
14.9,0.003726123634529621
14.9,0.003293335899530958
14.9,0.003568167348590001
14.92,0.004153534870974029
14.94,0.0036475503066192294
14.94,0.004432936393343634
14.94,0.006545302967386424
14.94,0.003909556233976819
14.96,0.0033416488695440227
14.98,0.003488408114490804
15.02,0.004235924280539427
15.02,0.004290263090080959
15.02,0.003439016480626389
15.02,0.003871753251789567
15.06,0.004383561511643208
15.06,0.003608191012709372
15.06,0.004022573871595214
15.06,0.004384458219306775
15.1,0.005078199547598361
15.16,0.004249131967204778
15.16,0.004118452124139194
15.16,0.005209117050004375
15.16,0.004408810631049809
15.2,0.0049210283166873925
15.24,0.004044726010210553
15.3,0.005809015647192828
15.32,0.0036365721654399996
15.34,0.0041016321405435985
15.34,0.0039613280816835905
15.34,0.004484648852135953
15.34,0.004054024800041023
15.36,0.005806253163672781
15.38,0.0032680746326050336
15.38,0.003858786769016853
15.38,0.004303740697192748
15.38,0.004335365650824818
15.4,0.003821516063356789
15.46,0.004962813131777155
15.5,0.003151855282240379
15.5,0.00428957071670244
15.56,0.004166255066823443
15.56,0.0043502450187079544
15.56,0.0039851249751433615
15.58,0.003683923990239646
15.6,0.005133371379520413
15.6,0.004779562768603252
15.62,0.003025656635289975
15.62,0.004141601917468041
15.66,0.003389688557911219
15.66,0.004692429385691366
15.68,0.0033317962628434117
15.68,0.004782900840717641
15.68,0.004443238132052385
15.7,0.0035223251843131687
15.7,0.004006694419212753
15.72,0.004609350700104375
15.72,0.003332316162386384
15.72,0.003488501363500429
15.72,0.004270891050499603
15.74,0.0035175798664119906
15.76,0.004032842495680589
15.78,0.004011074995386554
15.78,0.003193341772997238
15.78,0.004036126785011973
15.78,0.0035229088479543647
15.78,0.004529641014689445
15.82,0.004188624013711562
15.82,0.003965748651641565
15.84,0.004077048328931965
15.86,0.004625401602413648
15.88,0.0042123522899664145
15.88,0.0039619736407715545
15.88,0.004355834127399594
15.94,0.00501095650473482
15.98,0.0035076116196236518
15.98,0.004689728616528055
16.0,0.0045894366042263934
16.0,0.005323614751985839
16.02,0.003329031525860837
16.04,0.00376871248750299
16.1,0.0033668314666112087
16.12,0.003758040571821386
16.14,0.0039633806499845825
16.16,0.003961548385473579
16.2,0.004864916915160444
16.22,0.004696259799615965
16.22,0.003189382462503776
16.24,0.003971341082127378
16.24,0.0034753686823799645
16.24,0.004510480525445004
16.24,0.0041858173175284286
16.26,0.0033193574272192272
16.28,0.005757134382869955
16.28,0.005319700673436345
16.28,0.0034181006429879757
16.3,0.0035904856528852225
16.3,0.003303696050991789
16.32,0.004307460987569178
16.34,0.007326093376213039
16.34,0.004294730446581574
16.34,0.0036391368474969488
16.36,0.003994312849910364
16.4,0.004400182829946808
16.4,0.0043062578980588295
16.42,0.004262467085689781
16.42,0.003612193213287207
16.46,0.003449791758233789
16.46,0.004567967898610359
16.48,0.003593979134949632
16.5,0.003812770162432755
16.56,0.0035898066930255546
16.56,0.003941060146063435
16.56,0.003252846433238754
16.58,0.005225173221019008
16.58,0.004231248776948804
16.6,0.004517291176586946
16.6,0.003845882367081166
16.6,0.0038671616850568524
16.62,0.004483486888273602
16.64,0.00398084978011759
16.64,0.0037863170530949564
16.68,0.0030618105537606466
16.7,0.004049780336283448
16.7,0.003492730595959781
16.72,0.004292283209225589
16.74,0.003760551893883801
16.74,0.0045207773223452374
16.76,0.004525836976221442
16.76,0.0039829123469009575
16.78,0.004153896390783229
16.78,0.003852889956045158
16.84,0.003392375442348383
16.84,0.0033939705713678103
16.86,0.004235225831238365
16.86,0.0034690818633905662
16.88,0.003624490951709247
16.9,0.003493241744575215
16.9,0.004132301688011153
16.9,0.0035386452186280115
16.92,0.0030678192239147473
16.92,0.0034615843625828147
16.94,0.005301457197233961
16.94,0.004462243802687449
16.94,0.003875532347308752
16.96,0.004825629750589755
16.96,0.003820160870267153
16.98,0.00419436038371257
16.98,0.004749620431895196
17.0,0.002933632797873953
17.0,0.0035666594217955705
17.02,0.0042390428922289836
17.04,0.004339092054766014
17.06,0.003055865281506809
17.06,0.003751839145647251
17.1,0.0036205945936411688
17.1,0.004053349700971154
17.1,0.004690857863336562
17.1,0.0038556341758432255
17.16,0.004527799475411598
17.18,0.0023709504066675713
17.18,0.0039806519273063445
17.22,0.0036605758691480306
17.24,0.003455701275558387
17.24,0.003675377311983974
17.24,0.004141191569475233
17.26,0.003898731818810952
17.28,0.003849572323569639
17.28,0.003475765099373196
17.28,0.004060117045438183
17.28,0.003787702890245548
17.3,0.0036268117897869656
17.3,0.004293756475766797
17.3,0.003963953965880007
17.32,0.0038411170080856483
17.32,0.0045189111615675515
17.32,0.0033288088857768017
17.38,0.008007062029839251
17.4,0.003442295973982379
17.4,0.0048797321048076325
17.42,0.00324615685338725
17.44,0.0044844988916024064
17.46,0.0039120331296284006
17.46,0.0030305850380856203
17.48,0.00386284382509805
17.5,0.0044323501597084425
17.5,0.004366896321365221
17.52,0.0030248476257723755
17.54,0.008747042211846745
17.54,0.0036026332132351735
17.54,0.003554396145249994
17.56,0.004518594367134754
17.58,0.004306607049922029
17.58,0.004307649360265953
17.58,0.003547720305029145
17.6,0.004019448977993778
17.6,0.0037809094360161666
17.62,0.0036300795312251832
17.62,0.004368451898610348
17.64,0.00434436860723697
17.64,0.005703804502484422
17.66,0.006263407098177964
17.66,0.004579966357660559
17.68,0.003727051443015772
17.7,0.0034726840924818037
17.76,0.0033374117727531516
17.76,0.0042884586760487675
17.78,0.003860111231041574
17.8,0.006655225860400793
17.8,0.0038742535006468515
17.8,0.0037859438936603818
17.82,0.0033695509315976313
17.82,0.004534950797042359
17.82,0.00445903543687276
17.86,0.0037836273576520307
17.86,0.009150891708726405
17.88,0.004329768349248808
17.88,0.003667766072364964
17.88,0.003078473403850368
17.94,0.00440003645915521
17.98,0.004599255638644384
17.98,0.004102232599236588
17.98,0.0038600580234849913
18.0,0.00412910793980803
18.02,0.004464057094453189
18.06,0.003823763682277548
18.06,0.0035342413193317768
18.08,0.00324915418254057
18.08,0.004358787296694033
18.14,0.0038384251518750467
18.14,0.003810666107839644
18.18,0.0040600121690052005
18.22,0.003568282593283234
18.22,0.004545843167385155
18.28,0.004262168719793236
18.3,0.004612430586892646
18.3,0.004234938789658416
18.34,0.0037246274574356253
18.38,0.003608691465635583
18.42,0.0039028635849980287
18.42,0.004385630834599197
18.46,0.00522239184407558
18.46,0.0029010928817297943
18.48,0.004632493158304163
18.48,0.007144707567779962
18.5,0.0032543769415743773
18.5,0.003386849688464033
18.5,0.004019977638210825
18.5,0.004419894898481158
18.52,0.004687260571526242
18.54,0.003344322986885806
18.54,0.004899453400295184
18.56,0.004061478420325004
18.66,0.003878171227332028
18.66,0.00350322564902239
18.66,0.003120824336554806
18.68,0.004439560529768016
18.68,0.0037697600318897795
18.68,0.0034292670900919475
18.7,0.0037742179288907662
18.74,0.005886335073485238
18.74,0.004363570872776168
18.74,0.0037339950637231833
18.76,0.0048851101465812174
18.76,0.003699605923977556
18.78,0.004109996607119193
18.78,0.004159884218119969
18.88,0.00580403481088998
18.88,0.0040574940734737774
18.9,0.003392722366720391
18.92,0.005740952384153175
18.92,0.010204047249416037
18.94,0.003831844276233398
18.98,0.0030493504695824347
18.98,0.004810797510844345
18.98,0.004485058722330959
18.98,0.004662630325839245
18.98,0.005586905930791364
19.04,0.0038620790811924044
19.04,0.004054349234423604
19.06,0.004387273736593977
19.06,0.005448179722572832
19.08,0.004302252892315561
19.1,0.00395219144982617
19.1,0.0025599432049762116
19.12,0.0043251193218547535
19.12,0.0040890531048910495
19.14,0.006457208754884425
19.14,0.010626573687984808
19.14,0.004062852716452792
19.16,0.004092201016120844
19.18,0.0035629504236748266
19.18,0.0035846129729207865
19.18,0.004738799003378813
19.2,0.004190508366052392
19.22,0.004023205665810825
19.22,0.005044171608479253
19.24,0.00252329944118157
19.24,0.0033032189564123904
19.24,0.00449437893350757
19.26,0.003596530572373635
19.28,0.003458651234084398
19.28,0.0037107675069102397
19.3,0.004466493074014033
19.3,0.004080251073532826
19.32,0.0037009323951782136
19.32,0.003780640564753024
19.34,0.00438349136535765
19.36,0.0036675195644003677
19.36,0.003977985131919604
19.38,0.0042594806702733745
19.4,0.003401263749563843
19.42,0.0047544056737780505
19.46,0.003747843412145624
19.46,0.00444297934138016
19.52,0.003937432671940244
19.52,0.0038340560379032107
19.56,0.0055973834370421915
19.56,0.005703034698396947
19.58,0.004826176108718827
19.6,0.0037644102230364185
19.6,0.004369093944230018
19.6,0.007246905901746814
19.6,0.0032062488949752277
19.62,0.0046798469638383855
19.64,0.0037494972180711628
19.64,0.003924112461966778
19.64,0.0027760618973872164
19.7,0.003859145707447831
19.7,0.0036909668255039607
19.72,0.0038959531475878384
19.72,0.003749875377708989
19.72,0.0036734670871554354
19.72,0.004755090173106824
19.74,0.005176684820382804
19.82,0.0034803860403538334
19.84,0.0038687882231147608
19.84,0.0030607321991159564
19.84,0.0035844950963171973
19.88,0.003871719982526778
19.88,0.004604119833966025
19.88,0.00419683483064015
19.9,0.00355986353534965
19.9,0.0043661576181012185
19.9,0.0042334795251546264
19.92,0.004644821682020184
19.92,0.003770230728492363
19.92,0.004672037363103176
19.98,0.004393503682476041
19.98,0.004509293235365974
20.0,0.0038755235960740153
20.02,0.004142874392877416
20.02,0.004929638485561161
20.02,0.004371232242354028
20.04,0.0037520683055436432
20.06,0.0032324880365309783
20.08,0.004031906863201984
20.1,0.004040083186940824
20.1,0.00301408644613399
20.12,0.003965652362873606
20.12,0.004356709639393608
20.14,0.0035311988877188005
20.16,0.004493524512496405
20.18,0.004022676564105598
20.22,0.00393558808452521
20.22,0.002983439015240008
20.26,0.0046976507302559645
20.26,0.004153757263353652
20.28,0.003633670384989962
20.28,0.0039367441344188014
20.28,0.0036809184554832397
20.3,0.0031200071956052344
20.34,0.004355485561975625
20.34,0.004190465729354775
20.34,0.0043780902040163605
20.34,0.004119404122713166
20.38,0.0071498673602455876
20.38,0.0068399488068433545
20.38,0.003701448904708804
20.4,0.0044967023877580115
20.4,0.004129737557940771
20.4,0.00451374091101564
20.4,0.004240012707327989
20.42,0.003788827992582844
20.44,0.004283681755608004
20.46,0.0053743210419215925
20.48,0.004668582714491443
20.48,0.0036940879429393503
20.52,0.003356515263719162
20.52,0.009517874758640188
20.52,0.0036010073774992435
20.56,0.004254435886875574
20.56,0.004314745157145028
20.56,0.003871553122893223
20.58,0.003413393094205408
20.62,0.004368761315514225
20.64,0.003984584632133581
20.64,0.003495600372036778
20.66,0.003436623317377596
20.66,0.0031607245119208427
20.72,0.003959374210560362
20.72,0.00428450959577964
20.74,0.004356868868850783
20.74,0.009094598013024813
20.76,0.004013356066245977
20.76,0.003911100048085592
20.78,0.00404460102659121
20.78,0.0036707050028628174
20.8,0.003173087928231566
20.82,0.003868373468214781
20.82,0.004500485312256219
20.82,0.004542223309073168
20.84,0.0035159798447009782
20.86,0.003206984598511209
20.86,0.0037575628294451713
20.88,0.004477501579309373
20.88,0.0038398583944312392
20.9,0.004344280473688955
20.94,0.0037738261718369692
20.94,0.003833210156347633
20.94,0.0028174526419175727
20.94,0.0034668260386510052
20.96,0.0032656254819726227
21.04,0.004358041173574967
21.08,0.003927836860902811
21.14,0.004261322683096425
21.16,0.003913443150655227
21.24,0.004734090932776436
21.26,0.004924216318090369
21.28,0.005300694529743577
21.3,0.003596947200326772
21.32,0.004034261348591195
21.38,0.0043251387510852
21.38,0.0034364832530260347
21.4,0.004270257441959968
21.4,0.0042485727825759545
21.44,0.003608728941824846
21.48,0.0034227567547694404
21.52,0.0024972185491316523
21.54,0.00432711745849923
21.54,0.0029479629986047806
21.56,0.0037869035859295908
21.6,0.004782725891481765
21.62,0.0043036966945492194
21.64,0.00754329885607119
21.66,0.004203446585773651
21.68,0.0040539459812456435
21.7,0.004108334483417186
21.7,0.004607259666011387
21.7,0.0033420133694548326
21.7,0.0036079890270988013
21.7,0.0041199174711653574
21.72,0.00480831104016799
21.78,0.003499338871217228
21.78,0.005017745330195167
21.8,0.004166220574326807
21.82,0.0037279454144591995
21.88,0.007095723924391173
21.88,0.0036563278986212477
21.88,0.00503263595077641
21.9,0.0038637558374590153
21.92,0.0088170698140414
21.92,0.005690519197700028
21.92,0.004023929855297981
21.94,0.004098105351855952
21.94,0.0036695848678760523
21.94,0.0034524356467295902
22.0,0.005246390136275592
22.04,0.0033835677576211642
22.06,0.003822336346942401
22.08,0.004807860271267561
22.08,0.006922073749619617
22.1,0.008954464219671832
22.14,0.0051213418810439615
22.16,0.0035281672864267977
22.18,0.0041168513425879905
22.18,0.0048949486741316495
22.18,0.0038850565491655997
22.18,0.004036570469788003
22.2,0.004286339584113397
22.2,0.0029729235509835528
22.2,0.004149778177486407
22.22,0.004375810969444172
22.22,0.003574261497333975
22.24,0.003978219449171205
22.28,0.004719730003777789
22.28,0.0036429298933712273
22.3,0.004136424212790812
22.3,0.0041891035121728315
22.3,0.0043406578836672205
22.32,0.004380005030285239
22.34,0.0035893813767343685
22.38,0.002939480047972398
22.4,0.0037047868069728374
22.4,0.005373397129152413
22.42,0.0033536279993372498
22.42,0.003857382967615397
22.42,0.003877596266087635
22.44,0.003994926611847971
22.44,0.003496305023828361
22.46,0.003569209090378167
22.46,0.003586452640094384
22.46,0.004418667403399246
22.46,0.004997323710257184
22.48,0.004172292816005396
22.5,0.004563124144048802
22.52,0.004953006597053222
22.52,0.004360768512099655
22.54,0.0037765943134472346
22.54,0.0034017959671212017
22.58,0.004102495670224582
22.62,0.008145944956647222
22.62,0.0036082256434402105
22.66,0.004329907183866055
22.68,0.004202237176269996
22.7,0.004341395587985963
22.72,0.003977799385825653
22.74,0.004430649458507352
22.74,0.004765342604963196
22.78,0.0033747801256840404
22.78,0.0039515031171808435
22.8,0.00418571752099739
22.8,0.0028610425714465926
22.82,0.007860002271722455
22.84,0.004596122115904766
22.84,0.005149257853805045
22.86,0.0041886815066704
22.88,0.002992611872754347
22.88,0.003915083604645653
22.88,0.0034186054422807866
22.9,0.009326797305566847
22.9,0.004391318164886249
22.9,0.005617583250848046
22.9,0.003349859710444436
22.92,0.004231671821138372
22.92,0.004575830233021438
22.92,0.0033159409101447546
22.94,0.0033793304142918368
22.94,0.005005447324756052
22.98,0.00808204028634918
23.02,0.004648193664527955
23.04,0.004139729060753994
23.08,0.003914804904746161
23.08,0.0032564820234159964
23.1,0.004761799106163589
23.12,0.004300201343507615
23.14,0.004670150284845964
23.16,0.003944132426328961
23.2,0.0031885062211858273
23.2,0.0036343566577348163
23.2,0.003530623355347151
23.22,0.002840052079815192
23.24,0.005251700253615987
23.26,0.004441947872460439
23.26,0.003887488045608234
23.28,0.0037933649303664163
23.28,0.004483029907736413
23.3,0.0032996448372235587
23.34,0.0034991643354975732
23.36,0.00383305683265478
23.36,0.0042237829513748215
23.38,0.0029885200771120335
23.38,0.0040968699757334415
23.4,0.003005477252531197
23.4,0.004187065030952786
23.42,0.0073935203907415925
23.42,0.0050946882021107864
23.48,0.004357990312073623
23.5,0.004199966949038791
23.5,0.004383419750687234
23.54,0.005426620815153216
23.58,0.007684243216321218
23.58,0.003998412831957232
23.6,0.003688010258569352
23.62,0.004378659330019352
23.64,0.004391123317141643
23.66,0.004171052203536418
23.66,0.003980017306168371
23.68,0.003997221460755429
23.7,0.0068194642854165766
23.7,0.0041841632861320255
23.74,0.003746871807030039
23.74,0.003077085416039571
23.74,0.00400901007745158
23.76,0.004426581872446378
23.76,0.0039837140881155975
23.8,0.004065940046537597
23.8,0.0035993586176268355
23.84,0.003836491647685958
23.86,0.0033433550963277714
23.86,0.00403316654574537
23.86,0.00449736092311237
23.86,0.003132433029151227
23.9,0.0031140572716079618
23.92,0.003878811787489611
23.94,0.010101627708448802
23.96,0.0040849915430516415
23.98,0.0038847410631751567
24.0,0.0035596127443285885
24.06,0.00633704604618357
24.08,0.003022781476420433
24.1,0.003940551277028748
24.12,0.0037022349061157644
24.12,0.0028964531398971705
24.14,0.004866402321273555
24.14,0.003940637817329562
24.16,0.0038642163723595635
24.2,0.0031347449205899602
24.2,0.004526444531505636
24.2,0.004278147677557187
24.22,0.0037117209552918196
24.22,0.005374678700888036
24.22,0.004090985312247164
24.24,0.004406712943474389
24.3,0.004809174775884051
24.3,0.005578239264913187
24.3,0.003701499907362349
24.32,0.0032487851402808188
24.34,0.004495446228614752
24.36,0.004050043087535982
24.36,0.0045055347112099575
24.38,0.00354066494472538
24.38,0.003987870707220953
24.42,0.004400770893143613
24.46,0.003219276397258053
24.46,0.004595587761039965
24.48,0.00332500603128838
24.48,0.003979995248479584
24.5,0.004195178650297615
24.5,0.003610978990502778
24.5,0.004890420430524234
24.5,0.004491735913484396
24.5,0.004293112904603991
24.52,0.003947008812163033
24.58,0.005508957054503161
24.58,0.004015171046800381
24.62,0.003463525508094034
24.62,0.004300873032335173
24.62,0.002920601949784385
24.66,0.004622201552529237
24.7,0.003472370975328376
24.7,0.004383462590171194
24.7,0.003775488154269979
24.74,0.005040421499288628
24.76,0.0051810204618659705
24.78,0.005310871748171575
24.78,0.003904974929714755
24.82,0.004418884285471214
24.82,0.004195887484860994
24.84,0.004433441626761958
24.84,0.004168405071187653
24.86,0.006508084173096784
24.9,0.004122828868525219
24.94,0.00401367683007281
24.94,0.00348463386725395
24.94,0.004728453722520176
24.96,0.004237968773480372
24.96,0.004963974418981776
24.98,0.0031339896361688435
24.98,0.007504103459136435
24.98,0.003207855453792763
25.0,0.003635598728945255
25.0,0.003828648601806206
25.02,0.003860643309066436
25.04,0.00580690483697055
25.06,0.0036548314501425594
25.08,0.004053055777865189
25.1,0.004784206403473545
25.12,0.003407380447490782
25.16,0.0036761540839319595
25.16,0.003974167845449572
25.18,0.004229893407781016
25.18,0.0033513130986115858
25.2,0.0038400008065744284
25.2,0.0038830908521921836
25.22,0.004149540611208202
25.24,0.003742438536003201
25.26,0.00457396818908995
25.28,0.0041907357779044085
25.28,0.004900951863342828
25.3,0.0037611571605048466
25.34,0.007926905636676418
25.36,0.004154492704893986
25.36,0.004262501548817799
25.36,0.004443838329122984
25.36,0.0050868184109887915
25.38,0.0041642494725832035
25.38,0.00469039905559121
25.4,0.004286543088793837
25.42,0.003749587397997023
25.42,0.005186480759683976
25.42,0.004462120694013194
25.46,0.004017350545845955
25.46,0.003168351013387971
25.48,0.0034258473566671777
25.52,0.003694733067025946
25.52,0.004045448541137198
25.52,0.0035397646728444476
25.58,0.004310847542579599
25.62,0.004644137190247588
25.62,0.007017034114173648
25.62,0.004196381584600006
25.64,0.00418574804174876
25.66,0.002570609904189225
25.66,0.00417398038444039
25.66,0.004405335810679145
25.68,0.003528522192772554
25.7,0.005028407056420603
25.7,0.00619965391264321
25.72,0.004800293075746365
25.76,0.004650175870164808
25.76,0.0024901724300058214
25.76,0.0038153633828895694
25.78,0.004175510338317645
25.82,0.0038018319689031577
25.84,0.003722736508715574
25.86,0.003648305953947606
25.88,0.004392575164181789
25.88,0.004141861612723563
25.88,0.0038992034412720367
25.9,0.002951230121228998
25.9,0.0028880565834151772
25.9,0.004096856541819571
25.92,0.0037163554643667718
25.92,0.0040748824361955815
25.94,0.004276813256566037
25.96,0.003874463958348784
25.96,0.003830095876184214
25.98,0.0034552950703008456
26.0,0.004486047456400577
26.02,0.0044589060168596095
26.06,0.004268647739600784
26.06,0.004651491634222182
26.06,0.003678691145765245
26.08,0.004181463854306844
26.08,0.004148096853803018
26.08,0.004365463667501235
26.1,0.003943195077275585
26.1,0.003342668177577224
26.12,0.003765144848197566
26.14,0.0036541564682459615
26.16,0.0038995701058995857
26.16,0.003748491116929986
26.18,0.0037109184738000067
26.2,0.005085125254631229
26.22,0.00458626216543756
26.22,0.0031319882910916252
26.24,0.003315544846993812
26.24,0.004302190446149434
26.26,0.004655709775490791
26.28,0.00394330468069759
26.28,0.004768831437984011
26.32,0.0064181657663040514
26.32,0.004040588343403817
26.34,0.004631103062243791
26.36,0.004737445808778218
26.36,0.005150685917044151
26.38,0.0031963255503848487
26.4,0.003829629721005645
26.42,0.0033691936012300028
26.44,0.004096457036253165
26.46,0.003599803168815363
26.48,0.004373939204951771
26.48,0.0034881980306588067
26.48,0.003938927685265603
26.52,0.0038054470904146376
26.52,0.003190946417682805
26.52,0.003451195749451186
26.54,0.004382531078591989
26.56,0.004152619714785977
26.6,0.006545595936265247
26.6,0.004054686651322026
26.6,0.004546023581584846
26.62,0.005054893748545175
26.64,0.005652855144071434
26.7,0.005253744620312362
26.7,0.0042551684476551666
26.72,0.00366282113202121
26.72,0.003326829813343979
26.74,0.004140549889932399
26.76,0.004340351699229195
26.76,0.0032695922875539685
26.8,0.003699202997422768
26.8,0.003834124716374787
26.8,0.004318874061567168
26.82,0.0032459672512663573
26.82,0.004201870040776212
26.84,0.003369843871231959
26.9,0.007320751528081648
26.92,0.003681262743673197
26.92,0.0039365962655459885
26.92,0.004107323225913784
26.96,0.00424900848205001
26.96,0.004586439838560552
26.98,0.004273765477806002
27.04,0.0035824003714312047
27.06,0.0033211055962033553
27.06,0.003259747415139236
27.06,0.004075722328278797
27.14,0.0035729536252812055
27.16,0.004152923749159987
27.18,0.0034233526210539766
27.18,0.003796931007494009
27.18,0.0035477932854691696
27.2,0.00464225990532996
27.22,0.004368366746332009
27.24,0.007012442631935567
27.26,0.006732835465158349
27.26,0.004622075324552832
27.26,0.004281021942969199
27.28,0.006084740282772394
27.3,0.0037694348749721662
27.34,0.0034095666618756404
27.34,0.003833083647705182
27.34,0.003937213212759638
27.36,0.0061973371770860375
27.36,0.0037886380310979684
27.38,0.008353083856294408
27.38,0.0037424868467573758
27.38,0.00979061708671225
27.38,0.004492252051947809
27.4,0.003955941387726036
27.42,0.0039217333331580395
27.44,0.004717090318610007
27.5,0.003939330180775191
27.52,0.0035535952484252453
27.54,0.0035454440342189697
27.56,0.005794637054140406
27.58,0.008582067843230012
27.6,0.00385632578530537
27.62,0.004742399319646373
27.64,0.004112672354053215
27.64,0.003237123554937993
27.68,0.003833867026594384
27.74,0.003661262016452782
27.76,0.003235909676451376
27.78,0.003632229991631597
27.78,0.004985070851985962
27.78,0.0037025002170357757
27.8,0.003913184563422822
27.8,0.003518676160021217
27.8,0.0042989511611052356
27.8,0.003916231906897161
27.84,0.011027405158753556
27.84,0.005411755658674355
27.86,0.005440775260941999
27.9,0.002493377653269957
27.9,0.003986571905075231
27.9,0.004124716064686007
27.92,0.0043424793709415654
28.0,0.003929973965803635
28.04,0.003391802120601195
28.06,0.003233326001890635
28.08,0.0030681678924051603
28.08,0.004434313244193411
28.1,0.003618705510654574
28.12,0.004960569309595209
28.14,0.004868211532369604
28.18,0.004630382114781173
28.18,0.004776660304338209
28.2,0.004631850018976036
28.22,0.004119945665135183
28.22,0.006563919705912191
28.24,0.011142916069489583
28.24,0.0043564382768129795
28.28,0.003674639497959653
28.3,0.00515714219702601
28.3,0.003980513806225994
28.3,0.004508668736334376
28.38,0.00448809067566458
28.38,0.0037675140944464225
28.42,0.004222696841528761
28.42,0.004117806020544346
28.58,0.00408584735286599
28.58,0.004157671760456005
28.62,0.004783619294984831
28.64,0.004617750899381989
28.64,0.004267528864927206
28.68,0.004234270490837577
28.68,0.004132665047705153
28.68,0.0033549278388256276
28.7,0.004161496742227433
28.7,0.004183942408498953
28.72,0.00405213811204963
28.74,0.004104009052148583
28.74,0.00433711354035804
28.78,0.003628516200130827
28.82,0.003481714581402562
28.84,0.0044253556470111866
28.84,0.0041095728603935955
28.84,0.003952367239119181
28.9,0.003969592696508428
28.94,0.003776829907765622
28.96,0.004398697161687948
28.96,0.004150868320543233
28.98,0.004021659077941053
28.98,0.008270526109543375
29.0,0.0035426762526653555
29.0,0.0033403631790164257
29.02,0.003455185341753375
29.04,0.003584929253995228
29.04,0.00538469853756518
29.08,0.003314486201999034
29.08,0.0037341755675132093
29.08,0.003965198455082364
29.1,0.004040575616078623
29.16,0.004909379015749171
29.2,0.004138075392803642
29.2,0.0034314292636320465
29.22,0.0032005993013669576
29.26,0.0038451023009223873
29.26,0.0041898069324336484
29.28,0.003912514005643963
29.28,0.0028891983647244546
29.3,0.003948740437290432
29.3,0.004593034307141974
29.32,0.005059002261028844
29.34,0.0066228788081396095
29.34,0.0034355242467424274
29.36,0.004101449033395599
29.36,0.004494998539361195
29.4,0.003369697780825631
29.4,0.004370052829699156
29.42,0.0034434163863817924
29.42,0.00433140209257421
29.44,0.0045395089106163855
29.44,0.004302899366402824
29.46,0.004270411827026033
29.5,0.003926999434557987
29.52,0.0037246351934467903
29.52,0.008418571612574421
29.52,0.006108762227826747
29.54,0.004339432000697974
29.62,0.004692126057342039
29.64,0.0037477400322686316
29.64,0.0041571685523206225
29.68,0.004591047324205233
29.7,0.004312493591426381
29.72,0.003164193452973585
29.72,0.003551172866305241
29.74,0.0038291032903268185
29.74,0.0030113008097389926
29.74,0.002421548422341546
29.8,0.004075774100360752
29.8,0.0030335339193183763
29.82,0.004176838242275993
29.82,0.003853115603274393
29.86,0.003663922576564005
29.9,0.00397604364344839
29.9,0.004673697951792399
29.94,0.00369283962931799
29.98,0.008881648964122801
29.98,0.003156705048601993
30.02,0.004170114977114392
30.06,0.004082319660192013
30.06,0.003925916852111966
30.08,0.003479582727164421
30.1,0.0032411132926140063
30.1,0.0036882197612572165
30.12,0.0037957675928159684
30.12,0.0033225376017620434
30.12,0.004289927770748436
30.18,0.004315919315289962
30.24,0.0035071434428319836
30.26,0.003721817798398197
30.32,0.004175291553903615
30.34,0.004282327019733634
30.38,0.004307586727525625
30.42,0.005315957550767969
30.44,0.0040905724902936536
30.44,0.007134565557616601
30.54,0.0038548889141140075
30.54,0.0032334683002670506
30.56,0.005207222939466405
30.56,0.004517053358526035
30.56,0.004496238802331964
30.56,0.0038636884580568465
30.62,0.0042229338786428094
30.66,0.0039165650804500185
30.66,0.004966972905063649
30.66,0.003496357136532846
30.68,0.004400452448522385
30.74,0.0039996726183475495
30.76,0.004442282030537981
30.76,0.00622714169883376
30.76,0.003958480117054797
30.76,0.0035990298485766292
30.76,0.003097708608112759
30.78,0.0032628549453935785
30.78,0.003532665590261219
30.82,0.003475646983984837
30.84,0.004307833392648952
30.88,0.006628032666249006
30.88,0.004440932506156847
30.9,0.00354753476096481
30.92,0.004201941459601177
30.94,0.004624994374054836
30.94,0.0038340020307150446
31.0,0.0048147054580448545
31.04,0.0037560984268215636
31.1,0.009949507700594773
31.12,0.005452974565526847
31.14,0.0040442029310243655
31.14,0.003977474673346637
31.14,0.003044334197197185
31.16,0.004379186735933627
31.18,0.004551702382153189
31.2,0.007792265038113033
31.22,0.004546021891479013
31.26,0.004406951863418773
31.26,0.005071884427540807
31.32,0.004051507319800751
31.32,0.0033531913721179807
31.34,0.003805684205271609
31.36,0.0037757022237248083
31.38,0.00419158710005596
31.42,0.00455903395372359
31.42,0.004067829773162224
31.42,0.0043235016445359875
31.46,0.0038110117850528313
31.48,0.0037593292416111534
31.5,0.009724677053137176
31.5,0.0038948513794028194
31.52,0.0036018263764837632
31.54,0.004601953206036846
31.54,0.004866210688710404
31.54,0.003603901186482017
31.6,0.0044680228621499785
31.6,0.004010628415045847
31.62,0.004679546298885562
31.64,0.0033317567801002257
31.68,0.004476624441029586
31.7,0.00455492351059239
31.72,0.004794008068103817
31.72,0.0038159307630644124
31.72,0.003607479983784412
31.74,0.003934247564391202
31.8,0.003970484828799803
31.8,0.007883807276795052
31.82,0.0060950934762211695
31.86,0.006692500460558803
31.86,0.0037394178053039573
31.86,0.003909269377102564
31.88,0.0037895904209428455
31.9,0.0038789004971757635
31.94,0.003814295208073193
31.98,0.009891957818290775
31.98,0.003334336144137362
32.02,0.008661010740373176
32.02,0.004455029755822015
32.08,0.004316395887232649
32.1,0.004037004448588455
32.12,0.0038872707124382178
32.12,0.0036320710776935883
32.18,0.004207192595880427
32.2,0.0037778249103299633
32.2,0.003764152578065394
32.2,0.0039638297420684365
32.22,0.004031782840933196
32.24,0.003539279390512351
32.26,0.00423024815009676
32.26,0.004111420911044994
32.3,0.0035005693342493593
32.3,0.0033077657402263982
32.32,0.004095056834565569
32.34,0.003809431700566801
32.34,0.0040990922291892495
32.38,0.007484223894364428
32.38,0.0031347339465354063
32.4,0.0037445019190444073
32.44,0.004341324513882805
32.46,0.004796111993688346
32.46,0.004031542857026227
32.48,0.004788792197784164
32.48,0.0036129860126795643
32.5,0.004411749043414015
32.52,0.004099459701871644
32.58,0.005859860877933443
32.6,0.003677348394747759
32.62,0.0040125603875728055
32.68,0.002904122541625198
32.7,0.004240532393291585
32.72,0.0044775881301786224
32.72,0.0035433731754231923
32.74,0.003696715908792836
32.76,0.004232415113564425
32.82,0.003939526534279203
32.88,0.006698544547754981
32.9,0.004849624543084352
32.92,0.003737486081778152
32.96,0.0042279443452512
33.0,0.0072996078834591804
33.04,0.0037725403253340284
33.04,0.005601750083059187
33.14,0.004892098570480452
33.26,0.00812316315791417
33.3,0.004913972728808003
33.36,0.004460817394561167
33.46,0.007383701417205013
33.46,0.004132791675138248
33.46,0.005301270076438769
33.48,0.005527278248714018
33.5,0.0046240107594816005
33.52,0.004366570316688967
33.54,0.0049061107383804314
33.56,0.0040566004887465645
33.6,0.004219910942755978
33.64,0.004772276105483808
33.68,0.004119471921075979
33.7,0.004892081356296818
33.74,0.00488678410336485
33.74,0.005722765907702043
33.8,0.003736368571274573
33.82,0.0039274972595594315
33.84,0.005336524311432389
33.86,0.0036678229439139898
33.9,0.004207627216127552
33.9,0.004043042731528446
33.92,0.003791315186038813
33.94,0.004133734225198804
33.94,0.004022470853216054
34.08,0.004170092539909964
34.16,0.00881995412142722
34.18,0.0046208671599867746
34.2,0.0035176567718597784
34.22,0.003425693979487998
34.24,0.004236706872227547
34.26,0.003215723760183198
34.28,0.0039881827637155975
34.3,0.003974591181586384
34.32,0.008452547779277175
34.32,0.0035514693110884066
34.32,0.0035247322751011945
34.42,0.004547456882107004
34.42,0.0039914329465478016
34.44,0.0036241463917819905
34.46,0.005932812325317616
34.46,0.0042234650654220385
34.48,0.0042679808935436325
34.52,0.0039912633156483635
34.54,0.0028461549082071658
34.54,0.003313521032151212
34.54,0.0040453774306463686
34.54,0.0042281308168440335
34.54,0.0034847716767432146
34.72,0.004462154018919251
34.72,0.01011609905337063
34.74,0.004157523102008787
34.76,0.003821881847623221
34.76,0.004364213927410154
34.78,0.0027805141278633982
34.8,0.003687151627429164
34.8,0.0037500509957908434
34.8,0.004393400467966768
34.8,0.0041384222453824115
34.84,0.003355705581771229
34.86,0.004098566866111986
34.86,0.003824497600865562
34.86,0.004265878069050988
34.88,0.004937118872557433
34.9,0.0038419207166996427
34.94,0.003757707813638045
34.98,0.003977810120608383
35.02,0.006152133972165186
35.02,0.004763492632669619
35.02,0.004474626264007964
35.06,0.003432851027605155
35.08,0.007965239453205153
35.08,0.004240364564322752
35.1,0.003191445647980573
35.1,0.005791413447233551
35.12,0.005843512349909763
35.12,0.004042139935830025
35.18,0.0077373192924128364
35.22,0.0035425218677723747
35.22,0.004952425777010827
35.24,0.004696708127856386
35.28,0.004038110972996223
35.32,0.004144475228848754
35.36,0.0041719124315734435
35.42,0.004340734392987655
35.42,0.004138046750715385
35.44,0.004968050540611446
35.54,0.004590194244692758
35.56,0.004478268892758042
35.56,0.004261519543906189
35.66,0.0036176273539128
35.66,0.006763444557322806
35.68,0.00427105792675242
35.72,0.0038051508699927794
35.74,0.0042304526004711684
35.76,0.004397327954007824
35.8,0.0048145454659488385
35.82,0.0048224054603104305
35.82,0.0047946609208403546
35.84,0.004089768046000808
35.84,0.004184402559491152
35.84,0.003990727318484377
35.86,0.004398701867757593
35.92,0.004316619220477991
35.92,0.005216581610291149
35.94,0.005321900255153
35.98,0.005362148356764629
36.06,0.004129449659900364
36.08,0.0037101662648632017
36.08,0.0046037077112608404
36.12,0.004103861518581997
36.14,0.0033519856538225534
36.16,0.004342403494259406
36.18,0.00402985322082039
36.2,0.0033423493760234013
36.22,0.004199971654989754
36.24,0.0035301009516558457
36.24,0.003239351054971751
36.28,0.0046238359740630175
36.28,0.0052789416813705525
36.32,0.0043718698992447624
36.38,0.004050929319832974
36.42,0.00369741216697439
36.44,0.003954363781209835
36.46,0.0032664482051103505
36.46,0.004127555838759567
36.48,0.004077899501679583
36.54,0.00302739410892483
36.56,0.004525109873127597
36.58,0.0034892233923216054
36.58,0.004660333170901643
36.6,0.0038378491546323668
36.66,0.004246745989759826
36.68,0.0034511291503092068
36.7,0.004562053404860045
36.72,0.003824126986463172
36.74,0.0033379018475352407
36.82,0.003673155820331564
36.84,0.003332384750738604
36.88,0.002937775987271962
36.88,0.003992324106738221
36.88,0.003783165754917217
36.88,0.003485980907442454
36.9,0.0033231100287092197
36.9,0.00480892756539919
36.92,0.003729391703071183
36.94,0.004296962804412052
36.98,0.003363835514517244
37.0,0.0039253467656046315
37.04,0.004723279118029389
37.04,0.00425146451948244
37.08,0.004193297667647644
37.1,0.0035260445389055928
37.2,0.004075055121945392
37.2,0.004265157431516453
37.22,0.0040913222904860325
37.22,0.0036395879280332055
37.24,0.0033513338522811464
37.24,0.0054478206859641665
37.24,0.0028482138050708317
37.26,0.004120858024016183
37.26,0.004092733830297179
37.3,0.0032243055897875905
37.36,0.005661395343739994
37.38,0.0043878014055004355
37.4,0.0031936870101544335
37.42,0.003781594929436194
37.46,0.005132713483078422
37.5,0.004843073205744397
37.5,0.003638368246509982
37.52,0.004351207432343185
37.54,0.0037064906253544416
37.6,0.003811576842493225
37.62,0.004095041316148573
37.64,0.00343941761228439
37.68,0.004332344174079572
37.72,0.004984492728756784
37.72,0.0036281422041681832
37.82,0.00389130226332135
37.82,0.0034681641451641543
37.82,0.004221953604383155
37.82,0.0034457831222524105
37.88,0.004079264919225389
37.9,0.004448157912558037
37.9,0.003947926255689627
37.92,0.004614333984764962
37.94,0.004595689302060002
37.96,0.01116384002513604
38.0,0.004900304073704009
38.04,0.0036066425901799537
38.08,0.0037278567495936388
38.1,0.0037278225059763637
38.12,0.0030918217082948063
38.12,0.0036429833347384477
38.18,0.00449719702014495
38.22,0.004270412846803628
38.24,0.004679432694741026
38.26,0.0038501886793389506
38.26,0.005738561226459993
38.28,0.004186403845110043
38.34,0.003859849729384579
38.36,0.002975009988909205
38.38,0.004384664394338822
38.4,0.004294019577382402
38.4,0.0036297461600935943
38.4,0.0034088620516323775
38.44,0.0036629550500015817
38.5,0.003773611046049563
38.52,0.003380095496565816
38.56,0.0034167903599859883
38.58,0.004007272182632637
38.62,0.003675934097570388
38.72,0.0037751978595168545
38.74,0.004322717736144233
38.74,0.0036119322909221596
38.74,0.003693639092342993
38.76,0.0036718422130308515
38.76,0.0038153833032475992
38.8,0.003920620272175213
38.8,0.003742290221772415
38.82,0.0036718551485184214
38.86,0.003989787199117578
38.86,0.004087467066511197
38.9,0.0034753960839439824
38.92,0.0035545046314812145
38.94,0.0033739992456923718
38.94,0.004149631730626768
39.04,0.004294436840214022
39.04,0.003418027501194798
39.1,0.004352064602304639
39.18,0.003794099086191216
39.18,0.004408380882460761
39.18,0.004438272307203173
39.2,0.0037584257185275805
39.2,0.004736552165460206
39.26,0.004090018127156814
39.26,0.004219908175106979
39.26,0.004446621508706561
39.32,0.00350934524108959
39.34,0.004087023017301572
39.38,0.004476220770208816
39.38,0.003914205789009584
39.4,0.004753612359955195
39.42,0.003298663744410346
39.46,0.003873265744378185
39.46,0.00425132919140403
39.48,0.0045560516571896414
39.48,0.003373015643524435
39.52,0.004289314506709219
39.56,0.0057703008773764
39.58,0.004560535636682794
39.58,0.0031968717961248228
39.6,0.004354357395466968
39.62,0.00408604960325043
39.66,0.006835189678009557
39.66,0.0038361317558387453
39.72,0.0035964196904063606
39.74,0.004272610658175191
39.74,0.004256418345951252
39.78,0.003355187549006433
39.82,0.004077286095659827
39.84,0.0036514747539652115
39.86,0.004189860051171168
39.88,0.004467369898516815
39.94,0.0034614618280776055
39.98,0.005927503512501597
39.98,0.005359892036785219
39.98,0.0036990923115164387
40.0,0.006314949219338173
40.0,0.003640471671557566
40.0,0.004126406469905031
40.0,0.0032755694999527796
40.04,0.0040035285342847615
40.08,0.004247845536807793
40.1,0.00418002967353881
40.12,0.004292295327547602
40.18,0.004534901756947152
40.2,0.009676902658672604
40.2,0.004154610507721146
40.22,0.003322490219562768
40.22,0.0039352925009757955
40.22,0.0033659463058384187
40.22,0.004525258872161597
40.26,0.004153917986018163
40.28,0.003981434187817046
40.3,0.00477110918339041
40.3,0.0040294125840871775
40.34,0.004334946467165146
40.36,0.003541775405732972
40.38,0.004289249985817589
40.38,0.003923520524148794
40.42,0.006958236104968596
40.48,0.0035412340147947807
40.5,0.004168134332750761
40.52,0.0040985856637305584
40.54,0.0038972852682368497
40.56,0.004277223910821193
40.6,0.002865354508387985
40.62,0.004352793130291799
40.62,0.00380253096506622
40.66,0.004676192921549194
40.68,0.003589819842107156
40.7,0.0044084944806855875
40.7,0.0041229716755220025
40.7,0.0038154812993728138
40.74,0.004458149832541225
40.78,0.0035906450400697842
40.8,0.0033679176243676112
40.82,0.004083339236988004
40.84,0.003987984225795604
40.88,0.003187166556424814
40.9,0.0034661164741439654
40.9,0.0032496425784047656
40.92,0.0036301123185114026
40.98,0.0036978519363040085
40.98,0.003159493685127024
41.0,0.004365158101778621
41.04,0.008866600544990999
41.08,0.0055882170819784305
41.12,0.004316432526072833
41.14,0.004099715738042575
41.16,0.004424791550645235
41.16,0.004558889930172394
41.18,0.004047417603868397
41.18,0.0043592280448655485
41.2,0.004344284888491146
41.22,0.0036543079017845592
41.22,0.0037661882207423725
41.24,0.005781552927145994
41.28,0.004609540184301597
41.3,0.004088017421942647
41.42,0.003852387091606624
41.42,0.003830758008455226
41.44,0.004646117004615813
41.46,0.004301451672820589
41.48,0.004442153510246016
41.5,0.0038576272373441745
41.5,0.004141554053347596
41.52,0.003446380086040035
41.54,0.0036250509428428224
41.58,0.004597482257044816
41.6,0.003101940935217984
41.62,0.004598742784342025
41.62,0.004101826743039827
41.66,0.004168381684780953
41.66,0.003188690742795375
41.66,0.007603957799290795
41.68,0.003160268305244629
41.7,0.0038930350574899464
41.74,0.004035732956919169
41.74,0.004668101922538415
41.82,0.0033439224337775686
41.84,0.004008661737215036
41.84,0.00422393935021359
41.84,0.004002000915557358
41.84,0.004391271328639035
41.86,0.003888876906849248
41.94,0.0043577357471588085
41.96,0.003637065028834763
41.98,0.0032823461380744323
41.98,0.00392756323347998
42.02,0.0040600951409491826
42.06,0.0046269863069400285
42.14,0.004815928911770406
42.14,0.004299048701343566
42.16,0.0032498541770972222
42.18,0.00390673478980097
42.2,0.004886718057937167
42.22,0.0034884362206524244
42.22,0.0038168675563757803
42.24,0.0032558203808044084
42.26,0.003937041898799953
42.26,0.00401631348562681
42.38,0.0034870464305264415
42.42,0.004114041965570747
42.42,0.0041481228620587896
42.46,0.004159694769569233
42.46,0.004543290246846854
42.5,0.0034311594150752134
42.5,0.004071213924110029
42.58,0.003913267763117956
42.58,0.004221662904280832
42.62,0.006933440477797648
42.64,0.004525238124004849
42.72,0.004180673342441654
42.78,0.0033288348514731725
42.8,0.00422137852576876
42.84,0.004326002411500163
42.86,0.0034268939282582345
42.9,0.003962257866214625
42.9,0.0038129730257852046
42.94,0.0042053520779031794
42.94,0.005138608881365969
42.96,0.0033696655013402133
42.98,0.0034369117747737876
43.0,0.004650912878719438
43.02,0.0037307858708771624
43.02,0.004004099156466379
43.04,0.006759527186891989
43.06,0.004051438391353579
43.08,0.003372967110012448
43.08,0.003968072435510783
43.08,0.004093190425830451
43.1,0.0039899162727972115
43.14,0.0036467160539384036
43.14,0.0032060833933847954
43.16,0.004856298916680379
43.18,0.005121340430384036
43.2,0.0035497566417336257
43.22,0.005313611840204624
43.24,0.0030881839166652103
43.24,0.0035070565454176084
43.26,0.004536329642232828
43.28,0.0036484656856470288
43.3,0.004596783701578788
43.3,0.0035825491303436152
43.34,0.004018287748209226
43.34,0.004114818219508987
43.4,0.004300242614147187
43.4,0.004153413047721433
43.42,0.007847942664249596
43.42,0.004677674520137232
43.42,0.005265051391612374
43.48,0.0035510346177536345
43.5,0.003970816331408611
43.5,0.004278058572926846
43.52,0.006572525880662372
43.54,0.004644629336213013
43.56,0.0028676463950756403
43.56,0.004795140923118391
43.58,0.004200461740091366
43.62,0.004360299961297831
43.62,0.0032307054607462193
43.66,0.0028431898793471744
43.66,0.004445574551531384
43.78,0.0036824987335559722
43.78,0.004386741005503181
43.78,0.003998010846497202
43.86,0.004943700629027381
43.88,0.004369991701430598
43.88,0.0069997188422243894
43.9,0.003141532737516828
43.9,0.003387830732698438
43.92,0.003994414669070023
43.94,0.00447821022678363
43.94,0.006745729451041016
44.04,0.004769154885994054
44.04,0.0037867616003386395
44.06,0.004588845532236152
44.08,0.0036689459858095796
44.08,0.00401061280239956
44.1,0.005736450596614429
44.12,0.003940617359723175
44.14,0.004345395402084007
44.14,0.003860880875030226
44.2,0.0039019661574399844
44.2,0.003488606080185197
44.2,0.0034166598085662025
44.22,0.0071716609660478214
44.22,0.0034517891386104393
44.32,0.00309425249023898
44.38,0.004071044061918827
44.42,0.0039515904127616075
44.42,0.0038403084183782354
44.44,0.0036372684615182393
44.46,0.006396636732812433
44.5,0.003246932638842015
44.52,0.0042940649814640075
44.52,0.0033362361814044394
44.54,0.003830691947939613
44.54,0.003765331196851407
44.58,0.00446470667241039
44.58,0.003376003890499635
44.62,0.004782707193528801
44.64,0.0037115412906584266
44.64,0.003682841377440349
44.64,0.004746967463951202
44.64,0.0042058856570935665
44.66,0.0031403397116853693
44.68,0.0038878112552531707
44.7,0.005561214001977177
44.7,0.003917509534347219
44.72,0.00469675536096581
44.8,0.004193754575288811
44.82,0.004070839120346004
44.82,0.00454579926081522
44.84,0.006370736207725436
44.84,0.0039009453319636123
44.84,0.004249381289903598
44.86,0.0039037410682913887
44.88,0.0032070726091736335
44.94,0.003727786353073248
45.08,0.007655831468084795
45.1,0.009179871157008357
45.1,0.0040577233787726374
45.12,0.0036120080871615556
45.2,0.004561580760643946
45.24,0.003571802729956053
45.26,0.0034051988316480264
45.28,0.003647384987357616
45.3,0.0066768771204164246
45.32,0.0037560120313619993
45.34,0.0033833780661194357
45.36,0.004130503308879208
45.38,0.004341606166420431
45.38,0.0036777428551599822
45.48,0.005813414016240248
45.48,0.003694890584111432
45.48,0.003839495967221551
45.5,0.0032292376539355683
45.5,0.0036606286623988016
45.54,0.004374373945488452
45.6,0.0038742285820624334
45.62,0.003818895233394848
45.64,0.00435142833763924
45.64,0.0038902749242060164
45.66,0.0040329723946755935
45.7,0.0038955221466627776
45.72,0.0046837889094083485
45.8,0.004503802871442808
45.8,0.00403617835893777
45.9,0.0040273085881632475
45.94,0.0035811134132491818
45.96,0.003847221842765758
46.0,0.0038197209214023697
46.02,0.003829277010110377
46.06,0.004358071024192833
46.06,0.002785297084016425
46.08,0.003905290958240437
46.08,0.0037947022036536326
46.14,0.0030545739209841827
46.2,0.0038927201777699816
46.22,0.0036106171092129546
46.3,0.004081184153745254
46.32,0.0037977922263155994
46.34,0.003924440450776001
46.38,0.003625988875065156
46.38,0.0032112933425115786
46.48,0.0032117700412703787
46.48,0.004108511734164044
46.52,0.0028012266511587836
46.54,0.003555671886639966
46.54,0.004512704492532826
46.56,0.004222842342717414
46.56,0.00837390629246837
46.58,0.007588571523679977
46.64,0.003904426943198369
46.66,0.0034176567229308175
46.68,0.0034102564412440417
46.7,0.003230722999992053
46.72,0.007357261165082174
46.74,0.003736388560459547
46.76,0.00334683487026044
46.76,0.0033396360189675844
46.8,0.004417841534795186
46.8,0.003885098757017147
46.82,0.003006427426084035
46.82,0.004075879607192023
46.86,0.00404740112734725
46.86,0.0037388338708952418
46.86,0.0030840518940523642
46.88,0.0031427377162192016
46.9,0.005333934427727449
46.92,0.003984716090993601
46.92,0.003847655269127559
46.94,0.004221944704260849
46.96,0.002820464864501382
46.98,0.004936825455004179
46.98,0.004151978518671995
46.98,0.0035425989551778336
47.0,0.002630624985327623
47.0,0.0043499321776095945
47.04,0.004574419249384398
47.06,0.004798458815031825
47.08,0.0034559176072636033
47.14,0.003567866231787953
47.14,0.003112545476327999
47.14,0.004049084565076022
47.16,0.0029150816342443653
47.16,0.004036972777780035
47.18,0.003528981067821957
47.2,0.005605777579872795
47.26,0.0042088236770287946
47.3,0.0037906551109424536
47.32,0.0036600513297951887
47.32,0.0028901660855783495
47.38,0.0040515619499907896
47.4,0.0033178570893546144
47.42,0.003108153632337962
47.44,0.0034619007525036327
47.48,0.004147704651489947
47.48,0.004297848467907817
47.56,0.003784378439410374
47.7,0.008557601621914435
47.72,0.003434911470113433
47.74,0.002877226750707229
47.74,0.003820411751717989
47.74,0.004278608554719621
47.74,0.004515642690052446
47.76,0.004932290379954241
47.76,0.003635225127533448
47.78,0.004328002037556566
47.78,0.004412197027395037
47.8,0.003474485521857029
47.82,0.004503943587902404
47.82,0.004132226270181616
47.84,0.0038140567487942034
47.84,0.004882467139633584
47.86,0.0033706937822062244
47.9,0.00400612657021604
47.98,0.003389743151521185
48.02,0.003949384924727961
48.04,0.003781356067253605
48.04,0.0045783326511176226
48.04,0.003805224873134838
48.1,0.004315651612334603
48.12,0.004039495047056807
48.14,0.003988746845848601
48.2,0.0039206041080024345
48.26,0.004503971705477561
48.26,0.004003742481634154
48.3,0.0033280906529915555
48.32,0.0036495646180916275
48.34,0.004204290398894028
48.34,0.004723145921795013
48.36,0.0037784742742611455
48.38,0.003905163759850838
48.4,0.0040028709185050415
48.4,0.003128052552236249
48.46,0.0029000404495591603
48.48,0.004453446417403195
48.48,0.0035040594658356516
48.48,0.004436192162023178
48.5,0.00436859411720103
48.56,0.0035299805782955662
48.58,0.007355908018239599
48.62,0.004186047461748443
48.62,0.004490087660163011
48.62,0.004809630772193985
48.62,0.003048396138163545
48.72,0.003823196501184012
48.72,0.004204298223736802
48.72,0.004095926961807161
48.74,0.0043342744771798225
48.76,0.0035621292542031835
48.78,0.004095431992685805
48.78,0.00298386985311061
48.78,0.00744963082156358
48.78,0.0036352573112488074
48.82,0.0033073203202371726
48.82,0.0035721235566380516
48.88,0.003658904035407251
48.92,0.004412659921574358
48.94,0.0031493267602440422
48.94,0.0038628565031576523
48.94,0.011877083754931572
48.94,0.004211520965418991
48.98,0.004095591943571009
49.0,0.004131172229951963
49.0,0.004453998111747182
49.04,0.0038385322602425553
49.06,0.004392178726940199
49.14,0.003311025756396413
49.18,0.005282043617981569
49.22,0.004216096364693223
49.26,0.003918979169269199
49.3,0.004300519150129634
49.32,0.00706420812730757
49.34,0.0034147343079672376
49.36,0.004388603888726417
49.38,0.004099885307006446
49.38,0.0036210206474796003
49.4,0.003840835298223211
49.42,0.004150478620114639
49.42,0.0039853180323874415
49.42,0.008433482415598048
49.5,0.005623406089016347
49.52,0.0036500390418400253
49.54,0.0034653984230228474
49.54,0.005225478290429186
49.68,0.003183010788015417
49.78,0.004435711552835397
49.82,0.0037281529187394025
49.82,0.004954705238738644
49.82,0.0030197064114028116
49.86,0.0029264814690154184
49.88,0.004250541039930389
49.88,0.0037503232798318242
49.88,0.003934233495932582
49.92,0.004652797496842442
49.92,0.004395386411075619
50.0,0.003660849843496794
50.0,0.003755574909833248
50.1,0.008503373784491952
50.18,0.004178397783213383
50.18,0.003688486321693607
50.18,0.004808977196172015
50.18,0.00421483879902862
50.2,0.004057222919531367
50.22,0.004404820902298767
50.32,0.00464985387000838
50.34,0.003297787454907164
50.36,0.0042323387705558435
50.38,0.005346056583038772
50.38,0.0041416789882360305
50.38,0.0035989020391395954
50.44,0.003769120801611403
50.52,0.004103280006708454
50.58,0.004846490641779222
50.64,0.005229529875949601
50.66,0.004085458245369988
50.68,0.004076814634366821
50.72,0.00470812524310904
50.74,0.005025287931336053
50.82,0.004111109585237971
50.86,0.0041540780174480485
50.86,0.0032132889367335604
50.88,0.004646883669762958
50.88,0.003972933272737178
50.88,0.0037325069282307943
50.88,0.003494831666663978
50.92,0.0023722638228097503
50.92,0.00658475359055577
50.92,0.0046576284332567885
50.94,0.00463527359754401
51.02,0.007154888387786551
51.1,0.004313198461171619
51.16,0.007102339418822989
51.16,0.005515393141944047
51.16,0.004130217156490756
51.18,0.006467733487174776
51.18,0.003860813225380788
51.24,0.005065222645555756
51.26,0.00424537601583197
51.26,0.002699652282692755
51.26,0.004484267198918035
51.28,0.003384964787129574
51.3,0.0032213371634803867
51.36,0.003540566816075952
51.36,0.004110080157533225
51.42,0.004095318776685231
51.44,0.003690570182973252
51.46,0.005140193144516414
51.48,0.0039757638439523735
51.48,0.004127658567413595
51.48,0.003744898396232821
51.52,0.00398784516206363
51.52,0.002853737914638832
51.56,0.0044331687064606
51.64,0.0032926988881375463
51.68,0.004763494645045996
51.7,0.004329754006641595
51.72,0.0040536739114626075
51.74,0.00403150765806104
51.74,0.002870466407325578
51.74,0.0034573214488243798
51.78,0.003197318212236455
51.9,0.0038183979488284336
51.96,0.0039010849758064348
51.98,0.003995896059230009
52.0,0.004472381650780233
52.04,0.004321050883815181
52.06,0.0037718069996948156
52.08,0.004567628206043617
52.08,0.004341144940568364
52.1,0.004102160304282787
52.1,0.004310099137304402
52.12,0.004441530954987227
52.14,0.0061327732576912375
52.18,0.009240309137274805
52.22,0.004284345157503422
52.24,0.0036344944902120258
52.3,0.006677270935187218
52.32,0.0032320977714536125
52.36,0.004681447515524018
52.36,0.0038220441950927997
52.4,0.003183271570566193
52.44,0.0038582461191819517
52.44,0.0035918047100498285
52.44,0.003575025615841998
52.52,0.0035175491779539936
52.54,0.004911711436209165
52.56,0.004408466246630827
52.58,0.02062296953417042
52.58,0.006135576569286427
52.58,0.003925675921220173
52.6,0.004975192114653582
52.6,0.0031663472388060443
52.62,0.004724984847102376
52.64,0.0032159705511399794
52.7,0.004219302717312634
52.72,0.004562921327687208
52.84,0.0038073034293164554
52.84,0.004688868416069969
52.86,0.003721910039267251
52.9,0.0036943610565900453
52.92,0.005583812564533441
52.92,0.00434660778664242
52.94,0.004061302923682786
52.94,0.003971750580381794
52.96,0.0042109766042189856
52.98,0.004766729082215204
52.98,0.003661348308233614
52.98,0.005483432436188429
53.0,0.003365272601722813
53.04,0.004228970150537359
53.12,0.005130382342257156
53.26,0.003719244523567977
53.28,0.0021884726661798304
53.3,0.0037432686650041846
53.3,0.003436811578139798
53.36,0.0038249725079759767
53.38,0.0038041187948100186
53.4,0.0033379676914804257
53.42,0.005048509568370774
53.44,0.003832542372377623
53.44,0.004397719374851228
53.54,0.004378201774933643
53.56,0.004316469033814774
53.6,0.004759894869792003
53.62,0.0041305124696615625
53.64,0.00419972650304401
53.68,0.003994782456792634
53.76,0.004660396896478014
53.76,0.0036674707063497625
53.76,0.004194602589466023
53.76,0.0040438558981800155
53.78,0.0032869871341579815
53.8,0.014440815032586762
53.82,0.0034955232141715697
53.84,0.002938400485911763
53.84,0.003439017083093243
53.9,0.004086407236527756
53.92,0.0037319659875167943
53.94,0.004184016970338433
53.96,0.004347665327079642
53.98,0.00389765564915201
53.98,0.003696146140005352
54.0,0.004193325403124004
54.0,0.0032022216515460444
54.04,0.0047212670565359716
54.06,0.0046109871785976475
54.06,0.003818375302681587
54.1,0.004368382819279204
54.12,0.004184419570130382
54.12,0.004192065897260955
54.18,0.004258778654954831
54.26,0.004299046938702422
54.32,0.004380832881514363
54.36,0.009003171313834435
54.36,0.003600574834597192
54.38,0.004471227326956595
54.42,0.004284616465580426
54.42,0.004668388970365145
54.48,0.0036375634581323757
54.56,0.0041311096620020304
54.64,0.0043110702161661685
54.66,0.004156567879714412
54.68,0.003945368396491178
54.7,0.003775633957514013
54.74,0.004675754173065427
54.76,0.0039558483325273786
54.76,0.003762460336689033
54.78,0.004059004918081199
54.8,0.0038860244334180116
54.82,0.0038110047732904384
54.86,0.0045467965004629685
54.86,0.0030051945757135767
54.86,0.004425603904847364
54.9,0.003008982005727634
54.92,0.0038118788205435683
54.92,0.004526013349725577
54.94,0.0041848800759599625
54.98,0.004134311905241161
55.0,0.004640765304164796
55.04,0.003957900061221986
55.06,0.0035424987474371727
55.06,0.00428225039454222
55.08,0.004542251012197185
55.1,0.004033263180880375
55.12,0.004225463630721182
55.16,0.003220767591450624
55.16,0.0034045734590756327
55.18,0.0035551511802920377
55.18,0.004012426798895574
55.18,0.0048829013498533635
55.2,0.003992594850385611
55.22,0.008347951001509757
55.24,0.004153427125567211
55.26,0.003979174512874772
55.26,0.003690284506829178
55.28,0.004358997246020957
55.28,0.004040810088300373
55.28,0.003625056075247546
55.3,0.0034497253326237765
55.36,0.004186105640775595
55.36,0.003554057921908771
55.4,0.0036250438673474106
55.4,0.003699642117593993
55.42,0.0040266242996563895
55.42,0.003877320085787561
55.5,0.003359001209731982
55.5,0.0034975963365128093
55.58,0.004215003731749212
55.6,0.0046508049359264
55.62,0.004995248766944349
55.62,0.0047545334641901915
55.62,0.004102039768281607
55.64,0.005284856612398414
55.64,0.0032679301686595608
55.64,0.0034509087538378003
55.68,0.0029309436115410037
55.72,0.0069822192256904225
55.72,0.0029617252531953797
55.72,0.00308902675268119
55.8,0.0046791009316852206
55.82,0.003987222443635585
55.84,0.0044898610305807996
55.84,0.0032837753133999614
55.9,0.004766438526083605
55.92,0.003915710288966423
55.92,0.004200460042022014
55.92,0.0033058485967841778
55.96,0.003491585960259558
55.98,0.0040948444177943966
56.0,0.004160261753042405
56.0,0.002804767953283216
56.06,0.0040874818790930245
56.08,0.004583468669204005
56.1,0.003541915255603545
56.14,0.004219618861798224
56.14,0.003407517602795007
56.26,0.003639137858342023
56.26,0.0037964346995061904
56.32,0.003827191223150228
56.32,0.00481574596397516
56.34,0.005191877603004769
56.34,0.00577340818246963
56.34,0.003611744231073577
56.36,0.0035262367210255885
56.38,0.003337803171395648
56.4,0.0033709345653929468
56.46,0.0038506961593356426
56.5,0.003635686879337574
56.58,0.003971227886778839
56.6,0.0035680947681639985
56.6,0.004349583652293654
56.62,0.003736335645586175
56.68,0.004510092899946749
56.68,0.004166871011338613
56.7,0.002995361119601192
56.74,0.0038737987895127723
56.74,0.0038653679964404386
56.74,0.004271254767841959
56.76,0.003519950558183993
56.78,0.004094743099821163
56.8,0.003950146942112043
56.82,0.003860702896349988
56.82,0.0043344657869364145
56.82,0.0026421396281960385
56.84,0.003852221825872193
56.88,0.00437622675926419
56.88,0.0037574003269151834
56.98,0.007201046776077802
56.98,0.003938380707178446
56.98,0.0041796215380267565
56.98,0.0036392044386700517
57.02,0.004114460898320793
57.04,0.004010937403726378
57.08,0.002683723864459253
57.1,0.004331869673866007
57.1,0.004088241544003557
57.12,0.00460529800690801
57.14,0.003480712836529176
57.16,0.004295106181657959
57.16,0.00403761185035556
57.24,0.005306925571612053
57.24,0.0033619449896720166
57.26,0.004130977259219626
57.28,0.004282015095898761
57.28,0.003146723985991806
57.3,0.004079456028321604
57.3,0.0035271951148003744
57.32,0.003379516804995597
57.34,0.004672206063984996
57.48,0.003217146429582818
57.54,0.0032903115322483467
57.56,0.0065940095659480225
57.56,0.004008374228908429
57.58,0.004482720045992816
57.58,0.0075809107276667564
57.58,0.006249032893833606
57.6,0.003830740392748777
57.64,0.00490942146419282
57.66,0.003102287092854983
57.68,0.00474416066818284
57.7,0.0035257735236071674
57.72,0.0035402837054008263
57.74,0.0037389655487432005
57.76,0.007113574163915448
57.78,0.003503967119599438
57.88,0.004529577421749642
57.9,0.004343561366494164
57.92,0.006240869736018784
57.92,0.00443181331696485
57.96,0.003947974204024152
57.98,0.004101894148317964
58.0,0.004468270954894438
58.04,0.0027227564387187764
58.08,0.003997781526451805
58.12,0.003375452780595589
58.14,0.004425629690327226
58.18,0.00292466227341881
58.2,0.004220264395448425
58.2,0.0038216849177900025
58.22,0.0036168204047212216
58.24,0.003887773250158766
58.26,0.005371685567611251
58.3,0.0035634208349919483
58.34,0.004318431759984365
58.38,0.004119522079781168
58.38,0.004389379674255234
58.4,0.0031177343821323644
58.4,0.0028412323446990184
58.44,0.004379950263054044
58.46,0.003654358382002787
58.48,0.0031710522680116204
58.52,0.003650823533117631
58.54,0.004194430881717781
58.54,0.006255518554133199
58.56,0.004596127118887572
58.6,0.005996175289844419
58.66,0.0046887231104065785
58.68,0.005157136086115566
58.68,0.003288154805479837
58.68,0.003850786434473563
58.7,0.0036406801236071873
58.72,0.0033909228362846155
58.74,0.0034364616849640317
58.74,0.004038599793752207
58.78,0.0037813819539728177
58.8,0.006565018666160438
58.8,0.00371991616312517
58.8,0.0038408055281695663
58.86,0.0038533262013363823
58.86,0.004636859250668368
58.86,0.0049546228411095905
58.9,0.004507006952186421
58.9,0.004268423065470817
58.9,0.0041529520482676
58.94,0.0036635954032367968
58.96,0.003664600576023247
59.06,0.00344858896870337
59.06,0.0033595510867068246
59.14,0.0031155476973460106
59.16,0.004333013344972825
59.2,0.004686495344106367
59.2,0.0036394639114708527
59.24,0.004160362645207583
59.26,0.004064812524888217
59.38,0.003277604700929193
59.38,0.003579366276182383
59.4,0.004758609735131758
59.42,0.004117778350849255
59.5,0.0075497996111891785
59.52,0.004134210785773029
59.52,0.004237423697998954
59.54,0.003383945463828364
59.6,0.004881985539081368
59.6,0.004236650231281169
59.64,0.003965054172224813
59.68,0.0045596098670172
59.72,0.004309258416845596
59.72,0.004141784190534792
59.72,0.003353384887898825
59.76,0.004445932027548172
59.76,0.003951880570651545
59.76,0.0030918500900339874
59.84,0.0046831519930495835
59.9,0.0047770130325955895
59.9,0.004664231511201988
59.92,0.005865788549965556
59.96,0.003749083958801358
59.96,0.003486855077871165
59.96,0.004590523759193554
59.98,0.008955557943317816
60.0,0.0025011744857907914
60.0,0.005198140058515044
60.04,0.004326352062072769
60.08,0.005713341256702198
60.1,0.0036530808012201765
60.12,0.0076184502105364205
60.16,0.0030165935673703848
60.18,0.005196732228887169
60.2,0.004188389669059989
60.2,0.004819964526839637
60.2,0.004512495561374785
60.2,0.0034106746832808232
60.24,0.004066144938659755
60.26,0.004283559337840415
60.26,0.0037442482274634425
60.28,0.003547591451204646
60.3,0.0034012146429147627
60.32,0.003767173023934367
60.36,0.00465068627186882
60.42,0.004172038113741561
60.42,0.0036863781765885673
60.42,0.003973757432516822
60.44,0.0037715083549425543
60.46,0.004412393032278805
60.5,0.004418762714479607
60.52,0.004374978781948036
60.52,0.0041529344958467496
60.56,0.004333653267834969
60.56,0.0032974965671384027
60.56,0.004208361058717247
60.58,0.007979324112279973
60.58,0.005005594537030755
60.6,0.004118618919323969
60.64,0.003960457594403999
60.66,0.004230715715491606
60.68,0.004313377707306443
60.68,0.007255396170720796
60.76,0.004378392620850824
60.78,0.0040107887232432304
60.8,0.004653681773111207
60.82,0.00455157031989839
60.86,0.0033446910991523637
60.98,0.0037996059630821533
61.02,0.004618170343775652
61.04,0.004506711497271554
61.14,0.0037741718989161566
61.16,0.002914904104316829
61.22,0.003537194120414644
61.26,0.003951815887589194
61.28,0.00409487947880538
61.3,0.00345743788582642
61.36,0.004161822295889572
61.38,0.003524230879537016
61.46,0.009916936810554167
61.48,0.0037399290662948337
61.48,0.003380997148413445
61.48,0.003987045516967602
61.52,0.004675001143592428
61.52,0.0031962905285916055
61.54,0.0037864464348580373
61.6,0.005042274897531618
61.62,0.004275618609155596
61.62,0.0038683987368386408
61.64,0.004611846763978633
61.66,0.003712487031016787
61.68,0.004928408018958774
61.72,0.003959086127846012
61.72,0.004015506925139967
61.76,0.0038177809940611596
61.78,0.004139953080373626
61.8,0.003566559762102184
61.82,0.006723983936377964
61.84,0.00449248829825355
61.88,0.0036022761312878293
61.94,0.003475471461199753
61.98,0.004221122362484397
62.0,0.004217453280375816
62.02,0.004402255997533966
62.06,0.002956711170684634
62.08,0.003976509215420809
62.08,0.0036797153770472546
62.14,0.0025250195669104247
62.16,0.004061565023345981
62.18,0.004045395915517225
62.3,0.004530288839805552
62.32,0.0035422862616923956
62.34,0.004345777426204012
62.38,0.0036920802824470522
62.44,0.004351961562935824
62.48,0.0039047169351668076
62.48,0.005916916175776388
62.5,0.00439234805125599
62.5,0.004271507100298777
62.58,0.0035180575736791786
62.58,0.0036578587542224206
62.64,0.0051561934673891585
62.76,0.00395335221481441
62.76,0.004632954552639568
62.82,0.004111356714186831
62.82,0.0048204290008587725
62.84,0.005188682571436787
62.86,0.004541968957520348
62.88,0.004808152212446015
62.88,0.004928474524343196
62.9,0.0042456472724575756
62.96,0.004298907656863804
62.98,0.004239384125805157
63.02,0.004542224864195199
63.08,0.003805890577902371
63.1,0.004524624381083808
63.1,0.004194515629671214
63.1,0.003668597163564824
63.2,0.0033091343781948
63.2,0.004243435756897007
63.24,0.004672615753117837
63.3,0.004023567916542792
63.3,0.004606216337589952
63.32,0.003819836925459952
63.32,0.004342945496069395
63.36,0.004004367077188764
63.36,0.0044466634199747945
63.48,0.0041494577492303675
63.52,0.0043970727625799455
63.62,0.0034358316561660107
63.64,0.003523666950521198
63.64,0.0033408791047450093
63.66,0.005528484409504819
63.68,0.002692742168746598
63.72,0.010386542734973636
63.76,0.0041854303840104246
63.8,0.004568913028764832
63.8,0.004139007200016032
63.8,0.004714229187027241
63.84,0.004118456080076771
63.9,0.0026850229770372103
63.94,0.0034631753155224265
64.06,0.004328387689280233
64.1,0.0036650527334551875
64.14,0.004906438178590378
64.2,0.0032099341436567785
64.22,0.0032508658019764214
64.24,0.0046919465506751745
64.24,0.003803446172131575
64.28,0.003488671483967587
64.3,0.0044806286553847885
64.32,0.003657657311655238
64.32,0.003012873385848991
64.34,0.004172526955316558
64.36,0.007277061611521196
64.36,0.004636392484859586
64.46,0.0035246884958155533
64.48,0.0038438202926700527
64.48,0.004294883315432818
64.48,0.003937262737213176
64.52,0.0040692452950026325
64.52,0.0034164946155840203
64.56,0.004117711451520845
64.62,0.0036348275757825954
64.64,0.0037720576560965613
64.7,0.003934338251621594
64.74,0.006700734920067175
64.84,0.004970360050310818
64.86,0.009756674572610646
64.86,0.0034678323609828032
64.86,0.012388617529610402
64.86,0.0037113536776332
64.9,0.003714497700662789
64.94,0.002845421335607834
64.94,0.00424169486189796
65.0,0.003980587006346625
65.02,0.0031489034657760095
65.02,0.004079455575198954
65.08,0.003632823616945835
65.12,0.003686189542322249
65.14,0.0032953190181788106
65.2,0.004491341007874405
65.22,0.003956973799717822
65.22,0.004800993081669369
65.26,0.0036784805931460163
65.28,0.004249850138778766
65.3,0.0032842056117475815
65.32,0.0041686310363807655
65.36,0.006719231621323818
65.36,0.004660349475244185
65.36,0.005079645800012411
65.4,0.0038833512925674496
65.48,0.003985506956759255
65.48,0.004256138876426174
65.48,0.007871209699581216
65.5,0.003873321777345229
65.62,0.0035564605825639806
65.62,0.004392768297827643
65.64,0.0032446536323808006
65.66,0.0039001208246072228
65.66,0.00442342128388562
65.68,0.0042079476377220315
65.82,0.0025811733358224176
65.84,0.004036709973272434
65.86,0.0031820093008405603
65.88,0.0032719053307371793
65.9,0.0032122775315159835
65.9,0.004092844298710596
65.9,0.004639428009982183
65.96,0.004051188041607423
66.0,0.0037545834678636147
66.08,0.004647441259423957
66.12,0.0035544461501412217
66.12,0.002712220058437964
66.12,0.003168974484662801
66.14,0.011020819881735755
66.14,0.003567470425128949
66.14,0.004211681407175982
66.14,0.0039939711337178
66.26,0.004347054690019614
66.26,0.003886967800756813
66.3,0.0043229961951072315
66.32,0.004505074620001381
66.34,0.004110514213871652
66.34,0.0038744609726047985
66.42,0.003980728416047241
66.5,0.003940241923027221
66.62,0.003267942851579164
66.62,0.004843979822976574
66.64,0.003868680923614365
66.66,0.004313663649575972
66.68,0.0046244537042572365
66.68,0.0040194629958709704
66.7,0.005064008415426202
66.72,0.004052140708178387
66.72,0.0040300972973835725
66.74,0.0038029353712689673
66.82,0.004538660192905386
66.84,0.003564741608827582
66.86,0.00404037850111405
66.88,0.0036986119976080145
67.0,0.005431884678431365
67.0,0.006524552084873569
67.0,0.004004531474612993
67.02,0.0037255010226231455
67.08,0.00410671324828038
67.08,0.003749790801303221
67.12,0.003605584167944209
67.16,0.004929997025256205
67.22,0.003539682179903969
67.22,0.003688624487064196
67.3,0.004629776476552383
67.3,0.004306177449492354
67.4,0.0038810910018528544
67.4,0.0036868972716074255
67.4,0.003450439034945574
67.44,0.0034433745591927467
67.44,0.004627407230460845
67.44,0.0035774252560881736
67.46,0.0037183561218260275
67.46,0.0034078971865344476
67.54,0.004780944761954786
67.56,0.004035628899000776
67.58,0.00363212035890359
67.58,0.003996496217261614
67.6,0.003711914480717615
67.6,0.0038088431634536457
67.66,0.0044384782897239905
67.76,0.004080152668315962
67.78,0.004053317461275574
67.82,0.004529644893244367
67.84,0.006372730435894813
67.84,0.0039365681387864004
67.86,0.003645437934886364
67.86,0.004842116574309774
67.9,0.003946638372769207
67.94,0.004401882991756367
67.94,0.003892465992054839
67.96,0.004966656927428592
67.98,0.004124127820063217
67.98,0.003287167403391633
68.06,0.004071944557731633
68.1,0.004726707197909352
68.12,0.004215435806516843
68.16,0.0039081865180056186
68.16,0.004163120355401229
68.18,0.003961324617167805
68.24,0.004863638465886
68.24,0.004120087890632451
68.24,0.003869596124532637
68.32,0.04649933477419843
68.32,0.004370179880022973
68.32,0.00371142461516083
68.32,0.003546671880132246
68.4,0.003968822815996753
68.48,0.0035285497112585995
68.5,0.0044891895997204445
68.52,0.003947427782602042
68.54,0.003371380104529975
68.56,0.0037738796287055676
68.58,0.0042736155457018254
68.6,0.004187453522317974
68.64,0.004160029392759168
68.64,0.004415113212419164
68.66,0.003185247996351781
68.66,0.012024877981388182
68.68,0.0030540857655240172
68.96,0.004049916923285157
69.06,0.00359821376599323
69.06,0.004604952116549654
69.18,0.003799114798150982
69.18,0.00411376568245958
69.2,0.006335225143186407
69.22,0.03560854107483202
69.24,0.003887723307527846
69.26,0.004488958718316005
69.26,0.00344866572360758
69.28,0.0034578577466748417
69.28,0.0039336738436771546
69.28,0.003707277172611989
69.3,0.004317367757307955
69.32,0.003639972210405573
69.32,0.00448764060967477
69.34,0.004353726016090187
69.36,0.004523514167605991
69.38,0.004049586303161434
