time (s),contrast
,
0.04,0.008223242614719628
0.04,0.005113614562713753
0.04,0.004713497324548843
0.04,0.005395277184625624
0.04,0.005144728449371971
0.06,0.005010359401245168
0.06,0.004280894737187402
0.06,0.00421502330280521
0.06,0.00455799580108196
0.06,0.004617520456488777
0.06,0.004526347379350426
0.06,0.006782094173128028
0.06,0.00459865162017159
0.06,0.004613255685887774
0.06,0.004641753754164979
0.06,0.003935878069974419
0.06,0.004153753425938822
0.06,0.010844107542095638
0.08,0.0038702191991144552
0.08,0.00481544630984998
0.08,0.004257671856543244
0.08,0.003295719322341961
0.08,0.005765315526788384
0.08,0.004450760723604952
0.08,0.004210883304989976
0.1,0.004188633705494826
0.1,0.0028738114738295906
0.1,0.004632446547285229
0.1,0.003709614362338187
0.1,0.0038351169735659774
0.1,0.0032496033978124395
0.12,0.004188446707931948
0.12,0.004151199173157205
0.12,0.004535489955073024
0.12,0.003883444800019231
0.14,0.00503074193933839
0.16,0.00436651190297721
0.16,0.004345474781518033
0.16,0.0038672726694003456
0.18,0.004773046168091821
0.18,0.003719949495544772
0.2,0.004029268592778745
0.2,0.004843926691467826
0.22,0.003642879863905213
0.22,0.003745753374669203
0.24,0.004267128969545619
0.24,0.004879596628696414
0.26,0.004315503580761049
0.26,0.004712804560293549
0.28,0.003746192703270035
0.28,0.003529106576898644
0.3,0.004334388305454184
0.3,0.003820500880770794
0.32,0.004290075027583828
0.32,0.0036789064940275784
0.34,0.005173477128542214
0.34,0.00459352737341201
0.34,0.005053010563390803
0.36,0.007974113836822005
0.36,0.006705187289425596
0.38,0.0031702806095388336
0.38,0.004853485689237602
0.38,0.004359982535833029
0.38,0.00466170423535861
0.38,0.004600321167342991
0.38,0.006338078982865647
0.42,0.00476127143832239
0.44,0.004385759519407784
0.46,0.003473465523364805
0.46,0.004402450808413172
0.46,0.0033172415274104194
0.48,0.003746477779905222
0.5,0.008051292860463799
0.5,0.003972134375784031
0.52,0.0034924154134388097
0.62,0.0044667954532952026
0.66,0.00511415990392905
0.66,0.004248347574631994
0.68,0.005342637814911955
0.74,0.0038636972245453816
0.8,0.0036029482101301857
0.82,0.0066822721863769585
0.86,0.00406283183942302
0.88,0.003896552301230205
0.98,0.003125902542573611
0.98,0.0037510013505935857
1.02,0.0037134204178855823
1.04,0.004975106262202766
1.06,0.003851468463462404
1.06,0.005830444183223205
1.1,0.004826782420539244
1.1,0.004085900421990751
1.14,0.004674738187736227
1.14,0.003973894563888414
1.14,0.0042702713625567545
1.18,0.004320806926020437
1.18,0.004860828927996996
1.2,0.004145160304654616
1.2,0.004194154991950749
1.22,0.004173450605767237
1.22,0.003342889651616554
1.24,0.004254216209718442
1.26,0.003550181389196383
1.28,0.004185819442538041
1.28,0.0056003843927477925
1.3,0.005169490315818037
1.3,0.004872090944012641
1.3,0.0045992314899852005
1.32,0.004022775954499402
1.34,0.005146392887176998
1.34,0.005100007437186416
1.34,0.0059713643794824245
1.38,0.003740637817763237
1.38,0.0037017855238123953
1.38,0.003644401398010033
1.38,0.006046614850827581
1.42,0.0053662539057748315
1.42,0.004327100236583004
1.42,0.004408436315363584
1.42,0.00864590981404778
1.44,0.004983877533517034
1.44,0.0039988912000795684
1.44,0.004121425122091238
1.5,0.008590529608532016
1.54,0.005184802466495997
1.56,0.004226856796216039
1.56,0.005147536392174801
1.58,0.004655474383484792
1.58,0.004824437409898574
1.6,0.003652001748205236
1.6,0.006227301046060618
1.6,0.004158664169404802
1.62,0.007487178062577815
1.62,0.004310229525992804
1.62,0.005218862495825816
1.62,0.0032983598118697666
1.64,0.0034697829119612056
1.68,0.0037393524355607832
1.68,0.004231152435605567
1.72,0.009376060287147214
1.72,0.006636291393037563
1.72,0.003248924280171206
1.72,0.0038398889463272523
1.74,0.004687140740951556
1.76,0.005471165042611248
1.78,0.003961454393045183
1.8,0.0035252320251659697
1.8,0.0044177223380168495
1.82,0.004758934764103162
1.88,0.005424909777184017
1.88,0.003623768223226187
1.88,0.005248471835137214
1.9,0.004469527725589173
1.94,0.00419017133377797
1.94,0.004566640759788854
1.98,0.011628102418045017
2.02,0.006474676508818833
2.04,0.004891425455413212
2.1,0.0036840092216625653
2.1,0.004297656355191415
2.12,0.003571297415512209
2.14,0.0046023452891131855
2.14,0.004991691561013423
2.18,0.00420334653109522
2.2,0.005735114481528192
2.2,0.004245138891869615
2.22,0.00440308318721061
2.24,0.004842098595565836
2.24,0.008416660224645156
2.24,0.004533100511632027
2.28,0.0051167075199968215
2.28,0.004693806805188161
2.28,0.005740178935625173
2.28,0.004392057348375222
2.3,0.003987714356849192
2.3,0.005400207917305222
2.3,0.004230905979247579
2.34,0.0045159220966454194
2.34,0.0035440850652835865
2.36,0.003781164709367957
2.38,0.004072953141465607
2.38,0.0047310701196477956
2.4,0.003975556513068801
2.4,0.003422946011036765
2.42,0.004353109126643995
2.42,0.005024683673145236
2.42,0.00484670309708235
2.42,0.004656371653454561
2.42,0.0060211620659550436
2.44,0.003515961472810414
2.46,0.007203578992676762
2.46,0.004737991783907214
2.48,0.0029623145877315515
2.48,0.004870933317494441
2.5,0.004808394774293179
2.54,0.004393415534691969
2.58,0.004537110725169602
2.6,0.0065685913083711744
2.66,0.004448131087576579
2.66,0.004652587021055976
2.68,0.0033168626159107983
2.72,0.009725390398183209
2.74,0.004698118159175979
2.74,0.003537761578272014
2.76,0.005404447081649
2.8,0.004690283453655186
2.8,0.004446700052757824
2.8,0.002595057087558361
2.82,0.0048261463825858275
2.84,0.004523456978306806
2.86,0.004615494665743958
2.86,0.0034899092817568533
2.88,0.005586535267482429
2.88,0.004424776894565996
2.88,0.00413706517009238
2.9,0.0037433163363812527
2.9,0.004251607900732424
2.92,0.00407661024501238
2.94,0.003179205825819431
2.94,0.0039041053415771465
2.96,0.004086575465713782
2.96,0.0035493977361760187
2.98,0.005873689738402965
2.98,0.002968766946437218
2.98,0.00343107730734038
2.98,0.005993285036961171
3.02,0.0032731572003084075
3.04,0.0039575224365103745
3.06,0.003121951159269609
3.06,0.004902939063428424
3.06,0.0038904657943283905
3.06,0.004053877393199179
3.08,0.0033245883517596386
3.08,0.004269369796613631
3.08,0.005145923757792437
3.1,0.004506406187571366
3.12,0.0053265693075712495
3.12,0.0033007546653049946
3.12,0.005329543894822764
3.12,0.0037961977661595814
3.14,0.00466115060263439
3.14,0.0036376699619802277
3.14,0.003852888401322807
3.2,0.0034041768674776263
3.2,0.0046695453971962175
3.2,0.004251308973959977
3.2,0.007047873250255243
3.2,0.0046396203272356384
3.22,0.003333064424900445
3.22,0.0032204010492500323
3.24,0.004462098581774043
3.24,0.005292674487011206
3.24,0.004494038867298822
3.24,0.005538730105417611
3.24,0.0038463031614224263
3.24,0.0035121683106595913
3.26,0.005004807307703585
3.26,0.004142845573315568
3.26,0.004805399677036415
3.26,0.003317053286704841
3.28,0.0030069382394749544
3.28,0.004613175871845954
3.3,0.003905756667158755
3.3,0.003963078624556027
3.3,0.004137031982538786
3.3,0.004227162428193987
3.3,0.004340575563700821
3.32,0.004182991285581195
3.34,0.004665564362274832
3.34,0.004142192217350571
3.34,0.006646658177481557
3.36,0.0032918925660355702
3.36,0.004403756445808371
3.38,0.004076434260372408
3.4,0.004502218722257978
3.42,0.003714657767768359
3.42,0.0036953714143266314
3.44,0.004071501367704844
3.48,0.007343676162166357
3.48,0.004633514073863254
3.5,0.00492033086455701
3.5,0.004432807575575626
3.5,0.004210468182397564
3.54,0.0033528797772524044
3.54,0.003717683125488369
3.56,0.004423391563090351
3.56,0.004599492699647212
3.58,0.0038814246663110286
3.58,0.005384705480579233
3.62,0.003788876447322176
3.62,0.004833743007763958
3.64,0.004942456251943006
3.64,0.003493646648259574
3.68,0.004061288564386589
3.7,0.00366730006412197
3.76,0.0048168800029180225
3.76,0.0036976269735448097
3.8,0.004499827863742034
3.8,0.00390855228469722
3.82,0.004495724130204604
3.82,0.007719542550879588
3.84,0.004319744577100604
3.84,0.004389736769696229
3.84,0.0033298115576192444
3.84,0.0040459568485513575
3.86,0.004654811221139421
3.86,0.004734616660697966
3.86,0.004377237530526434
3.88,0.004076484840398575
3.88,0.003693079531301602
3.88,0.0035025446145070527
3.9,0.004555888093653593
3.9,0.003053420020468378
3.9,0.0030330967257987673
3.9,0.004315948460293373
3.9,0.003412182061824809
3.92,0.004679079427489019
3.94,0.0037139212668562127
3.94,0.0050544814251759496
3.94,0.0046289891755515455
3.94,0.006068362114837633
3.94,0.003990776817018427
3.98,0.004261062187769782
3.98,0.0042400842110214
4.02,0.004011220462566745
4.02,0.0037582349066147547
4.06,0.004497101205338194
4.06,0.004769574359311357
4.08,0.005016250317840809
4.08,0.003297238497953159
4.12,0.004428889215858378
4.12,0.004462354275088454
4.14,0.005385276550176843
4.16,0.003593962250546423
4.16,0.004325020434931992
4.16,0.003692925689058768
4.16,0.0035370564904984025
4.18,0.004511988355398233
4.22,0.0038715653179297593
4.22,0.005212064394877203
4.22,0.005669058674831584
4.22,0.003379878407147374
4.26,0.0034074560893934125
4.28,0.004746015631298839
4.3,0.005357376061272623
4.32,0.003914156112086453
4.32,0.0037796815890301927
4.32,0.003289925792944959
4.32,0.003353656473857991
4.34,0.008458617575637595
4.38,0.0035455945674414124
4.38,0.003991461437097166
4.4,0.003680067755356786
4.4,0.002702100778740224
4.42,0.005275692912437013
4.44,0.007821756836303817
4.44,0.004359363031693819
4.44,0.004323737122187032
4.46,0.0043330912206132055
4.46,0.003563163720445184
4.48,0.0041797930232412295
4.48,0.0041395685052280085
4.5,0.004049441686515998
4.5,0.004151862670702444
4.5,0.0043109228968224445
4.52,0.003939303912427805
4.54,0.004291679760028644
4.54,0.0037727503239756155
4.56,0.004804554945569972
4.58,0.003414244687168
4.58,0.004252142957909433
4.6,0.008795986853970206
4.6,0.004405108177261807
4.6,0.005454887927864416
4.6,0.0037654063037447782
4.62,0.0072648144958473715
4.66,0.004380082540986763
4.72,0.004254337201133995
4.72,0.004517685870795596
4.72,0.003971949882457193
4.74,0.004511126629141438
4.76,0.004336615609279004
4.76,0.004321895590225444
4.76,0.005355041953702955
4.78,0.0029449498659918083
4.78,0.004497857776674774
4.8,0.010652468048607755
4.82,0.00454746675686124
4.82,0.0028103258152771815
4.82,0.004461018594431154
4.84,0.0031492469801543965
4.86,0.00432791651578035
4.86,0.0036442199151763832
4.88,0.004094057961622433
4.88,0.006889961589625959
4.88,0.005482885463394038
4.88,0.004151901855688367
4.92,0.0035691283594502243
4.92,0.004700231721474157
4.94,0.0029034628878186197
4.96,0.003647499049227232
4.96,0.004554369311710382
4.98,0.0038384832529023694
4.98,0.003165174235733148
5.0,0.0038333066700459995
5.0,0.00429242259959739
5.0,0.004387962536571366
5.0,0.003892122528722619
5.08,0.0038102271578388525
5.08,0.00420850873451617
5.1,0.0042038457912187965
5.12,0.0069624574485207535
5.12,0.003803656543985623
5.14,0.003935353688066412
5.14,0.005124230346868375
5.16,0.004029664527572363
5.16,0.0038805237552795857
5.18,0.004157875294128366
5.18,0.004865296364690019
5.18,0.005470405618178242
5.18,0.0031650603289226087
5.2,0.0035841238377409823
5.2,0.0030255365412755753
5.22,0.004727821349755024
5.22,0.004111618432749209
5.22,0.0029634379735156147
5.24,0.004086761539986439
5.26,0.0027656407473749534
5.28,0.0034507341040268535
5.28,0.004184425381602019
5.28,0.003580227703088412
5.28,0.0043821029684691926
5.3,0.0035167907962712075
5.32,0.004145203386340945
5.32,0.004573222846034786
5.34,0.004015157336593966
5.34,0.0032194005211263477
5.36,0.004654679803506423
5.36,0.004106359008199223
5.38,0.004366593720802947
5.38,0.004995364222666443
5.4,0.0048657426021837535
5.4,0.007393169964362012
5.4,0.003590235110301987
5.44,0.004042407835374018
5.44,0.004422585065175233
5.44,0.004070921638281155
5.44,0.003241656898159251
5.46,0.00446188017018001
5.46,0.00365938314150116
5.48,0.0038491625145323782
5.48,0.0034645383036068234
5.48,0.0038105725927207734
5.48,0.0035184579007015993
5.48,0.0042587307915071815
5.48,0.003835229527115236
5.5,0.010361286429667826
5.5,0.0065341313371316545
5.5,0.004720732954291984
5.52,0.004931743317843185
5.52,0.004238779356192435
5.54,0.002979938244094371
5.54,0.003832256005266821
5.54,0.003448795791427206
5.56,0.0037782058481220515
5.6,0.005297074466558804
5.6,0.0037329310904807844
5.62,0.006252777775479945
5.62,0.004626514535080228
5.62,0.0034911436187787803
5.64,0.004875724605422405
5.66,0.003647000791442756
5.66,0.0042147563551492295
5.68,0.0043750471026006155
5.68,0.004291312420793947
5.68,0.004368753103927592
5.68,0.004793183385416011
5.7,0.004388070426025625
5.7,0.004149782008098346
5.7,0.0037309171283187448
5.72,0.003200520840554444
5.72,0.00620881338727719
5.74,0.0036494209864660343
5.82,0.003839559331713205
5.84,0.004463566903346816
5.86,0.003468128507353785
5.86,0.004266401595317992
5.88,0.0034525318647722347
5.88,0.005086044248988397
5.9,0.003967373394934026
5.92,0.005026797565312435
5.92,0.003527958260732378
5.92,0.003534737371636232
5.92,0.007341670298612435
5.94,0.004219670418458388
5.98,0.0037134945852299595
5.98,0.0044857584960288355
6.0,0.004746055552024009
6.0,0.004911222833222428
6.02,0.007870343730638996
6.02,0.007698117126546777
6.04,0.004602979171671406
6.08,0.0058087551467808085
6.08,0.005064933714483799
6.3,0.009361441681332017
6.42,0.0061759508867379465
6.48,0.006137948179008368
6.54,0.006592735067212363
6.76,0.005392344865982834
6.86,0.004979064540740374
6.88,0.004127315977559998
6.94,0.005298304742172855
6.94,0.006466114428648417
7.0,0.00585801844699485
7.0,0.004349387742460409
7.02,0.004071082249387237
7.02,0.004053910752394363
7.02,0.004921546580222369
7.02,0.004557556437373433
7.04,0.004241796245847196
7.06,0.008199403171227582
7.06,0.005411120944675996
7.08,0.0049888688864168085
7.08,0.004437255219059355
7.08,0.0043058793556155495
7.1,0.004772850841245568
7.12,0.00709506378600222
7.12,0.0047681316660616035
7.12,0.003351832142664213
7.14,0.00389541877738242
7.16,0.003542765609113041
7.16,0.0027485155494112457
7.18,0.005198921615759189
7.18,0.0048784546889192315
7.2,0.004589183250051643
7.2,0.004057786159823551
7.22,0.004631376613539184
7.24,0.004325334310477547
7.24,0.004743030557805228
7.26,0.004223508314867841
7.26,0.004283601720140751
7.28,0.004232933744941159
7.28,0.00379538689430281
7.28,0.00425519773942995
7.28,0.004393674471518616
7.3,0.0033742770365291497
7.3,0.003512600498670748
7.32,0.005274254200817841
7.32,0.00390703734962039
7.34,0.003493626438781594
7.34,0.004311070632088354
7.38,0.0036472266147280497
7.38,0.003775480529974562
7.4,0.003142523058751623
7.42,0.003256346545208788
7.42,0.0039179936643704005
7.42,0.004210073314625418
7.42,0.003520191768394798
7.44,0.004447212682188839
7.44,0.00439933229683398
7.44,0.004272799397430416
7.46,0.004475150737463962
7.46,0.0033231170788720066
7.46,0.0043114512224201595
7.5,0.0039530648722597705
7.5,0.0038117384519279485
7.5,0.006900367267574037
7.52,0.0032168425198672024
7.54,0.003915510870857841
7.54,0.004243952550347596
7.54,0.004249084762578015
7.56,0.007047046752010844
7.56,0.0034930600517454335
7.56,0.004766188572343788
7.6,0.006317485508827159
7.6,0.0038424925067491733
7.6,0.005343326473985832
7.64,0.004735237695717598
7.68,0.004049187310203983
7.72,0.003569503654633155
7.74,0.00396216507538838
7.76,0.003592964439179558
7.76,0.004241809420007625
7.76,0.0047962265940554305
7.78,0.004215669564741398
7.78,0.004067501230014425
7.82,0.003893102996531783
7.82,0.004278452287621359
7.82,0.003625060754619769
7.84,0.005055879733145363
7.86,0.007939334587950042
7.86,0.004582492838109631
7.88,0.00404280263115564
7.9,0.0041034477269525915
7.9,0.00401259332511239
7.94,0.004802269368747614
7.94,0.0036234583039683743
7.94,0.0033562094058011693
7.96,0.006653860849749171
7.96,0.005197743749957184
7.96,0.005042747775466205
8.0,0.003415758299485594
8.02,0.003460203640620385
8.02,0.0038381419235001824
8.02,0.0043379304682588105
8.06,0.008398955842208622
8.06,0.00733654213678081
8.06,0.0044568415838646125
8.06,0.010290747857188642
8.06,0.0040701062960532
8.06,0.0045377080113440105
8.08,0.003545219019364776
8.08,0.0033196840249187787
8.1,0.009011207519128428
8.1,0.004134988721377186
8.12,0.004310197492104373
8.14,0.0034679356255338245
8.14,0.003637625080112783
8.18,0.004714125513941569
8.24,0.007743048750662007
8.26,0.004435424913000974
8.26,0.00738919216187317
8.28,0.004182039231672374
8.28,0.004322761203165437
8.3,0.006844815464026821
8.3,0.003590868956283577
8.3,0.005367057232703587
8.3,0.0032032885167248004
8.3,0.003281793431021973
8.32,0.008068372058508855
8.34,0.004255464209983795
8.36,0.0042940773038824265
8.38,0.006861133428402222
8.38,0.0036982962307927636
8.38,0.0027333012310167826
8.4,0.005763278296975649
8.42,0.005605657587205992
8.42,0.004329421212311613
8.42,0.0038508799863228305
8.48,0.004175821134371649
8.48,0.00385629195237025
8.48,0.004191811971241632
8.58,0.004745749172833991
8.58,0.004399329599818813
8.58,0.003975434995281635
8.62,0.004274982099278235
8.62,0.0035517473583296377
8.66,0.0045091736179879716
8.68,0.004409256876595435
8.68,0.00322283864411399
8.7,0.005606946680234426
8.7,0.00433419832234283
8.7,0.005323482845475236
8.72,0.0038800811389479994
8.72,0.004069992085794394
8.72,0.004651239200244017
8.72,0.004293378445688445
8.76,0.003174480965082438
8.76,0.003447231218733582
8.76,0.004864796329641208
8.76,0.00439833482014218
8.78,0.004822261786246562
8.78,0.005855220659307214
8.8,0.0038824218700032054
8.8,0.0037846810103944195
8.8,0.0038159245971698397
8.82,0.0033105927246271927
8.84,0.003983206015541252
8.84,0.0042656412282392475
8.86,0.005255157611821604
8.86,0.004021841522112379
8.86,0.003492886233818049
8.86,0.0025817659143996252
8.88,0.004831369481390846
8.88,0.0036735285103668414
8.88,0.003275886818605578
8.9,0.0035156408186346466
8.9,0.0037266743929136315
8.92,0.003557144703492443
8.92,0.00441374549606921
8.92,0.004665464928469754
8.94,0.0027101484222732397
8.96,0.004888874470676985
8.96,0.003345203778692407
8.98,0.0033518080020341623
8.98,0.004560270541757783
8.98,0.004704694589324432
9.0,0.0038685307811635594
9.0,0.004405058376074411
9.0,0.003512162485283965
9.02,0.0035218305291310203
9.02,0.004108471257868951
9.02,0.004198039739577553
9.04,0.003101309082142012
9.06,0.0036761146633695896
9.06,0.0038163367855279517
9.06,0.003247654956650581
9.06,0.0034769824843620123
9.08,0.003988549317899048
9.08,0.00477491241164163
9.08,0.00482860269108798
9.1,0.0049187053182320195
9.1,0.0032379814569998278
9.12,0.004232881736349836
9.14,0.0032292174986283673
9.16,0.0048617536391304395
9.16,0.004303624534165551
9.16,0.0033905578414723525
9.16,0.004316261393761622
9.18,0.004091785394887193
9.18,0.007551446308963983
9.2,0.003797044660100446
9.2,0.003800492383458587
9.2,0.003839700596809159
9.22,0.009046952333220615
9.22,0.003344233668786778
9.26,0.004319073875621249
9.26,0.003798762329686789
9.26,0.0038059011303960277
9.28,0.003217009417801564
9.3,0.006802237877261752
9.32,0.0033449855023870434
9.34,0.0034418296505943635
9.36,0.004146151466008163
9.38,0.00414749270126924
9.4,0.0042851118969355895
9.4,0.00533011537645478
9.44,0.004808449410287574
9.46,0.0031042189100187745
9.48,0.004659948116810808
9.5,0.012432294918336417
9.5,0.003953750179606419
9.5,0.003949270054899978
9.52,0.003547209116743999
9.52,0.004075368641215049
9.52,0.004539627942150792
9.52,0.004513213517888359
9.52,0.004144963214495201
9.54,0.0036041445259720195
9.56,0.01232275086779877
9.56,0.003576690811437633
9.56,0.004026647822355955
9.56,0.003851343620033809
9.56,0.004025134348611958
9.58,0.005207331223875622
9.58,0.0040297997400483565
9.58,0.005782807473457607
9.62,0.004000843142458965
9.66,0.004237187715880997
9.66,0.0028773537387634107
9.66,0.0037888644357941814
9.66,0.0036369840931136377
9.68,0.0035210412963787574
9.7,0.004234010694430412
9.72,0.0034014313082939562
9.72,0.004222392243843243
9.72,0.004624936994537032
9.72,0.0041853063630862275
9.76,0.004825868033891845
9.78,0.004502542346757954
9.82,0.003681884455378426
9.82,0.004075320619562617
9.82,0.005769088332772454
9.88,0.002939807026761998
9.88,0.004037645579815008
9.88,0.00363247301637859
9.9,0.003178337892878025
9.92,0.0034089593112339722
9.92,0.003127980824280563
9.94,0.0072194046827700475
9.94,0.0038706989902268507
9.94,0.0035928236205859942
9.96,0.002998218552054177
9.96,0.00457801058131635
9.98,0.005293364286258373
9.98,0.0032133409964512083
10.0,0.003950867421571358
10.02,0.0043202439100987755
10.04,0.002702657901636152
10.04,0.0041421613378685995
10.06,0.005949541908784828
10.06,0.004246835151877626
10.06,0.003114690563967959
10.08,0.0038776541066831705
10.1,0.004417656553745042
10.1,0.00450427616013882
10.1,0.004730148733547157
10.1,0.004855414467135
10.1,0.003949078560051222
10.12,0.00724166125244563
10.18,0.005623254127298805
10.18,0.0038760225753263766
10.2,0.007291631579336211
10.2,0.0038170024409119874
10.26,0.004275606040174851
10.28,0.004092934267543202
10.28,0.0037673958161964505
10.28,0.005068583815128758
10.3,0.004779064368683583
10.3,0.00400723333380637
10.32,0.004336486071228829
10.32,0.003692997155812394
10.32,0.004015403394911354
10.34,0.004352618716544243
10.34,0.004831603348085967
10.36,0.00332880136037339
10.36,0.0034456934820500384
10.38,0.002622150080992758
10.38,0.004268022190551224
10.4,0.003917373000679403
10.4,0.004614275222422415
10.4,0.0031636200014971694
10.42,0.003950521858244849
10.44,0.003805335055331649
10.44,0.004148947473749609
10.44,0.003985011978689945
10.44,0.004491572391543963
10.44,0.004807665329972788
10.48,0.003419061782819033
10.5,0.004268891146806397
10.5,0.004056963694786808
10.5,0.0037655598380151867
10.52,0.004272309683865605
10.52,0.0056178025299458145
10.54,0.0037183853028955882
10.56,0.004382833858482038
10.58,0.005600968176796783
10.58,0.00416256357180822
10.58,0.0030117698915593794
10.6,0.004277171980388017
10.6,0.004306562419300608
10.6,0.004105334360176016
10.62,0.007263180056503615
10.64,0.0037973218028112266
10.64,0.0038801022014504083
10.66,0.003459776754556221
10.68,0.004276443749061998
10.7,0.003820725726602636
10.7,0.0032080753545987717
10.72,0.008613656344447995
10.74,0.004707009070333168
10.74,0.004041910722234032
10.78,0.0038898903480576452
10.78,0.0035022081470563737
10.8,0.006753268444512961
10.8,0.004527966349265777
10.8,0.00389307269574235
10.82,0.0036268582339336053
10.82,0.004256340307971951
10.86,0.006850078707112406
10.86,0.004300642340701155
10.88,0.004061382469026431
10.9,0.003674679772667
10.92,0.0030413003734778288
10.94,0.003999335013897598
10.96,0.003387521302600227
10.96,0.004849779872249771
11.0,0.003875702687345828
11.02,0.0036854466256005525
11.04,0.007596902512908454
11.04,0.003772352846129423
11.06,0.0040052381454823704
11.06,0.002870765174599166
11.06,0.004778220471995609
11.08,0.0034487224982171494
11.08,0.0038562509534327827
11.08,0.004933611320743214
11.08,0.004302583548140171
11.08,0.00417253669636819
11.1,0.0034090459893419967
11.1,0.004041047498324346
11.14,0.003391629673730412
11.16,0.004005554136808365
11.16,0.0036428768847813764
11.16,0.004544188251820014
11.18,0.0038909735591580175
11.18,0.005239437082640963
11.18,0.0028056357401308185
11.2,0.004917109673591047
11.22,0.005704006479171797
11.24,0.0035513276698724283
11.24,0.0033552395681901714
11.3,0.004336751113900195
11.3,0.003987514748816756
11.3,0.0035823335611564477
11.32,0.004226688438705217
11.34,0.004769552830714008
11.36,0.003487112807570747
11.38,0.003873450788982824
11.38,0.004065589391210045
11.4,0.003825280403355169
11.46,0.003968779813612766
11.46,0.00292968519309722
11.48,0.008100437501402435
11.48,0.0035061221022354427
11.48,0.004186181117236787
11.5,0.0049074266834759905
11.5,0.004200534114488397
11.5,0.00361257878415977
11.52,0.004721756703642388
11.52,0.003914036602069015
11.52,0.0029178918484171756
11.56,0.008230215718009193
11.56,0.004698347193207386
11.58,0.0032081144505026193
11.58,0.00450951543169642
11.6,0.003797634814967199
11.6,0.003620075997329608
11.6,0.003383916993844438
11.6,0.004173916221527962
11.6,0.003186252504037035
11.62,0.0045960475267246
11.64,0.006016076162566053
11.68,0.004839131237876049
11.68,0.004310263352379606
11.68,0.004110855488006826
11.72,0.0037416395892837517
11.74,0.004329162787084617
11.76,0.004152448677664178
11.76,0.005761935636083959
11.8,0.0045035821263149645
11.8,0.004139403316389179
11.8,0.0035116961253823797
11.84,0.00445547454248163
11.84,0.005165826416246966
11.86,0.003598389989677986
11.86,0.004256700935017177
11.88,0.003757748760275015
11.88,0.004219544840690759
11.9,0.004013599491434761
11.92,0.004258330190573978
12.0,0.004552479975795998
12.0,0.007163899817687613
12.0,0.004828995068799191
12.06,0.004276163287015633
12.06,0.004542638775073549
12.08,0.004085783920021235
12.08,0.004563583630802226
12.08,0.0037818609729736163
12.08,0.003926629739836596
12.1,0.0041712189180329595
12.1,0.0046122284126683954
12.14,0.0047071481686685734
12.14,0.0035511648661034068
12.14,0.003485340475633647
12.16,0.0035181947414771875
12.16,0.003029203320035756
12.18,0.0037218605578479558
12.18,0.0040425401511759995
12.2,0.003701777882372026
12.22,0.0031737881805365964
12.22,0.004404016927894827
12.26,0.004378668835799959
12.26,0.0036581192156656117
12.26,0.008578852027847361
12.28,0.003893449460183218
12.28,0.004084762850325441
12.28,0.003700574207060159
12.28,0.004383751982413253
12.3,0.008191977437413622
12.3,0.004650691733576795
12.3,0.008257960769393224
12.32,0.0033632850446692064
12.32,0.0038981778982819515
12.36,0.00454833594270776
12.36,0.004710623748306775
12.36,0.003766797922698628
12.36,0.004464680921702047
12.36,0.0047644347878523785
12.36,0.008122761470093165
12.36,0.003554059198301651
12.38,0.002868212385642388
12.38,0.0034124036943355973
12.38,0.0042732349036660455
12.4,0.0037139559966471447
12.42,0.0034111421106551854
12.42,0.011195820077124385
12.46,0.004772446488682802
12.48,0.0048752057882975874
12.48,0.005090018976107169
12.5,0.003222453146333182
12.5,0.005233685881862238
12.52,0.004716212310260204
12.52,0.004583878175798639
12.54,0.003652414096886436
12.54,0.004612147333966421
12.56,0.004142977955379545
12.56,0.005276170530204349
12.56,0.004453414777575215
12.58,0.004305444977591222
12.6,0.0033676293878304175
12.6,0.0029461776988723987
12.62,0.004178744353432351
12.66,0.003977055905661553
12.66,0.0035748833693169946
12.68,0.004461108985701179
12.68,0.0030589158436915564
12.68,0.004343490442778597
12.7,0.0063178296825388
12.7,0.004098208159459049
12.7,0.00396230457974045
12.72,0.004150955987958782
12.74,0.005080696412100627
12.82,0.0045311576328775915
12.84,0.006452424538904378
12.86,0.003040488373859618
12.86,0.00445203563320995
12.86,0.003931496211706853
12.86,0.003372001510495548
12.88,0.004463288544893196
12.88,0.005272399796799165
12.88,0.003870673504149824
12.88,0.0050748195087712
12.92,0.006299914727667777
12.94,0.006527213082794803
12.94,0.005121006703904807
12.94,0.003207990807453598
12.96,0.004500553254558781
12.96,0.004659388562154754
12.98,0.004256308841802392
12.98,0.0034742040148579845
12.98,0.005354845925648832
13.0,0.003952472661861051
13.02,0.003759860890168998
13.04,0.004643470895424051
13.06,0.006005778543113571
13.08,0.004391702756007976
13.08,0.004176377840750201
13.1,0.0038228103941015945
13.12,0.00457501760955481
13.14,0.00385141524382282
13.14,0.004300586426371655
13.16,0.0049054257261733625
13.16,0.00405221936356559
13.2,0.003985791132972039
13.2,0.003669886855844351
13.22,0.004402875642584347
13.22,0.003693982255696393
13.24,0.004682134058771603
13.26,0.0046357336152903494
13.28,0.003615828798415155
13.28,0.004123463917552361
13.32,0.0038696917161383793
13.32,0.006178927927422806
13.32,0.00494968628721959
13.34,0.005638535084262819
13.36,0.004076167857940405
13.36,0.004265068302109154
13.38,0.005031196376433011
13.38,0.0037992539561921834
13.4,0.004360817434608033
13.4,0.00596608191250203
13.4,0.0029594326485608002
13.42,0.00324342325292315
13.42,0.0036312419266963936
13.46,0.003798852499676597
13.48,0.0042731778661380115
13.48,0.004211431629735363
13.48,0.0031959519983304485
13.5,0.0035360855489745546
13.52,0.0036668938626239767
13.54,0.0037151593098809776
13.56,0.003889194507770588
13.56,0.006499783728905029
13.56,0.003630568854463445
13.58,0.0033960612450335548
13.58,0.003762783351264787
13.6,0.004097247002537441
13.62,0.0034481694587708
13.62,0.004139134613880824
13.64,0.003537599352684828
13.66,0.004813523827756239
13.7,0.0030857069244020208
13.7,0.003403725018052195
13.78,0.004658300722950814
13.78,0.00402967711470259
13.78,0.004104981472257574
13.78,0.004535563518257235
13.78,0.0038066200966619945
13.78,0.005014579664641028
13.8,0.00467492996643204
13.82,0.0034697505620946423
13.82,0.0030501503741630076
13.82,0.003140920636647171
13.84,0.008138195248584168
13.86,0.004823030655846772
13.86,0.004680487185786397
13.88,0.006754155261430195
13.9,0.007613261669213389
13.92,0.005640112918728013
14.0,0.00511675350422125
14.04,0.004610284965108402
14.22,0.0043811146348216035
14.32,0.0057286969484510175
14.4,0.006800729477309253
14.44,0.004739884248495807
14.5,0.004762647666013198
14.54,0.004724031430195175
14.54,0.0033722090315300157
14.54,0.0038000434836595876
14.56,0.004734305840360609
14.56,0.004855236917673644
14.58,0.0036320690493919505
14.6,0.01009829088177916
14.6,0.003496456331314346
14.6,0.007409513967690851
14.6,0.004916087116244805
14.62,0.007197072742401001
14.64,0.004257198096361159
14.64,0.0037976213923431867
14.64,0.003792576236124612
14.64,0.0040621511691043555
14.66,0.0035050724982920167
14.68,0.0046353531707874485
14.68,0.007126845021958039
14.68,0.0041595976038479865
14.7,0.004354051165067041
14.7,0.003874180852636022
14.72,0.0036859148993195756
14.74,0.00764862490312479
14.74,0.0043205148398384186
14.76,0.004411977643396847
14.78,0.002843087502303998
14.78,0.003185444759131184
14.8,0.002917412983566847
14.82,0.004220246831732388
14.84,0.007414585837014154
14.84,0.004901298432869239
14.84,0.004147990959716963
14.86,0.005122148939905591
14.88,0.003057296539754173
14.88,0.00372477225936918
14.88,0.004693291525959209
14.9,0.0035181195863076553
14.9,0.0040918307318548175
14.92,0.004066541792784206
14.92,0.004732459458927973
14.96,0.0034121389018789694
14.96,0.004018411665881794
14.96,0.004428402587428604
14.98,0.004317748820798606
14.98,0.003396721862286234
15.0,0.004661559571744411
15.0,0.0042461664050488235
15.0,0.004514225374122827
15.02,0.004822238436761994
15.02,0.0073471943496702385
15.04,0.004525388420600018
15.06,0.0063294404751012
15.08,0.0039058996708332128
15.12,0.005089072478884349
15.16,0.003677389333061165
15.16,0.0030205068970480253
15.16,0.0037427682614395996
15.18,0.0047976383488980145
15.18,0.0048014896705271815
15.18,0.003887793746472412
15.24,0.003758789614572766
15.24,0.004096825689974382
15.28,0.004515603304454996
15.3,0.00547127820509119
15.32,0.004090020583567999
15.32,0.0037576344239987902
15.36,0.007906402289535985
15.4,0.007873502289458822
15.4,0.004708280132617593
15.48,0.0038517018098633837
15.48,0.004757131849935647
15.5,0.003989931088665966
15.52,0.0048942682836411455
15.52,0.0041664549655330285
15.54,0.0027859955710843876
15.56,0.004364345459053398
15.56,0.0043770605425194065
15.56,0.00410406192513002
15.6,0.0036362749254793547
15.6,0.0035240092300919956
15.62,0.003678110595673245
15.62,0.0038238645615780165
15.62,0.0027543138456603833
15.7,0.006533278830910816
15.7,0.004310517805719005
15.72,0.003906416988543215
15.72,0.0038427843423100017
15.72,0.004535976270946374
15.72,0.003231892578350215
15.74,0.004097526031618948
15.74,0.004285818790006779
15.74,0.003861484370904611
15.8,0.0037613544790655595
15.8,0.004586704327153579
15.8,0.003339773341679564
15.82,0.003548651299170036
15.82,0.004034020818935002
15.84,0.00325205440349563
15.84,0.004052231835233844
15.86,0.003993662840725998
15.86,0.004050585125415229
15.86,0.004170066616538404
15.86,0.0036375897449751893
15.88,0.004343443154316451
15.88,0.00440281743939841
15.88,0.0039287582355868045
15.9,0.0032417391620913616
15.9,0.004699408962588025
15.92,0.007120116477940641
15.92,0.004392725428581601
15.92,0.0035053386707968315
15.94,0.0066725454851179755
15.96,0.0037054976169580423
15.98,0.004501585595169555
15.98,0.002944536156526345
16.02,0.0031442288421368314
16.02,0.004045466326366598
16.02,0.003578617891567215
16.02,0.004164864076661945
16.06,0.002891172644315154
16.1,0.005186998581191649
16.1,0.003344227685643575
16.12,0.004034593225013761
16.12,0.004014139144655204
16.12,0.004358129461311644
16.14,0.009267190493090438
16.14,0.004795394178817025
16.14,0.0028907748466692196
16.14,0.004269856716136
16.16,0.005498962468387214
16.16,0.0039809848036067574
16.16,0.005315170542636638
16.16,0.003174032211709643
16.18,0.003491072308980603
16.18,0.0038395956401395814
16.24,0.004259657145906037
16.26,0.0038400457191235526
16.32,0.004455308853349549
16.32,0.003038524670129217
16.36,0.0048663489981529695
16.36,0.0048589912293491855
16.36,0.004934185803912583
16.4,0.0037155292207148305
16.42,0.0041348313122367975
16.44,0.008267053641599631
16.44,0.005418061389148354
16.46,0.003989257254526035
16.46,0.0047316726004368315
16.46,0.004010610852535179
16.5,0.0034706998910504216
16.52,0.004626083672824022
16.54,0.0040654828354244055
16.58,0.004092855014024455
16.58,0.0030072403422087834
16.58,0.004610735788331821
16.6,0.0036110460911251696
16.6,0.003506401007559168
16.64,0.0035184009841956465
16.64,0.0037432439183000543
16.64,0.0036894515225075475
16.66,0.0038184417145635807
16.68,0.004302321248784158
16.7,0.003718845510423008
16.72,0.0035760518428937793
16.74,0.003925511065677956
16.76,0.005624671917576429
16.78,0.0037711551126460297
16.78,0.0037434367868336427
16.78,0.0038033735411158176
16.8,0.0042045840235975795
16.8,0.004035477167163015
16.82,0.004458040334620161
16.82,0.003976644119664363
16.82,0.0038258245129489943
16.84,0.006018574556526768
16.84,0.004297354184180646
16.84,0.004478196303764004
16.84,0.003943064683951003
16.84,0.0040015917396574174
16.86,0.003792681363618433
16.86,0.0042470005079620066
16.86,0.003355021370490152
16.86,0.005577494627317603
16.88,0.003912594594569607
16.88,0.0041811618088883895
16.9,0.00521334036865484
16.92,0.004072600095543999
16.92,0.003874769703088421
16.92,0.004122850682743984
16.92,0.00340209725259355
16.94,0.0065909231836431825
16.94,0.004709079466975963
16.98,0.004608075686770352
16.98,0.00745358198613677
16.98,0.004565385580272752
17.0,0.005147720265826994
17.02,0.0030985313340208265
17.02,0.0031108760862363916
17.04,0.004052781513262049
17.06,0.0034399734114951563
17.08,0.004332062946664772
17.1,0.004461262885655182
17.1,0.0035307535308100046
17.12,0.0038891672575660508
17.14,0.003904883134987047
17.14,0.004025196866761616
17.14,0.003730775208017012
17.16,0.004093431695102789
17.16,0.004175277686518819
17.18,0.0033028976758667783
17.22,0.003230948275155354
17.22,0.003887507341493235
17.22,0.0034651273982043707
17.24,0.004193242754086612
17.26,0.0031350321982336338
17.26,0.0034686987510423872
17.26,0.005308470278710842
17.28,0.004145373428727561
17.28,0.004746488957535155
17.28,0.0038007187948684296
17.3,0.004027976934913191
17.32,0.004132374471309208
17.32,0.00789534000511205
17.34,0.004277263506496043
17.36,0.003422097221993603
17.38,0.004861315918806786
17.4,0.003627139110201627
17.42,0.0070257488621255915
17.42,0.0043009921577390475
17.44,0.0027125507567845597
17.46,0.0038999476031049696
17.46,0.0031067594685512123
17.48,0.00473874303284838
17.48,0.004786197405790449
17.48,0.006512432946916391
17.5,0.006368799236256217
17.54,0.0043717631284255765
17.56,0.003410839101037233
17.58,0.004043645014419228
17.58,0.003408356107186039
17.62,0.0036228232791304382
17.64,0.004135002694297563
17.64,0.00432265240992824
17.66,0.004306767529675626
17.68,0.0040677843333649655
17.7,0.004300653771873386
17.7,0.0041831374701627455
17.7,0.003816576145734385
17.72,0.0025894307797935667
17.72,0.00356480584220642
17.74,0.00416953330246117
17.74,0.004446783187778358
17.76,0.004215750171894017
17.76,0.0033052991013001742
17.78,0.003887602226004816
17.78,0.004271797432536362
17.8,0.004733318940996822
17.8,0.0042130480589371855
17.82,0.003734132067181206
17.82,0.006545417010613952
17.82,0.0035082452026472533
17.86,0.004578929796034248
17.88,0.003678826678331193
17.9,0.00451702518876318
17.92,0.004132802289137816
17.94,0.0030619774036397818
17.96,0.004230850085682025
17.98,0.003995987484425645
18.02,0.0040898943624909645
18.1,0.0040558918546069744
18.12,0.0036275129896118363
18.12,0.003957697582515962
18.14,0.0032699746827623555
18.16,0.0034166306860111684
18.18,0.0033223028443083447
18.24,0.004022065718659373
18.28,0.003368107286276789
18.28,0.004133548919503238
18.3,0.005442454393488005
18.3,0.004093728429313215
18.3,0.0027967648343656393
18.3,0.0030202453825449727
18.3,0.004726459535735028
18.32,0.003239780372350398
18.32,0.002658094011349421
18.36,0.004849321942866247
18.36,0.0032806028228553608
18.36,0.0045115447424664
18.38,0.0036107445840175556
18.38,0.004362077755341587
18.38,0.0037578868122012388
18.38,0.003999502586735204
18.4,0.004038715260242798
18.42,0.0037533805676391863
18.44,0.0047893022856879686
18.46,0.00354008926200744
18.48,0.004242348703732413
18.48,0.0034607147832631524
18.5,0.003593665498610399
18.54,0.003726550415838581
18.54,0.0032252026051029503
18.58,0.0036204808838752323
18.58,0.004354416512741599
18.64,0.004564914459127989
18.64,0.005855544251766598
18.64,0.003908980426698849
18.68,0.00226036643953742
18.7,0.0038092790001555965
18.7,0.0034851603171034418
18.72,0.007093108141615567
18.76,0.004150165353577595
18.78,0.003526347816804387
18.8,0.006834935992540814
18.82,0.004391908770156827
18.82,0.004197605327614817
18.84,0.003200684596916581
18.84,0.004013295720237231
18.86,0.003962852821702834
18.86,0.0034519485519080018
18.86,0.00524242263067376
18.86,0.004587052057325569
18.92,0.009899986371530556
18.92,0.0047180975062075525
18.96,0.004042676368084641
18.96,0.0037615040242243714
18.98,0.003361940694775245
18.98,0.004365109922000454
19.0,0.005861181158127171
19.02,0.004396422410096634
19.04,0.004703005962339191
19.1,0.005059992678961622
19.1,0.004587657604775197
19.1,0.004752790697735598
19.12,0.00651032465669843
19.12,0.002776165531837238
19.12,0.0041044476207772185
19.12,0.004056733542135205
19.16,0.0036403101901888446
19.2,0.003347095230439634
19.2,0.003934067061385216
19.2,0.004286653444109612
19.24,0.0033902218717991595
19.24,0.0034092850259556107
19.26,0.0033885093071112093
19.28,0.004857065867475252
19.28,0.004638112342705947
19.3,0.004859591837569233
19.32,0.004044278602110429
19.32,0.003095064417445559
19.32,0.0048281870932124216
19.36,0.0037810526283241774
19.36,0.0042822257736584435
19.42,0.004006226507776822
19.42,0.0038987805501508044
19.42,0.0034792951349802426
19.42,0.004059662459972246
19.44,0.0036572792399519605
19.44,0.005010803816669185
19.44,0.0030874912417887534
19.48,0.003391207825164444
19.48,0.0034236538580616482
19.48,0.00361544168433936
19.52,0.005587379333339637
19.52,0.004253438447691993
19.56,0.003317889808119978
19.58,0.004428316503293228
19.6,0.004031229493718369
19.62,0.003965320663414373
19.62,0.004209882469127568
19.64,0.0028479080423151615
19.64,0.0037190954302958046
19.66,0.0037759980537795945
19.66,0.003987625082257584
19.68,0.003779223959627376
19.68,0.0030101804368778406
19.7,0.004483484633598156
19.72,0.003643947512970813
19.74,0.005840390585755251
19.74,0.0038664961855680025
19.74,0.0038834373379548204
19.76,0.004306429791065547
19.76,0.004453457408563177
19.78,0.005108824539370005
19.78,0.004556868261243796
19.78,0.0035980541854941928
19.8,0.003488274505698219
19.82,0.004314955085570782
19.84,0.00375686786973084
19.84,0.004074633847248377
19.86,0.003870669206801236
19.86,0.004648731797523231
19.88,0.006830940478927405
19.9,0.0042999797759814
19.92,0.004804292963354384
19.92,0.004653561245017035
19.92,0.003764774591815012
19.92,0.003870975310466429
19.92,0.0042427177646527925
19.92,0.0037451496196527767
19.94,0.004522111240785054
19.96,0.00394078113507923
19.98,0.004097927469517981
20.0,0.004314033247228233
20.0,0.004607132803667979
20.02,0.004036929263397604
20.02,0.008153393551036392
20.04,0.004167017200796819
20.06,0.004741048808874604
20.08,0.0035012679980386263
20.08,0.0038317987247370455
20.1,0.004088261569517249
20.14,0.0045709026397745545
20.16,0.0034240779868164317
20.18,0.003091628563964388
20.18,0.0036670160624707737
20.18,0.004268659406365227
20.22,0.0030315797413119627
20.22,0.005510887332972447
20.22,0.0039032919098254126
20.24,0.012125465778224376
20.24,0.0038344060043331574
20.26,0.0033444996010197903
20.26,0.005557818076599608
20.26,0.0035761531202247454
20.26,0.004323791759450413
20.26,0.004283367354520395
20.3,0.0041201369494922035
20.3,0.0036980815315319493
20.32,0.004780835155802188
20.32,0.0033413880222528114
20.34,0.003317307021029614
20.36,0.002999062948334408
20.36,0.0039544206870599785
20.38,0.0047058143123119844
20.38,0.0043010448173643745
20.4,0.0036538740591656182
20.4,0.006029192717372789
20.4,0.004019439386776402
20.44,0.003764288624608203
20.46,0.006489398978168803
20.48,0.005915321218336822
20.48,0.0036159974413075835
20.5,0.0039489158241363675
20.52,0.00445364167950324
20.52,0.004342894524129393
20.54,0.004197488016306039
20.56,0.004358086751353185
20.58,0.004960514193125154
20.58,0.0031576412813247856
20.6,0.004801004731727843
20.62,0.004346646872019244
20.64,0.005152464962907999
20.64,0.0057052120998040134
20.66,0.005047930566704384
20.66,0.004516381424451987
20.68,0.003887682147657001
20.7,0.004917818981332367
20.82,0.004385226502122808
20.92,0.0037872758531868334
20.94,0.005127217841936815
20.96,0.00414572696200044
20.96,0.004068747639377368
20.98,0.004800185235467547
20.98,0.0034052361565107825
21.0,0.003490954520440015
21.0,0.0037330621308936385
21.0,0.003405494890142413
21.02,0.004161934124002009
21.02,0.0048720143449919595
21.04,0.005367974421571442
21.04,0.0043397687626137715
21.04,0.004163902302173561
21.06,0.004309679184672954
21.06,0.006471223131037651
21.06,0.004304883919415969
21.08,0.002658637053423951
21.08,0.004645480980539962
21.08,0.004148704443150852
21.12,0.004584183186384427
21.14,0.0035806364372278354
21.16,0.0037637194028375953
21.16,0.003256857984187178
21.2,0.004450814212888177
21.22,0.00301617958070044
21.22,0.004259478090710589
21.24,0.0036604425440776023
21.26,0.0033969555118433803
21.28,0.0028380587254391854
21.3,0.0037001485251761945
21.32,0.0030427735726977767
21.32,0.0046178815342704516
21.34,0.0040551378874905675
21.34,0.004539337564395951
21.4,0.00463319682941965
21.44,0.006746034816654811
21.44,0.003610925686701183
21.44,0.003789434030269767
21.46,0.004122898866907199
21.5,0.003096209098126579
21.52,0.006928558189107981
21.54,0.003761752662756801
21.6,0.0033016114650875616
21.6,0.0038909452658190125
21.62,0.003756919423044791
21.64,0.004336432416280012
21.64,0.0034632012839820314
21.64,0.006982865264184235
21.66,0.004237709161902359
21.68,0.006313245758775565
21.7,0.004759542104404768
21.7,0.007665856470278842
21.7,0.003183890773904019
21.72,0.00656005538804405
21.72,0.005142526683155846
21.72,0.004561625793463198
21.74,0.0033227906967580045
21.74,0.0036682638937731715
21.74,0.003913946600245577
21.76,0.003578641955920836
21.76,0.00314376941857597
21.8,0.0041448531296309765
21.88,0.00698534606570822
21.88,0.0031447333336184213
21.88,0.004251004251850987
21.9,0.003857405509140044
21.94,0.0033251731140111485
21.96,0.003733402592074442
21.96,0.006608956666341204
21.96,0.0031613016797805704
21.98,0.0036646353073803706
22.0,0.003919089018089794
22.04,0.004028427251639655
22.04,0.004543332382277776
22.06,0.0037692964061881717
22.08,0.004441486928605576
22.1,0.004031260999971642
22.1,0.003428045658547818
22.1,0.003874934060964841
22.12,0.0036031145278859755
22.14,0.004659722502819208
22.14,0.00430354656644405
22.14,0.002937301968938155
22.16,0.004247296897045838
22.18,0.004702685503721993
22.18,0.004012275101281548
22.2,0.003907538940459254
22.22,0.003633441436282414
22.26,0.0033432763304800384
22.3,0.004515470010029166
22.3,0.004131353149552042
22.3,0.0034673609362739777
22.32,0.0038802291574322467
22.34,0.004235883508516003
22.36,0.0030838694284563983
22.4,0.0038291901630099767
22.42,0.004372517039229806
22.42,0.003951168397294813
22.42,0.0033589120085397717
22.46,0.003785972115451952
22.48,0.004408000277028812
22.5,0.007979432860418023
22.5,0.004348639259692977
22.5,0.004408156157579612
22.52,0.0033198268285031807
22.54,0.004282349386406814
22.54,0.0025820591934799797
22.56,0.0031994965699924105
22.58,0.003504001456623773
22.6,0.0044388681328000335
22.62,0.0038424899840547866
22.64,0.004068912742788422
22.64,0.003787106130099027
22.64,0.0039426486630755875
22.66,0.003629659484459591
22.68,0.004058343366527439
22.7,0.003531184396056042
22.7,0.0039697638870848095
22.74,0.0031322753859299723
22.76,0.0035003781405211765
22.78,0.003121910647651438
22.8,0.004273615256217611
22.82,0.004313488715452007
22.92,0.004146007200933832
22.94,0.0036286130061580213
22.94,0.0037279181219419533
22.96,0.004423840461961204
22.96,0.0033306864151629867
22.96,0.0041566517217234145
22.98,0.00421200952830203
22.98,0.003583221008538584
23.02,0.004276538969612775
23.02,0.003906885659124226
23.02,0.004191690965414385
23.04,0.0038676176862220135
23.06,0.0038857721518910093
23.08,0.004319246251972775
23.08,0.0036238295228212536
23.12,0.0034966193278760382
23.16,0.004017174834204051
23.16,0.002964362616028393
23.2,0.0041016975529135635
23.2,0.004789691879575564
23.24,0.004070676934796791
23.26,0.003194925751819233
23.26,0.003630977366985255
23.28,0.004001006817573982
23.3,0.003664055186027193
23.32,0.002229389907220769
23.34,0.0064330120621991504
23.38,0.003824259893845605
23.38,0.004095085566603429
23.4,0.0044930577327108034
23.4,0.003854577599903375
23.42,0.0038034918913023574
23.44,0.0038651929231627857
23.44,0.0038633718904211856
23.46,0.00496160059261197
23.48,0.003861745971663555
23.48,0.003920268658938797
23.5,0.004057680513462558
23.52,0.004388533088836799
23.52,0.0035327346886635524
23.54,0.0030975586283316092
23.54,0.0038480616701560555
23.54,0.006511658952354171
23.56,0.004263749685808449
23.56,0.0034005293283003724
23.6,0.004520283937712755
23.62,0.008094672748705567
23.62,0.005215623773461964
23.66,0.003975037019982031
23.68,0.003734339348311577
23.74,0.004186621387959444
23.76,0.0032915805946451826
23.8,0.004377756927367971
23.8,0.005085719141753597
23.8,0.009284086173709571
23.84,0.004208957393923574
23.84,0.00394940314782799
23.86,0.004449292177057251
23.9,0.003646589114667975
23.9,0.008692321459355168
23.9,0.003978315784964992
23.92,0.0034412936395026295
23.94,0.004302111843146439
23.94,0.004061203030488403
23.96,0.002975753357378208
23.96,0.003594784223810432
23.96,0.0037711418949476494
23.96,0.003533065137442226
24.0,0.004674438887143029
24.02,0.005324799644352951
24.02,0.004853635114246635
24.02,0.0035519848040940216
24.02,0.00496774684806478
24.02,0.004643739714918826
24.04,0.0036456871403264257
24.04,0.004142435756685159
24.06,0.0038757307526684492
24.06,0.004310946447281361
24.08,0.0035889669522404244
24.12,0.004247896985558053
24.12,0.006747105302012613
24.12,0.0037407234961621683
24.12,0.004185622260911792
24.14,0.00357973974845216
24.14,0.003970652861775226
24.16,0.004717636363862798
24.16,0.003500749651476842
24.18,0.0036662570582846055
24.2,0.0038175939149855953
24.22,0.004569347089728781
24.22,0.003098617966002748
24.24,0.0036742833632588123
24.26,0.0038241270682839446
24.28,0.006881758892656964
24.28,0.007641888986662404
24.3,0.0034560736632935907
24.3,0.004995418603873203
24.34,0.004472869061527995
24.34,0.0032324836634629595
24.42,0.0047229135013208134
24.42,0.006540637347787648
24.42,0.004700056958693244
24.44,0.004201951431612616
24.44,0.003906114753686407
24.46,0.0050340718204847645
24.46,0.0045742813079664435
24.48,0.004241369614196855
24.5,0.004261748708031199
24.54,0.0046175546391952205
24.54,0.002723041907775614
24.58,0.00798593612592835
24.58,0.0037558288581192034
24.58,0.003297429033661592
24.58,0.004452334973484406
24.6,0.004338142127920386
24.62,0.005539250511042426
24.64,0.003749993008496433
24.64,0.003720989992189949
24.68,0.003628021066776621
24.68,0.007825205502058785
24.68,0.0035905651692712537
24.68,0.003471223955003655
24.72,0.004002929997410809
24.72,0.0036207657144879946
24.74,0.003874007377353217
24.74,0.003651236660719981
24.76,0.00366896648166537
24.78,0.004888903449156157
24.78,0.003283864349675203
24.82,0.0038306447500904284
24.84,0.0045362217905507984
24.9,0.003945831572080394
24.96,0.004150772106526035
24.96,0.004450063725123354
24.98,0.0035865987420333756
24.98,0.004904285259948016
24.98,0.0033534497205895963
25.02,0.003513795630024852
25.02,0.0038743691985110296
25.02,0.004033782776268757
25.04,0.004565005566978031
25.04,0.0037857381902247633
25.14,0.00305760921171383
25.14,0.004343899253503758
25.14,0.004580188958569598
25.2,0.004289799479812784
25.2,0.0035956379080603895
25.2,0.007378632645014371
25.22,0.004437309342988804
25.24,0.005069674935575974
25.24,0.0040388120044143605
25.26,0.003896420265246836
25.28,0.004017799310779946
25.28,0.004212757353340368
25.3,0.003391589179809751
25.3,0.004023059851593236
25.3,0.004585598598755625
25.32,0.0032843126018585744
25.32,0.002890391762135791
25.32,0.004543333769194802
25.34,0.005165290297257652
25.34,0.004616267335646018
25.34,0.0041587808189251785
25.34,0.0037145008899251986
25.36,0.0042750912346833925
25.36,0.0045133399999459645
25.36,0.004452700950458577
25.38,0.004233431360959217
25.38,0.00501221374749683
25.38,0.004223207802559581
25.4,0.0037463855394728185
25.42,0.0042450333007691965
25.42,0.0031456460945308296
25.46,0.0029689565871173773
25.48,0.004810766111370768
25.5,0.00400901419087718
25.5,0.004681406307912805
25.52,0.003426238260543224
25.52,0.0038203073878816385
25.52,0.004100833012462779
25.52,0.004293045120912775
25.56,0.004009255277846013
25.56,0.004428909671722048
25.58,0.004169319870168442
25.58,0.003755836759300024
25.58,0.004106539900827211
25.6,0.004382291848838982
25.62,0.007416142996711783
25.64,0.003418035789423568
25.66,0.003191398566648851
25.72,0.0034237303792875595
25.72,0.003877390941950387
25.76,0.004404065996688855
25.76,0.00407434716812638
25.8,0.002812544238953607
25.82,0.007653838768282628
25.82,0.0031132246561725863
25.82,0.004965766896178003
25.84,0.004371787090714396
25.88,0.003637405609955624
25.9,0.004173350523475228
25.9,0.003555118070870833
25.94,0.0037793678421848
25.94,0.003674415719835178
25.96,0.002741884461128441
25.98,0.003412630198272648
26.0,0.005681237656876004
26.0,0.005417360927225556
26.02,0.00428531895436679
26.02,0.003472139529979157
26.06,0.0032029550473196
26.06,0.00377184999812763
26.06,0.0034326537433542192
26.08,0.004135984058120434
26.08,0.003472766669409988
26.08,0.003911859751933422
26.1,0.004477308161464411
26.1,0.0075574875495402205
26.12,0.005926840357979635
26.12,0.003955383732591966
26.12,0.003790700797859037
26.12,0.003433979366462836
26.12,0.00426112921919275
26.12,0.0035719129646564207
26.12,0.0035001874186592064
26.14,0.00390083957049725
26.18,0.003593664443940381
26.2,0.004201450911958449
26.2,0.003982677605426366
26.22,0.0043302047707571845
26.24,0.0078084005461636075
26.24,0.0037643397719415717
26.26,0.0037234942476928046
26.28,0.003598380109291366
26.28,0.003799543944417172
26.3,0.005215050132864829
26.3,0.00404761063989878
26.3,0.004017454369874218
26.32,0.0042074157415396
26.36,0.004207529613823979
26.36,0.008132607701052397
26.38,0.0030535860350787702
26.42,0.004592398482354598
26.42,0.003344071893983558
26.44,0.005266524974987363
26.48,0.00422152886628635
26.48,0.003937579265261948
26.48,0.003373467244811801
26.48,0.007572457464166238
26.48,0.004404164721270809
26.52,0.003323676124042052
26.52,0.002719888187654451
26.52,0.003942724453538382
26.6,0.009179811261889603
26.6,0.003781101280117438
26.6,0.004594175648733434
26.6,0.003665268687333967
26.7,0.0042559845697728305
26.74,0.006448537513389252
26.76,0.003361051708978824
26.8,0.0042956919897447765
26.8,0.008244663049825407
26.8,0.0035148968277117776
26.82,0.004513032426789576
26.84,0.004675990650726214
26.86,0.0033829853552391764
26.86,0.004190090390900014
26.86,0.005221806673690765
26.88,0.003463357196820449
26.88,0.00340387297480782
26.88,0.004833880852251782
26.9,0.006378615601884574
26.9,0.0038049827085974153
26.94,0.0034383141309576315
26.96,0.0074608498769696
26.98,0.003920030076121628
26.98,0.0026831653477760176
27.0,0.005242705762633415
27.0,0.003376442418420389
27.04,0.0034011399066520287
27.06,0.003917586044973609
27.1,0.003670591273066348
27.1,0.003709899128025995
27.1,0.005256779139433232
27.1,0.005432783393590768
27.12,0.006095783823183765
27.14,0.0037677665253865733
27.14,0.004450147675497229
27.2,0.0050773858104263825
27.2,0.003541652128785655
27.2,0.004475524554674815
27.2,0.004781571283770769
27.22,0.004716012749797049
27.24,0.004406963454453239
27.26,0.004137180305121002
27.26,0.003746257217668969
27.26,0.00789023197138461
27.3,0.004019730044991565
27.32,0.009053383280985816
27.32,0.00441431579489282
27.32,0.004539036199784796
27.4,0.004364412978045573
27.42,0.0035573430534000527
27.46,0.0042200843693056544
27.48,0.004306780709359637
27.48,0.004097322078895238
27.48,0.007900377865999175
27.5,0.0038652453554751665
27.52,0.003696793992134406
27.54,0.003939973988655976
27.54,0.00456779917556982
27.54,0.0038383235097285695
27.54,0.004203026467936799
27.58,0.00477399497276676
27.58,0.005281671737038196
27.6,0.0034708581095591606
27.62,0.006650495769829234
27.62,0.004244459463828787
27.62,0.003740574561646448
27.64,0.0043242869932907935
27.64,0.004934370060396764
27.64,0.0055043599233511875
27.64,0.00360431763654101
27.66,0.004448645586668798
27.68,0.004641528912934789
27.68,0.004356595020747034
27.68,0.002659770722804433
27.68,0.0037800503532852137
27.72,0.004274654610517237
27.74,0.005291011465466178
27.74,0.004011112248191395
27.76,0.003642247036897972
27.76,0.004575946634770345
27.78,0.010772001152951183
27.78,0.003757280162682175
27.78,0.004471966405272587
27.82,0.0041358043747747875
27.82,0.003893049427878381
27.84,0.004442414136688999
27.86,0.004360589437483964
27.88,0.003899902575128622
27.88,0.0036132783062188256
27.9,0.003256131947884766
27.9,0.0027591984602699515
27.94,0.004535015147393184
27.98,0.003869170080005979
28.0,0.0043492183183325706
28.04,0.0036267313682115665
28.04,0.0033832449331303582
28.04,0.0032305706912731935
28.1,0.002632362705492386
28.12,0.0037504415501875554
28.14,0.004565238969805985
28.16,0.003631170656676397
28.16,0.007306274959594017
28.18,0.004238715426449602
28.2,0.005782928613892402
28.2,0.005015018235896451
28.22,0.004199094899370204
28.22,0.00421262773822062
28.26,0.003861481005960843
28.26,0.004072463049048403
28.28,0.0037073021734386202
28.32,0.004060144121333598
28.32,0.006285972911804771
28.34,0.004740671467263757
28.34,0.004643481355053214
28.36,0.0046272107169595955
28.36,0.0038306058182759894
28.36,0.0035904217540552175
28.4,0.0038239106915639587
28.44,0.00365677084609195
28.46,0.0038882426715065588
28.46,0.004262977627286002
28.48,0.00783952924665543
28.48,0.0037049089520467815
28.5,0.0048932880609103835
28.52,0.005554746848106196
28.52,0.0038820824002747667
28.56,0.0033381136900582087
28.56,0.004268403330944803
28.62,0.004491769268986423
28.64,0.003624751328249576
28.64,0.005750392290270412
28.64,0.004101075261547238
28.66,0.003122649994969584
28.68,0.004362389196316041
28.7,0.0035484717441868208
28.7,0.004884909760261014
28.74,0.0034802144489376463
28.76,0.0036682845358575467
28.76,0.002769611816563655
28.78,0.0028692635900255947
28.8,0.003198216351153249
28.8,0.003708404841292423
28.8,0.004010982863493551
28.8,0.004095829848518973
28.82,0.003949600309481993
28.84,0.0037854392897039846
28.86,0.003914386668700809
28.86,0.00397653620579641
28.88,0.0031202661865395998
28.88,0.004287835056190792
28.94,0.005422890138095826
28.94,0.003305556314303626
28.96,0.003955571940827962
28.96,0.004088597223844359
28.96,0.0051240910174343846
28.98,0.00399808836738802
28.98,0.006042487867918611
28.98,0.007150458139045246
29.0,0.007185604440523963
29.0,0.0038123660482484167
29.0,0.003956971749238369
29.04,0.004193264972245592
29.04,0.003802618151140358
29.06,0.003903121002063581
29.1,0.0032833589114852346
29.1,0.004402590208697155
29.12,0.0045639415112771475
29.12,0.005818723029067163
29.14,0.005185214959428808
29.16,0.003529255490008376
29.16,0.0031309192053785573
29.16,0.004017975445495203
29.18,0.0043662799474409875
29.18,0.005419757410131787
29.2,0.00518917724797463
29.2,0.005136362489518431
29.24,0.004391356583566042
29.24,0.0044111458502416045
29.24,0.0035704628679698036
29.24,0.003911668428963622
29.24,0.00427659857998941
29.26,0.0039544061067720016
29.28,0.0036413506524090034
29.3,0.003490958946550049
29.32,0.003799374267925204
29.32,0.0039147704268316375
29.32,0.004012224075150006
29.34,0.0033112908227860283
29.34,0.0037317402783831888
29.34,0.0037007360441824177
29.36,0.004712262122167243
29.38,0.007785838228700381
29.38,0.004129628629244819
29.42,0.005117291013438052
29.46,0.00465607935908241
29.48,0.0067249897918088
29.48,0.004117541275612813
29.48,0.003392427592983971
29.52,0.0028917772578324064
29.52,0.00406180804395917
29.52,0.003902228627902349
29.52,0.0034298591552726077
29.54,0.004101236522287555
29.54,0.0034238672621087485
29.58,0.008666392619489982
29.58,0.003822320824451775
29.58,0.0037065303464801636
29.6,0.0025501479893268453
29.62,0.014149492053269652
29.62,0.003206338883925186
29.62,0.004809152318363985
29.64,0.0029802873702203803
29.64,0.004169246044063768
29.66,0.003331629472693165
29.68,0.003937789656170199
29.7,0.0033303132925136536
29.72,0.0044694524887431974
29.74,0.0040125645166487756
29.74,0.002870046017101169
29.74,0.003556564882261637
29.74,0.004419107275861811
29.74,0.0045220558517740095
29.74,0.0049282495204932
29.8,0.004906896677477568
29.8,0.0037366736245389998
29.82,0.0045659488686964345
29.86,0.003041034692254363
29.98,0.004184734182734795
29.98,0.00235793807319995
30.0,0.004026701424630241
30.0,0.003184017699199182
30.0,0.004461746550012413
30.02,0.007880933615321162
30.02,0.0036463036796512416
30.02,0.009014680439234812
30.02,0.003223479516785366
30.04,0.0028030722787412143
30.04,0.0040134372324933665
30.04,0.004989915847505633
30.04,0.0047829585490080095
30.06,0.0035260600890255622
30.08,0.003677296041877609
30.08,0.0037865011107095503
30.1,0.004005241697595974
30.12,0.004233755994085819
30.12,0.004070604509462394
30.12,0.0034230015730409846
30.18,0.00308408899003898
30.18,0.003507260441302784
30.2,0.004210243519188417
30.2,0.0035516194018822
30.22,0.003872175783969589
30.26,0.0045493249402591696
30.26,0.004005560407614794
30.26,0.004064356856002815
30.26,0.005169187161925604
30.3,0.004080872428147586
30.3,0.003429884220247592
30.3,0.003532265215581365
30.32,0.0033238074998069855
30.34,0.003507813956830752
30.36,0.0043957239990080055
30.36,0.0032636817839589716
30.38,0.004975722391653226
30.4,0.004665063488764387
30.4,0.003973871194118628
30.42,0.0032707480060744087
30.42,0.0037536648144631535
30.42,0.004529198664649181
30.44,0.0037390174809783794
30.44,0.007735960031131972
30.44,0.003989780168876189
30.48,0.003861706985972213
30.48,0.004322837685059366
30.5,0.005414774391426791
30.56,0.0035884814467126436
30.56,0.00471542072029163
30.56,0.0038356437916874375
30.6,0.003968056214890159
30.6,0.003385578908117637
30.62,0.006469822867171571
30.64,0.003842997445327234
30.66,0.004427032949508414
30.7,0.0038087842892273738
30.7,0.008768826445738398
30.7,0.0051964518859412
30.7,0.00483297848614983
30.72,0.004157127767576374
30.74,0.0046596855792635505
30.76,0.004185004308442819
30.76,0.007719108083667048
30.76,0.0043182757511471825
30.76,0.00371712909378219
30.78,0.003462423953345617
30.8,0.004063957931147999
30.82,0.006333348932511584
30.84,0.0036385898286219742
30.86,0.007269667486754949
30.86,0.004336680680930849
30.86,0.004560285628402161
30.9,0.005851425929802034
30.96,0.003718719876255605
30.98,0.003958053691857977
31.0,0.004071366086207173
31.0,0.0051845505756595855
31.04,0.004707708086284845
31.04,0.0046739467899014064
31.04,0.0034477186736507903
31.06,0.005870527793571223
31.06,0.00968683225139022
31.06,0.003491332250936785
31.08,0.004497564905798224
31.08,0.00698852840199482
31.1,0.0038389031814888286
31.12,0.004002015302224771
31.12,0.004374722234045558
31.12,0.0037679841522914037
31.12,0.0034136688617359967
31.14,0.006451918113748345
31.16,0.0039101529094780485
31.2,0.004612190560913443
31.22,0.003526214355281221
31.22,0.003951554876665986
31.24,0.0031126915559436252
31.26,0.004524843198352779
31.32,0.007699089250122748
31.32,0.0035271388223852007
31.36,0.0037529255927953864
31.4,0.004498743807404004
31.42,0.003720374819641159
31.42,0.004302743872804604
31.42,0.0037653807178880117
31.42,0.004410969519765162
31.42,0.002546999714688414
31.44,0.004733429129902045
31.44,0.0032632289203256004
31.44,0.004236324637934552
31.44,0.004082389743814363
31.44,0.004095764814166847
31.46,0.00430516688738436
31.46,0.0038394706129230016
31.46,0.004658606941160048
31.52,0.0038495385074491795
31.52,0.0031053755539132144
31.54,0.0031251075294526087
31.58,0.0037846381175925536
31.6,0.00632794196682962
31.6,0.0043555926264069456
31.6,0.0032447453851820462
31.6,0.007690592112658434
31.62,0.0038397767813620476
31.62,0.004228729558603206
31.62,0.004607899082094802
31.64,0.00439138471352718
31.64,0.004443367966183165
31.68,0.004652772937690397
31.68,0.004414084046710398
31.7,0.0032121594256295793
31.72,0.006382257673082425
31.72,0.004411793256046792
31.76,0.004156258562890036
31.78,0.004455441792083792
31.78,0.003991998431740029
31.78,0.003587171557431379
31.78,0.00445081980673756
31.84,0.0036838635471315717
31.84,0.004683710927656848
31.84,0.004002889676344212
31.84,0.004753364395775783
31.86,0.0032201466973732495
31.86,0.004022978685972012
31.88,0.0046141547881316525
31.88,0.004332533531563154
31.88,0.0039046496999372016
31.88,0.00407401785549677
31.92,0.004712971758833007
31.92,0.004381344561503631
31.92,0.003945797228914638
31.94,0.00435366615124122
32.0,0.003760944506749797
32.0,0.004668590533886019
32.02,0.003727661436557561
32.04,0.004012514302366599
32.04,0.0040664635035490004
32.06,0.007991534919452592
32.06,0.004630506042791804
32.06,0.00403312121700683
32.08,0.00411304130652923
32.08,0.004090680988786177
32.1,0.005678267503964052
32.1,0.004218646154033445
32.12,0.003942084735892748
32.16,0.004301502180172778
32.2,0.004288584460840794
32.2,0.0033604096389155957
32.22,0.0037252436320825977
32.24,0.0034651507090137645
32.24,0.0036393610402547516
32.26,0.004042364093293949
32.28,0.0038778497447660154
32.3,0.004039982846085977
32.32,0.0044531698212347814
32.32,0.003487319011594825
32.34,0.004601241135042788
32.36,0.0038544509036118058
32.36,0.0034668002678955867
32.36,0.004586264793104422
32.38,0.007924306568880435
32.44,0.004010552917438792
32.44,0.0045616879594355675
32.44,0.003738299333519768
32.44,0.004747132820134392
32.46,0.003900327724725594
32.46,0.004444737458381587
32.46,0.006037685814049176
32.5,0.004084944420171155
32.54,0.004038119796933359
32.54,0.004658864808518848
32.56,0.0031890620181955764
32.56,0.004096206750827225
32.58,0.0036245938818971757
32.58,0.006672868818715982
32.64,0.0040726182490296026
32.72,0.004377119038732169
32.72,0.0040593263609709496
32.74,0.004762008701904019
32.74,0.003338496730296181
32.78,0.004236159236403192
32.8,0.0034747494832150227
32.8,0.00397555455674603
32.8,0.0035202077816516297
32.8,0.0043793899240623935
32.82,0.007856463054150553
32.82,0.004181216729920778
32.84,0.004652759948909235
32.86,0.0035565205537799738
32.88,0.004517854482466777
32.94,0.004032878599558032
32.98,0.0030447644038904542
33.02,0.003709257784535569
33.02,0.0037380741332202483
33.02,0.004305107619929638
33.04,0.003543031547073805
33.04,0.004607716886006363
33.04,0.003940425411844806
33.06,0.0035507769981539816
33.08,0.003804173169428826
33.08,0.008852584150323972
33.08,0.004475896474373187
33.1,0.0037195591880452294
33.12,0.0040585324517879995
33.16,0.004007989167091441
33.16,0.004548430971688777
33.2,0.00457480870934901
33.2,0.0038797491492892355
33.2,0.003753830039101236
33.22,0.0033020370059672066
33.24,0.003894068311159571
33.24,0.0033374561700744154
33.26,0.003443303563138045
33.28,0.008605135429880839
33.28,0.0037986584240200516
33.28,0.0034365995161201868
33.32,0.00472573617552885
33.34,0.004773998309143157
33.4,0.0027185159610652043
33.4,0.0038815809075469776
33.42,0.0034219990678115986
33.44,0.0043467267340402405
33.44,0.004208948322355188
33.44,0.004184417884047442
33.44,0.003521706449310047
33.46,0.003208256087618211
33.48,0.003146658706470351
33.5,0.004314641582756851
33.5,0.002975339711628777
33.52,0.003497472185057582
33.52,0.004012549750677552
33.58,0.004206505719666409
33.6,0.005139662043642246
33.6,0.004334874571241376
33.62,0.006272249314536182
33.62,0.004557120083151567
33.64,0.004193159448883987
33.64,0.005289463018921636
33.68,0.00538776835523358
33.68,0.0038997002022139737
33.68,0.0034059231921528266
33.68,0.003943310731175043
33.7,0.00451498010625595
33.7,0.004633761639803224
33.72,0.0038067495133216056
33.72,0.0044697247950323815
33.72,0.003774309243825158
33.74,0.00718264746921804
33.74,0.005089002638836826
33.74,0.006886361998149182
33.76,0.004288556586896752
33.76,0.002921782279983187
33.78,0.004568883372040755
33.78,0.004186786504442042
33.78,0.0039646294666442206
33.8,0.003640348519858394
33.8,0.006302318995500378
33.8,0.0038172720858270504
33.82,0.00412693568851219
33.84,0.0033319247298023713
33.84,0.003415767175734552
33.84,0.0052992145615764485
33.86,0.004225212797801192
33.86,0.0036264440142136367
33.88,0.003922981643732837
33.88,0.003618253281661432
33.9,0.004256790359795981
33.92,0.005381188821623195
33.94,0.0041319780753416024
33.96,0.0035779457654931957
34.0,0.004083811722812358
34.0,0.002802840933400441
34.0,0.003757390601715649
34.02,0.004551919599343979
34.02,0.004094908781456241
34.02,0.0038754452358208402
34.04,0.004705283591420417
34.04,0.0030060959751303518
34.06,0.0042990885909219845
34.08,0.007511206821832039
34.08,0.004756325822710017
34.1,0.004298260445583568
34.12,0.004031416933350407
34.2,0.0040669651649968275
34.2,0.003915648107017611
34.22,0.00442270432037517
34.22,0.003988758648146851
34.24,0.003659285425112846
34.24,0.003934963725054419
34.26,0.004499712644495557
34.3,0.004043749486263626
34.3,0.0043441383072447826
34.36,0.004426145079839405
34.36,0.00371018179684357
34.38,0.0038024209213711746
34.4,0.004138189881289556
34.42,0.0039181554610664415
34.46,0.005166356870355049
34.48,0.00395539115807475
34.5,0.0037926618392823963
34.52,0.004412872680636393
34.52,0.0046216030740924285
34.54,0.0029959530490839548
34.54,0.0032016261987736216
34.56,0.0036070834156184395
34.58,0.0036087599317099484
34.6,0.004403077457253213
34.62,0.004292215547689993
34.62,0.003159234508294362
34.62,0.003927667257539791
34.64,0.004817826697444572
34.66,0.0031505969050904525
34.66,0.004227849646074033
34.68,0.0037142063695914107
34.76,0.005119249400379222
34.76,0.006231663673697652
34.76,0.004319827248283836
34.8,0.004902167731257956
34.84,0.002569295847633546
34.88,0.005120266330013612
34.94,0.0036672825621774097
34.94,0.0037739863206676105
34.98,0.004325291747819593
34.98,0.003715282815087151
35.02,0.0038557842565279943
35.02,0.00448636341533537
35.04,0.0031598427255545847
35.04,0.0035267012165950407
35.04,0.004249844951470405
35.06,0.0054517448013552405
35.08,0.004045431872880756
35.12,0.0035680099693041756
35.12,0.003407048154336789
35.14,0.004866948398653648
35.14,0.003751901243808198
35.22,0.003956220312274827
35.22,0.0043950235365968204
35.26,0.00418723770581042
35.26,0.003927586673718397
35.28,0.004029490572853844
35.32,0.004043316990904766
35.34,0.004687774379512399
35.36,0.0037550597842975764
35.36,0.003131149048846371
35.36,0.0038254832240040004
35.36,0.0027554567664536123
35.4,0.004326651940231185
35.44,0.004344912380633947
35.44,0.003271889449888765
35.44,0.004073472094720754
35.44,0.003249109335199618
35.46,0.006716124749412411
35.46,0.004801224080776434
35.48,0.0034065403035775654
35.48,0.0033328501691015644
35.5,0.0031422175810575936
35.5,0.003532934993567438
35.52,0.003817721460381618
35.52,0.004648728115412837
35.58,0.005015320307652171
35.6,0.004302843900006015
35.66,0.0025463033040775684
35.66,0.002793396187437791
35.68,0.002505234605886364
35.7,0.0071188435860467525
35.72,0.00430286701506577
35.74,0.0039358079950759794
35.76,0.0033446622857563613
35.8,0.004323676943116417
35.8,0.004353889577111358
35.82,0.003471777913437779
35.82,0.0034991144528133677
35.84,0.003609254896213221
35.84,0.0026565739262728316
35.88,0.0036316917302205987
35.94,0.004029151105320761
35.94,0.004955240883236844
35.94,0.006343720809074416
35.98,0.004187796080707962
35.98,0.0044593717939915845
35.98,0.003139829894497237
35.98,0.003982434017557157
35.98,0.0029237116825971965
36.0,0.004780297869051209
36.0,0.004113792047785614
36.04,0.004597822939944818
36.06,0.003503701994744368
36.08,0.005887367788496745
36.1,0.004154716375781797
36.12,0.004785793309139974
36.12,0.003943544813987621
36.14,0.004128926886995621
36.16,0.0035807083465140277
36.16,0.0030830069949203676
36.18,0.006419922796161992
36.18,0.005367482474416763
36.18,0.003993435645753163
36.18,0.004852795073645222
36.18,0.004179495363410557
36.18,0.0036969717943934333
36.2,0.0037061705287183555
36.24,0.0045827272440147615
36.24,0.00518909622783037
36.24,0.003432028365293216
36.26,0.005379943398511555
36.32,0.003768371854872443
36.32,0.0047378791630707795
36.36,0.0038713065067291774
36.38,0.00444267989320124
36.38,0.0038876321154771576
36.4,0.003129783436751632
36.42,0.006880578690436012
36.46,0.003952762640812568
36.5,0.0043303501403068045
36.5,0.0033987848912759855
36.54,0.004309573680966405
36.54,0.004318961007467759
36.56,0.003919305390412409
36.56,0.004120509189270427
36.56,0.0027963669317560003
36.58,0.003237878895254398
36.6,0.0042113639529239855
36.66,0.004994402539781562
36.66,0.0035566531065052143
36.68,0.004334905870454153
36.68,0.004401976941457608
36.74,0.0034974876070495986
36.74,0.003449807921496406
36.76,0.0040854360148527835
36.8,0.0038592933976280275
36.8,0.0033987958994744494
36.82,0.004114523379747048
36.84,0.004782629926131654
36.86,0.004059925751816351
36.86,0.00416277211227245
36.86,0.0033690310607416007
36.88,0.004532128599916363
36.9,0.0031991340657684386
36.9,0.004818860181298401
36.94,0.0047173254865280345
36.94,0.0035023053883453947
36.98,0.004012618191808426
36.98,0.005738695280518402
37.02,0.005892608264324362
37.04,0.0037849660562520038
37.06,0.004321841616807154
37.06,0.0035316853524227643
37.1,0.004360267454903366
37.12,0.003514457935840376
37.14,0.0034160974666932464
37.14,0.008632306975982829
37.14,0.004357213541076432
37.16,0.004512386618960806
37.16,0.0040206330226939535
37.16,0.005003341392455618
37.16,0.004228935806568024
37.18,0.0038771249698410504
37.18,0.00380036277341278
37.18,0.004363336394003214
37.18,0.003320239027187588
37.2,0.0035394629582226056
37.2,0.004499665637880623
37.2,0.0037087244579637746
37.22,0.004676519354517961
37.24,0.00389666189454263
37.26,0.0044677497139470335
37.28,0.0044399552406607645
37.28,0.00480631978961521
37.3,0.003656997289412822
37.32,0.00709647093953325
37.34,0.004515318983269179
37.34,0.0029826171253951594
37.34,0.004118022049028003
37.36,0.007359943001703173
37.38,0.007026986253785172
37.38,0.003402226414396581
37.4,0.004752045022041407
37.42,0.004003298478799211
37.44,0.005162185866720792
37.46,0.0031761013146306416
37.46,0.004496451808007618
37.52,0.0044669529523228
37.54,0.0030843953144680247
37.56,0.004273378718159249
37.58,0.004669838388146386
37.6,0.005017198085690011
37.62,0.0039857745549207735
37.66,0.004336448119088843
37.68,0.0033678745425895773
37.68,0.004771978725150783
37.68,0.0028921015000473727
37.7,0.004543769821633625
37.7,0.004264184484885192
37.74,0.006051584287243172
37.74,0.0032340801588559565
37.76,0.004736312422342404
37.76,0.0036939749189407456
37.8,0.004760510683650021
37.8,0.0028193168847101546
37.8,0.003870161653248827
37.8,0.003940028441930976
37.8,0.0035700660164840192
37.84,0.0034890413510677565
37.84,0.005227118356263993
37.84,0.003980700911527246
37.86,0.003795002839876771
37.88,0.004073419392599975
37.88,0.00346391796631762
37.92,0.0041818687428267776
37.92,0.004273396367741156
37.94,0.003688606053498189
37.94,0.004166360984089401
37.96,0.00437713927608796
37.96,0.003582367887787985
37.98,0.004150994837505806
37.98,0.004583458359971981
38.0,0.004435701671839598
38.02,0.009924703144135849
38.02,0.004068940409832411
38.04,0.003526471217489613
38.04,0.0037167243506911474
38.04,0.003908748027010356
38.04,0.003963583837331974
38.1,0.003574583467755965
38.1,0.004272565484035429
38.14,0.004139634888990162
38.16,0.004116339117852363
38.16,0.003341223011376848
38.18,0.0035482563980924198
38.18,0.0034675037255049723
38.2,0.0034509542965316387
38.2,0.004597755082609178
38.24,0.004342687414244373
38.3,0.00367427809435239
38.3,0.00441191423932441
38.3,0.004133740514152828
38.34,0.005133696056422776
38.34,0.004751846313076791
38.36,0.004787901936143646
38.36,0.003923146984363246
38.36,0.004288055671809565
38.38,0.0058051947642667745
38.4,0.004356381316059421
38.44,0.003408941206659577
38.46,0.004175093079293979
38.52,0.0031779197290483507
38.54,0.003444843096490957
38.56,0.0035968831446715477
38.58,0.005326410709409757
38.58,0.004579250532704804
38.6,0.004148064136374363
38.64,0.004599127637840761
38.66,0.003783963976232374
38.66,0.0034393188252636042
38.66,0.0027954162271192073
38.66,0.002790221656625569
38.68,0.0030139488528415637
38.7,0.0033275692807860358
38.7,0.004736360696600772
38.72,0.004344770281409782
38.72,0.004009323460095415
38.72,0.0041644778571208185
38.72,0.004122486094419231
38.74,0.0028727244544412
38.74,0.004146769626373614
38.8,0.004355585465879219
38.8,0.003717042550298588
38.8,0.004222130544597413
38.82,0.008569262569339986
38.84,0.003984658067431646
38.88,0.003419795643703427
38.92,0.00343595846679956
38.92,0.004347670969817252
38.94,0.004038666227414001
38.96,0.003001323297078584
38.98,0.003463865977352376
38.98,0.004321667320210998
38.98,0.004306316377823971
39.0,0.004932000006590442
39.02,0.007030418401056782
39.04,0.005087471478047445
39.04,0.004032370213181147
39.08,0.004023447538084035
39.08,0.0032161519953856077
39.12,0.0046023868502780285
39.14,0.0037350660030623928
39.16,0.00624683788420477
39.16,0.004348223190722034
39.16,0.003436782067385624
39.18,0.003937344762914408
39.18,0.004145463346661549
39.18,0.003415162301170005
39.2,0.0036094041819799694
39.2,0.0032372472650428197
39.2,0.0035808175280908072
39.24,0.003179127354176803
39.26,0.0035496230456784073
39.28,0.003229863737570171
39.28,0.006734823404400014
39.3,0.003997706383842781
39.3,0.0038818842302843493
39.3,0.004189671321412791
39.32,0.003901302261789641
39.32,0.003626150176278986
39.36,0.003743870356403556
39.36,0.004078726006972788
39.4,0.006485618050241948
39.52,0.004008152155556166
39.52,0.00261818003137837
39.54,0.004027824303486582
39.54,0.0033902247573376343
39.54,0.0030458531059860405
39.58,0.004615126025756422
39.58,0.00409877084217436
39.6,0.004093948732301178
39.62,0.004064578341245184
39.62,0.00473935058853836
39.62,0.0034737495436766297
39.64,0.004454527266436803
39.64,0.004846895804649254
39.66,0.003991140396221171
39.68,0.004119561164006247
39.68,0.0038242115557087786
39.68,0.005326959764996753
39.7,0.006451365730402614
39.7,0.003665995619514195
39.72,0.0042068351663762105
39.72,0.0028680104022611452
39.74,0.00438619645541638
39.78,0.004451124805044615
39.78,0.0038882448517614243
39.8,0.0035048921472964345
39.82,0.0035890049879445662
39.82,0.0048934525598152145
39.82,0.004390616915580625
39.84,0.004749293895959572
39.84,0.004303992676876978
39.86,0.0034547602474439554
39.88,0.003227415823811808
39.9,0.0038768503493356032
39.9,0.004051746906954978
39.92,0.0048688529667252345
39.94,0.003789427996344963
39.94,0.003628872253443216
39.98,0.004087463257146817
40.02,0.004267601654951991
40.02,0.0049217887488000045
40.04,0.004333634317944646
40.04,0.003948950861041967
40.04,0.004176115423731641
40.06,0.006133842282486035
40.1,0.004745765411538372
40.1,0.005739705078389168
40.1,0.003323365343249174
40.12,0.004350821110556624
40.14,0.004165842896284411
40.14,0.003715196896021622
40.16,0.003519649017395654
40.18,0.003342996210695004
40.18,0.0037816657621999594
40.18,0.004310192864087958
40.18,0.003947918355509561
40.2,0.005519253129050772
40.2,0.005674217053472819
40.2,0.0051773893052116104
40.2,0.004409496388379619
40.22,0.004348244710447591
40.22,0.003900177306300434
40.22,0.0040893263469051755
40.22,0.004013044861674198
40.22,0.003892839711245988
40.22,0.0036998286801710467
40.24,0.0037004157996329834
40.24,0.0037200007330500107
40.26,0.004007927516452403
40.36,0.008007219999783044
40.38,0.004529604759678008
40.38,0.00391871982061498
40.4,0.004686253501098414
40.44,0.004500253916613017
40.5,0.0033837996592681607
40.52,0.0029514740099831904
40.52,0.003006951206132036
40.54,0.004432016205436762
40.54,0.00473808198340564
40.54,0.004261201080343224
40.56,0.002809479316068453
40.58,0.00392530408489522
40.6,0.004219626545795996
40.62,0.007274924365465174
40.64,0.004072799642217406
40.64,0.0036395243689976153
40.66,0.004243442859000801
40.72,0.004524914427350368
40.72,0.006197402605943592
40.76,0.0028693285950212033
40.8,0.003337706855879974
40.82,0.0062269181339802415
40.82,0.004739181635769585
40.86,0.004067878895726795
40.86,0.0036997477019260483
40.9,0.003600531940483598
40.9,0.004352628102498368
40.92,0.004010255294474407
40.94,0.004297915958861975
40.96,0.003701421972935215
40.98,0.004039576354671226
40.98,0.0032905142625472283
40.98,0.0043737140206410174
41.0,0.0043951880445316505
41.04,0.005126940536143598
41.04,0.0039600743127862215
41.06,0.006592692412086043
41.08,0.004903449853689956
41.08,0.0037275139839726412
41.12,0.0050913719441295635
41.12,0.004107946810265828
41.12,0.004685240284122982
41.14,0.00651169273801
41.14,0.004368943536780412
41.16,0.0040430207102312155
41.16,0.004224697149859624
41.18,0.003910186521796977
41.2,0.0030322963508507828
41.22,0.0039146641136528215
41.22,0.004940378759829778
41.28,0.004388434715160372
41.3,0.003779998810650831
41.34,0.003830723421054838
41.34,0.003355772917333244
41.38,0.0036999967111516208
41.4,0.004418915743842011
41.42,0.0031284294217341913
41.42,0.0038503201184377778
41.46,0.004448059121556991
41.46,0.0043422223920688285
41.5,0.003627579544865367
41.52,0.003670758923147388
41.54,0.0046897249737040125
41.54,0.003879076226366629
41.56,0.0034331884139293667
41.58,0.008310978840962435
41.6,0.0031610846934894132
41.6,0.004335376743649366
41.62,0.003913916979525034
41.64,0.010607747755941976
41.64,0.003808425926594805
41.64,0.004067944210014773
41.68,0.0033595894045219676
41.68,0.0045815581006027895
41.72,0.004470806644351399
41.74,0.004549736592466824
41.76,0.004111195584424854
41.78,0.0033834105125312153
41.8,0.004743953869573159
41.82,0.0032268034648995636
41.82,0.004355736696922796
41.84,0.004463714580436373
41.86,0.0038642058993524353
41.9,0.004110447575705001
41.94,0.004953796786458575
41.94,0.005533839326174572
41.94,0.0046409386727364055
41.94,0.0037737789647519504
41.96,0.005751360314324772
41.96,0.0034713298949972105
41.98,0.004188953369856807
42.0,0.00955226198981396
42.04,0.004521596138404749
42.06,0.00338873574806442
42.06,0.004947847273001571
42.1,0.004745560091158785
42.14,0.004526467200625217
42.14,0.003441736062185563
42.14,0.0028090054706504386
42.16,0.0031019885950092085
42.16,0.0037465459853549543
42.16,0.004609426972609576
42.22,0.005524673807693392
42.24,0.004268026538292946
42.24,0.004604859451309173
42.26,0.00703955609041218
42.26,0.003539181069841968
42.26,0.003785184855188417
42.26,0.003784239453504812
42.28,0.0038419439446502057
42.3,0.005974214223186225
42.32,0.004239595535155627
42.32,0.0028763887908783703
42.34,0.0030348124691930156
42.36,0.00501380627936221
42.38,0.00403316504663942
42.4,0.00480259729520538
42.44,0.003244983747499597
42.46,0.00482615541898479
42.48,0.0037384793613739475
42.48,0.0037125052925918167
42.48,0.004588732951898766
42.5,0.0036609237827908148
42.52,0.004133629117658799
42.52,0.004670172960045016
42.54,0.005243476829257188
42.56,0.004079282781522031
42.56,0.003691212041858405
42.56,0.0034607039628595793
42.58,0.0039744997382124
42.58,0.0025385232539639757
42.62,0.004469604764525403
42.64,0.003965525921287627
42.68,0.0038071158686395767
42.7,0.0033733400331895647
42.7,0.0036170580844228084
42.7,0.004719596489657252
42.72,0.004390932063970232
42.72,0.0037490457084109474
42.74,0.004326878033169779
42.74,0.007172783505381974
42.74,0.003245210492022199
42.74,0.002874005487269793
42.76,0.004049464736352371
42.76,0.008035364316576588
42.78,0.003855318731566748
42.8,0.0032463431148044286
42.8,0.0032060432697343932
42.8,0.0045768135982677816
42.82,0.005229386061152419
42.82,0.004682075344074055
42.82,0.003666541457299166
42.84,0.003917233811392196
42.86,0.004134786688704151
42.86,0.00457585702798502
42.9,0.003366534768748042
42.9,0.0038384748972257743
42.94,0.003920128774097198
42.98,0.008624843597276999
42.98,0.0074983960260411875
42.98,0.005470914111203151
43.02,0.004480786084971045
43.02,0.003306339951796411
43.02,0.0050901760684139985
43.06,0.004693116694875599
43.08,0.002788473996561236
43.1,0.004415501549602574
43.1,0.0041590035216951815
43.18,0.004072998635553993
43.24,0.004188236127949163
43.26,0.003560488966335651
43.28,0.0036799769790053505
43.3,0.002896013745174786
43.3,0.002922171490505443
43.32,0.003222660209022621
43.34,0.00435495799396779
43.34,0.003852053833143576
43.34,0.0033759747837756038
43.4,0.004033662673794347
43.42,0.004247532541481358
43.42,0.0036929288628220203
43.44,0.004046280681240022
43.44,0.004245859461090573
43.46,0.0032795822582284417
43.46,0.0037093649564807762
43.48,0.0044984253982865985
43.48,0.00451266619589763
43.48,0.004526952868085576
43.5,0.004654759585290824
43.52,0.005382658850487609
43.54,0.0042166346476220085
43.54,0.0032602618170499698
43.56,0.00424836775719839
43.56,0.0037744878279210026
43.62,0.0075307245036412285
43.62,0.004345024815322951
43.66,0.003908201560300584
43.66,0.004713407016243565
43.68,0.004005717210330162
43.7,0.003116137112759154
43.72,0.003481108991441606
43.74,0.0043440017287900146
43.74,0.0050560845898232065
43.74,0.008425440846590249
43.76,0.0035725542633036067
43.76,0.003827751220978559
43.82,0.004027356384255998
43.82,0.0034851246888025766
43.84,0.0036344554273544105
43.92,0.003693345941404025
43.92,0.0034905268300500225
43.94,0.004634265470798371
43.94,0.005545417163518973
43.96,0.0034279323094551506
43.98,0.0035431435358960206
43.98,0.0029743575454364013
44.0,0.004133667262323226
44.0,0.004107653157469193
44.0,0.004112554892258813
44.02,0.0045532532332311915
44.02,0.004118750663638426
44.04,0.0036826259060364075
44.06,0.004666900176035438
44.06,0.0045695879185432275
44.1,0.004689658565746768
44.1,0.0048781633553895976
44.1,0.004596701019307203
44.12,0.004581342369779584
44.14,0.003517828234805398
44.14,0.004030373796472753
44.16,0.005075727605175606
44.16,0.004061775200569162
44.16,0.0034789230340306343
44.2,0.0038169647773441673
44.22,0.0038467849925896136
44.22,0.002521808551917193
44.24,0.004634918786472375
44.28,0.0048458795018951895
44.28,0.003107733405243618
44.3,0.003333994536437568
44.36,0.0038528039029720462
44.36,0.003950371395058605
44.38,0.004669453605536167
44.4,0.003961640985809645
44.46,0.0035868095843799574
44.48,0.003997139983102027
44.5,0.005138230860533222
44.52,0.004103812153325781
44.54,0.002812718678345205
44.54,0.0038906603775280546
44.56,0.004525008316223378
44.58,0.00475106989736096
44.58,0.004281711139380029
44.58,0.004218780894446383
44.6,0.009882877338662444
44.6,0.0038399273045257587
44.62,0.003077113879184412
44.62,0.006447196394034016
44.62,0.005226974451696176
44.64,0.0053491636336847614
44.66,0.00412795160753221
44.66,0.004359205285443646
44.66,0.004020662010677967
44.66,0.003684903502009229
44.66,0.004038439392236803
44.68,0.007689283110559386
44.7,0.003913972563050372
44.72,0.0038792810179335557
44.76,0.004050057884440017
44.76,0.0036601606522271846
44.76,0.0039697837909862255
44.78,0.004601442577486403
44.78,0.0038274767839912016
44.8,0.004487633485526388
44.82,0.0032298029557860097
44.82,0.0035047993543332323
44.84,0.005345743033762007
44.86,0.00833978167078997
44.88,0.004403425908328207
44.88,0.0036091435970228014
44.9,0.0048815999261464516
44.92,0.0031549489004080167
44.92,0.0037245152238292167
44.94,0.003954351071874362
44.96,0.006027903208389418
44.96,0.00367631985722483
44.96,0.004287952681756746
44.98,0.005091915122055979
45.0,0.004272725377665987
45.0,0.004635038797328628
45.02,0.004650671405633577
45.04,0.0037707706971291666
45.06,0.006332571120296393
45.06,0.004320349339575591
45.06,0.004233304084699574
45.08,0.004732787323394438
45.08,0.003815393187371785
45.1,0.0045571345533887975
45.1,0.004441391686235585
45.12,0.004258841808100766
45.2,0.004426671868593801
45.22,0.0037100214271703624
45.24,0.004216387368020769
45.28,0.003768304517772214
45.28,0.004632465728794388
45.28,0.004818762664373644
45.3,0.0035472415612746167
45.34,0.004376197602463772
45.36,0.004289614838624001
45.38,0.0041657872655955774
45.38,0.004055439018347373
45.38,0.004240163790438345
45.4,0.0035819465693783803
45.4,0.004027460771222402
45.4,0.004603485801970786
45.4,0.004561290102948035
45.42,0.003984492829007591
45.46,0.004424798970905197
45.46,0.002245266550735203
45.48,0.004433356070424388
45.48,0.0039021440235034177
45.48,0.004825508528690348
45.52,0.003697817247719226
45.56,0.006103891536901163
45.56,0.0036675349732964158
45.58,0.004670524442072832
45.58,0.0041667106364986495
45.6,0.0036008992104415993
45.62,0.007175426456114242
45.64,0.004442930706621384
45.66,0.00671588117416122
45.66,0.004189552751741044
45.66,0.003645786054676581
45.76,0.003400208934618787
45.78,0.004595524140058371
45.78,0.003980346155037173
45.8,0.003970552465891397
45.84,0.006350461105670946
45.84,0.0036974740525224092
45.84,0.004276387570072426
45.86,0.004714622601348806
45.88,0.004972847635727251
45.9,0.003604862620294025
45.92,0.005566924280483998
45.92,0.004261706196418746
45.94,0.0044466481157265925
45.94,0.0038685258246488052
45.96,0.004287602675442037
45.98,0.003910664412869025
46.02,0.004216296268567787
46.06,0.004526309972135989
46.08,0.008301555592438392
46.08,0.003457119364370209
46.08,0.0043572481760022486
46.12,0.004442143488736394
46.14,0.0036749396847779447
46.16,0.004147131658122638
46.16,0.00397783493188042
46.16,0.004339540162065947
46.18,0.0048314906435004135
46.22,0.0035298779881012265
46.26,0.004473555453014422
46.3,0.007036606728435202
46.32,0.003764786499174777
46.34,0.0037061433183795955
46.36,0.003759425737800748
46.38,0.003517607297483849
46.38,0.004210571393113205
46.4,0.003987844864611567
46.42,0.0039451434676344155
46.44,0.006454977290877961
46.44,0.0037097256524971645
46.46,0.003765660364082768
46.48,0.005772012534467241
46.5,0.004358904947147968
46.5,0.0037095557463894258
46.5,0.004527086307020367
46.54,0.004152172720128244
46.58,0.005554027872060385
46.58,0.006980239399569155
46.58,0.004310092810093202
46.58,0.004203808495319761
46.6,0.003859134166635636
46.6,0.004060639266718402
46.62,0.003945775541604024
46.64,0.0037834983520216303
46.64,0.004586201599332762
46.64,0.004614579484838455
46.66,0.003986593244126979
46.66,0.003371270919246383
46.68,0.0036170321142415807
46.7,0.0031685213389132105
46.72,0.0035517015446171474
46.72,0.006469216260315602
46.74,0.004994287765317962
46.74,0.0033821677051644183
46.78,0.004272515456673398
46.8,0.004878752638818762
46.8,0.0036552430074452413
46.82,0.004144855798389635
46.84,0.00456293837370525
46.84,0.0033553575410968373
46.88,0.004118427157585036
46.88,0.0034286926738059664
46.88,0.004318603877037974
46.9,0.0040475997766280525
46.9,0.004157900955794824
46.92,0.0037171892210368096
46.96,0.008049535094277971
46.96,0.004354910250063626
46.98,0.0041188069199301625
47.0,0.0037751001976678022
47.1,0.00382228553872499
47.12,0.004948662422227579
47.14,0.0031272949887704016
47.14,0.00412030568785382
47.16,0.004059327066921248
47.24,0.004424802416572171
47.24,0.0037216404671176484
47.24,0.0028303572977463887
47.24,0.0037582183212612197
47.24,0.00328530267469318
47.26,0.008833800316808804
47.3,0.0039234262426511846
47.32,0.005794421416430606
47.32,0.005073106138060224
47.34,0.00394081760804843
47.34,0.0037553745945766437
47.36,0.0037296472558355775
47.38,0.004517900107680384
47.4,0.003899922340152795
47.42,0.003902268970392364
47.44,0.0036414286660160222
47.46,0.0034841488658510222
47.5,0.003484577296271163
47.52,0.004096940851379571
47.54,0.005294530442384815
47.54,0.0046253433797142085
47.56,0.003751028115903221
47.58,0.0032711621332893737
47.58,0.004661773391074431
47.6,0.003758315118337574
47.62,0.012658844463737995
47.64,0.0034946482632152165
47.68,0.003476362400848809
47.7,0.004015247776670838
47.7,0.004643708746105424
47.72,0.003858343525658836
47.74,0.0051056285639051735
47.74,0.0035491044003226335
47.74,0.0034728331068996088
47.74,0.002545618810404604
47.76,0.003138443898021981
47.78,0.004243016205922379
47.86,0.004000583369017985
47.86,0.003686544135362624
47.88,0.004444065882247994
47.88,0.005531457657651173
47.92,0.004379946651398625
47.92,0.005584709977850433
47.96,0.004140123189708245
48.0,0.004928715455398747
48.0,0.0038281891406259927
48.02,0.004722904506906378
48.02,0.0041424581062760035
48.04,0.0029811868855788015
48.1,0.0037733782228640544
48.1,0.004626544070935434
48.14,0.0037554834489982314
48.14,0.003169615421248828
48.14,0.0038773476699387466
48.18,0.004799311058218847
48.18,0.003692653790396405
48.18,0.003798887415789598
48.18,0.004165679866711569
48.2,0.0043475774787777866
48.24,0.004162027781658972
48.28,0.00463391065373675
48.32,0.004321381123934209
48.32,0.0035722004423387466
48.32,0.0045021685591963845
48.34,0.004420327344405006
48.34,0.003170531403487775
48.34,0.005309543212622003
48.38,0.004529587673491764
48.38,0.005322489926081975
48.4,0.004450034344955167
48.42,0.0031443063754890144
48.44,0.005516135200539618
48.5,0.004324781569181146
48.54,0.0034454871495932515
48.54,0.018478025100633233
48.58,0.004912161235317014
48.66,0.0042715538378743645
48.86,0.006282995795822033
49.06,0.00508312395356636
49.12,0.005055381532503955
49.28,0.005074614745494421
49.32,0.0074937893283933965
49.32,0.003942879990212811
49.32,0.005032142454287181
49.36,0.004987264800126789
49.38,0.004982708358401644
49.4,0.0043630272342324306
49.42,0.006554442780509984
49.44,0.004655847536459201
49.46,0.005457060041613615
49.46,0.004449471728104393
49.48,0.0037895595985996122
49.52,0.003577792749708042
49.52,0.004850245488603577
49.54,0.004393718657092038
49.54,0.006603449535391048
49.56,0.0034517050879051547
49.56,0.004115305229093202
49.62,0.0035679535897006343
49.64,0.0041044777456775705
49.64,0.003404725111401219
49.64,0.004836995622131357
49.66,0.00428845175260284
49.66,0.0038061693163545796
49.66,0.003334687835629957
49.68,0.005032046406909574
49.68,0.004569838850185581
49.7,0.004528572783209173
49.72,0.0028462344122339722
49.74,0.0038813771088109794
49.78,0.003766012527945617
49.8,0.0045654309256299985
49.8,0.006482020303530844
49.82,0.004348557224559846
49.84,0.005610321927178363
49.84,0.00390656738078643
49.84,0.004363441454881434
49.84,0.0032289488573488123
49.86,0.0036761697717320185
49.88,0.003712220297657387
49.88,0.0040513881930226425
49.9,0.006667174995532377
49.98,0.00649960018131035
49.98,0.003957920672723381
50.0,0.004373634314223551
50.0,0.0036259679433967573
50.02,0.0034728326001548515
50.14,0.004160830305027563
50.14,0.004174624310570363
50.16,0.004249579636798395
50.18,0.0076896435635539495
50.18,0.0049923386312712426
50.2,0.004270236825816842
50.2,0.003681232367187759
50.2,0.0032262569332671687
50.22,0.003569394350291799
50.22,0.0023570257450009624
50.24,0.004577492376611647
50.26,0.005845148346829587
50.28,0.004166545187244353
50.28,0.004200770138796828
50.32,0.0035312949568520047
50.36,0.0035410868570856513
50.36,0.0036321890627192266
50.36,0.003429645113314783
50.38,0.004419026602337395
50.4,0.003994755444728826
50.4,0.005813404947991985
50.42,0.0039637935116357825
50.46,0.004791632572951565
50.48,0.004764420542637593
50.48,0.003989489898105547
50.48,0.004268986815497033
50.48,0.004735216727838609
50.5,0.003502931620669947
50.5,0.004384883427481223
50.52,0.003794393576049604
50.52,0.0036585704774859673
50.52,0.0038180919933672453
50.54,0.003112987516142418
50.56,0.005116338377758156
50.58,0.004720051933970182
50.6,0.004917030964658453
50.6,0.0032086294801347837
50.62,0.004687831400915998
50.62,0.007974627676682777
50.64,0.0041402445020012335
50.66,0.002850412363668786
50.66,0.0029628726369408387
50.68,0.0036927086936500153
50.7,0.003881632696925208
50.7,0.004758395126462034
50.72,0.00572665937058181
50.74,0.0046525000494132
50.78,0.004006511068616048
50.82,0.004300669705743609
50.82,0.0036002451509271616
50.82,0.0040595964814815755
50.82,0.006746135176881607
50.86,0.003659499697178381
50.86,0.003821135651938423
50.88,0.003969096917050385
50.9,0.003912405700602806
50.92,0.0047624281266648305
50.94,0.0035905586587448024
50.94,0.002715704148218756
50.96,0.003697380704801634
51.02,0.011045940902494
51.02,0.004682074802949576
51.04,0.003227643151401449
51.06,0.004529929400756028
51.08,0.003101623580262558
51.08,0.0026643335409207713
51.1,0.004278626416410747
51.12,0.005006136679935991
51.12,0.00390883498221839
51.12,0.004813104504834187
51.14,0.0038730948457084136
51.16,0.0037303714035183955
51.24,0.004770614343512447
51.26,0.0032747099647222333
51.26,0.003564833430099945
51.28,0.004724193810741184
51.28,0.003286529566429386
51.3,0.006109343545059209
51.32,0.004127751370310184
51.34,0.004871655910548389
51.36,0.004080448505939804
51.4,0.007565866443077218
51.42,0.0035668590594052363
51.44,0.003263728295392454
51.46,0.003668807948431607
51.48,0.004486196803199949
51.48,0.003725401491432745
51.48,0.005778422348902801
51.5,0.005167623700242818
51.5,0.004132789322891184
51.54,0.003638863355063582
51.56,0.003402356391890793
51.56,0.0033620813927316417
51.56,0.004671207264732802
51.58,0.004539064284734051
51.58,0.004046796092583627
51.64,0.004431897919202399
51.66,0.003154659212059374
51.68,0.0038329114390651675
51.72,0.0038451399091660177
51.72,0.0040565759942410295
51.74,0.004333299588040851
51.78,0.004743542521915445
51.8,0.00404804064643105
51.84,0.00647958198505405
51.86,0.003295644041542811
51.88,0.005454344781603004
51.88,0.003808488269592014
51.9,0.003460989049479224
51.92,0.004291975486027444
51.94,0.0037321169037399793
51.94,0.003666090294445201
51.96,0.004535594470120752
52.0,0.006783154219164422
52.0,0.0045919781561856166
52.0,0.003937995392103044
52.04,0.005606948534689238
52.06,0.002577191103146359
52.06,0.0032328247020589895
52.08,0.004102603327552412
52.08,0.004686775533177201
52.1,0.004501163252380036
52.12,0.004442463359850768
52.14,0.003997792626752372
52.14,0.003928657021652349
52.16,0.005575535981367619
52.18,0.004880527394673595
52.22,0.003319277871890347
52.22,0.004514252655791751
52.26,0.002824475978926988
52.26,0.004559730762251246
52.28,0.004584956402169049
52.3,0.0035831804834783876
52.3,0.0031887901341923763
52.3,0.00432795316787804
52.32,0.0036538583990202156
52.34,0.00388564750552578
52.36,0.004133972410441222
52.36,0.003716174048233545
52.36,0.004479841538213569
52.4,0.00506297578949555
52.42,0.0049738681272192276
52.42,0.0041579743876404285
52.44,0.0037253893815936134
52.44,0.0029755913973760206
52.46,0.006664581659439839
52.46,0.005651886763783032
52.48,0.006739215801100595
52.48,0.007535462428762574
52.48,0.00398696588816061
52.5,0.0038932347777898
52.5,0.0033953442978635895
52.5,0.003647028028542776
52.5,0.0035643815084466235
52.5,0.003517906762300793
52.56,0.0038958826814680103
52.58,0.004526206959015622
52.6,0.004866519322552776
52.6,0.0029898508401056123
52.64,0.0048229412099159985
52.68,0.0037417236595423953
52.7,0.0051199895859791456
52.72,0.003649786860227433
52.76,0.0030204180715354134
52.8,0.004230663947748625
52.8,0.0041238531069826
52.82,0.0036474414188000237
52.82,0.004130572753495598
52.84,0.0034255233809760144
52.86,0.0035576976280323747
52.86,0.0034371071740811887
52.86,0.004042650660382008
52.94,0.004306271181916399
52.94,0.0037321245313551854
52.96,0.003803994180179626
52.96,0.002768414924358753
52.96,0.004066712612819212
53.02,0.0038954478100193812
53.02,0.005768168842578025
53.02,0.003940973650052748
53.04,0.00347363296982961
53.06,0.003961320581960193
53.06,0.0041236199061444045
53.08,0.0027365861892020282
53.1,0.003382935860387626
53.1,0.003522107812257813
53.16,0.004158149584323589
53.18,0.0031316727793559984
53.2,0.0033909181172412373
53.22,0.004320719800413375
53.24,0.003721893946509236
53.24,0.005066705249938019
53.28,0.00454255368125156
53.28,0.0033665943592976477
53.32,0.004587155173739199
53.32,0.004244915480590805
53.34,0.004953737067591946
53.36,0.004276727795292423
53.38,0.004601480357775967
53.4,0.005375443213616382
53.42,0.004068127576837166
53.44,0.004231495212383418
53.48,0.004107320433437978
53.48,0.006948377555544782
53.5,0.004468385810836972
53.52,0.006798497636750778
53.52,0.0037619095736346475
53.52,0.003912113378557236
53.52,0.003902614839840779
53.54,0.005324292728293378
53.54,0.0035360177249128544
53.56,0.004581314948490789
53.56,0.003994413166880206
53.6,0.003664713414239573
53.64,0.00425337880604959
53.64,0.011209641311508811
53.66,0.003851339976729151
53.68,0.00378767867088603
53.74,0.004725697904148007
53.76,0.005779550065652783
53.78,0.0034333346412868115
53.82,0.004775869810694777
53.82,0.0035815939107950445
53.88,0.0033227789650773776
53.9,0.004126884783118623
53.9,0.004045332906330024
53.9,0.003851488961298055
53.92,0.004278696303742779
53.94,0.004479969971422193
53.96,0.004384408704542042
53.96,0.0049745904812683595
53.98,0.00434658833883117
54.02,0.004136449077202453
54.04,0.0030342986174232145
54.04,0.004641749826235997
54.06,0.0038332558041184184
54.1,0.003576413540561152
54.1,0.0064211556329277775
54.1,0.004112210592739252
54.12,0.003909249224908762
54.14,0.003468725320488364
54.14,0.0034491040784123683
54.16,0.00442727935397802
54.16,0.002379241479323224
54.16,0.004167915501092967
54.2,0.004135133531840585
54.2,0.003216791337540048
54.22,0.003626724053165442
54.24,0.0038394503563967675
54.3,0.0038888948297861603
54.3,0.003558390997033589
54.38,0.003566615297300846
54.38,0.003645203672850039
54.38,0.003601036816837655
54.38,0.0033636342865032143
54.4,0.0038633214092668178
54.4,0.0035045203737243957
54.4,0.0039861572320197824
54.44,0.004922383327938373
54.44,0.003792929437987591
54.5,0.0034184550039035866
54.52,0.004485956128677193
54.52,0.00514917366927603
54.52,0.003019535560689013
54.56,0.0034797468067282455
54.58,0.003442131940087245
54.58,0.005656817302912787
54.6,0.004098980148453224
54.68,0.0034830167721130456
54.7,0.00463663198932962
54.7,0.002923014525033185
54.72,0.004422089351279634
54.72,0.003999357438330353
54.72,0.004468091213273628
54.74,0.004118565381432848
54.74,0.0031858159402016195
54.74,0.005150175649485167
54.74,0.004365852571497575
54.76,0.004595533077631164
54.76,0.0036265603291339987
54.78,0.0033239518247352162
54.8,0.0038809484515663906
54.8,0.004033968792521381
54.8,0.003972212602304626
54.86,0.0038661975293380335
54.86,0.0036259048073024047
54.88,0.0036093020320866476
54.88,0.003318789358990437
54.92,0.004061808683467394
54.96,0.003232873656942803
54.96,0.0024041891439300356
54.96,0.00447627406693496
55.04,0.0038864292686991986
55.04,0.002740950371977635
55.06,0.004583650653027571
55.08,0.003414781254485244
55.1,0.003756829601920808
55.1,0.003419937516182414
55.14,0.00366728922419135
55.14,0.004366151570386778
55.16,0.004133141105234772
55.18,0.005844809989770772
55.22,0.00466721580906837
55.26,0.003349562277878748
55.26,0.004086156229897608
55.28,0.003639656560945226
55.3,0.003992413664783645
55.3,0.00396987757367695
55.32,0.004510870291474345
55.32,0.003150398068820781
55.34,0.00796731749103119
55.34,0.004579421447189813
55.34,0.00356287360260521
55.36,0.0036565683884244304
55.36,0.003567203768968019
55.36,0.0037371669013511744
55.38,0.004304466003320018
55.38,0.00288922428958438
55.46,0.0032624573161084136
55.48,0.0032735365462760457
55.48,0.0037186495727715707
55.52,0.003679717536100413
55.52,0.0034165130589319803
55.52,0.004198624237632398
55.52,0.004649664932481978
55.54,0.0050033255044468206
55.56,0.0045564205347847775
55.56,0.004867583503133988
55.58,0.004182824737667401
55.58,0.0044981455874751886
55.62,0.0044330233552302145
55.64,0.007256605814753625
55.66,0.00461677102199598
55.68,0.004688615548104846
55.76,0.006290704206557973
55.76,0.00478670863537678
55.78,0.00391563030640163
55.78,0.0033732475180515697
55.86,0.003626765533022769
55.9,0.0041978301540972485
55.92,0.0045945808693965695
55.94,0.0035344625375663963
55.96,0.003299316756497972
55.96,0.004224539631951574
56.0,0.004442615052033583
56.02,0.003552662752285607
56.02,0.0036407407799530223
56.06,0.004604142099719155
56.08,0.004366728571105982
56.08,0.007682819468369351
56.1,0.0034625874928717604
56.12,0.004631528083231973
56.12,0.003463729649246794
56.12,0.0033484047674996464
56.12,0.003896203967686418
56.12,0.0035770788920256313
56.16,0.004284688572967044
56.16,0.003970277802138211
56.22,0.004383048632653819
56.28,0.004046727781374049
56.32,0.00386781834815475
56.34,0.003461274142516846
56.34,0.0037075751058796014
56.36,0.00391720081158875
56.38,0.00460013967778683
56.4,0.003242581781209619
56.4,0.004368850116096001
56.4,0.00422754943058079
56.42,0.0035286075139879802
56.44,0.004303062788034384
56.44,0.004967374427959581
56.46,0.003389610638384166
56.46,0.004589427428347781
56.48,0.0038571466844268265
56.5,0.003260552618056023
56.54,0.006181260516386011
56.56,0.003323630639368358
56.58,0.0036552968470130454
56.58,0.003216323990108849
56.6,0.003460956573163254
56.6,0.0033030421675608324
56.62,0.0037081531397678003
56.62,0.0034357041818218192
56.7,0.004387776776223151
56.7,0.005002123542031556
56.72,0.003027286953486752
56.76,0.003970085395470946
56.76,0.0036675952117516397
56.8,0.003756501122095579
56.86,0.0042767804476263604
56.86,0.004064484792223211
56.88,0.00466597249962275
56.88,0.0035850103826168267
56.92,0.00727687958239398
56.92,0.0033132051234582294
56.94,0.004404428537915228
56.94,0.004785696981207566
56.94,0.005121173966593617
57.0,0.008807908036569612
57.02,0.0044927768720776085
57.02,0.003507751511564794
57.02,0.0034674477661253977
57.06,0.0047608918231479835
57.06,0.006392257589114769
57.06,0.004361573681685549
57.06,0.003995701416691255
57.1,0.004543165981952368
57.12,0.004138576735940758
57.16,0.00616267234291723
57.16,0.003042252201979956
57.18,0.0039015241507156517
57.18,0.003765201840401411
57.18,0.0036902909962815977
57.2,0.0054809498010159885
57.22,0.003110335270761211
57.24,0.003965468570030772
57.3,0.0042929104659702455
57.34,0.0034871418402991905
57.36,0.003692767094699234
57.38,0.004659442478839648
57.4,0.004086150687885981
57.4,0.004817191343078786
57.42,0.004173744461694828
57.42,0.0047522937664268294
57.44,0.00464028569462438
57.44,0.004386582156676422
57.46,0.0038668029602515475
57.46,0.003652755167132371
57.48,0.0034279308757038107
57.5,0.0037366469894748455
57.56,0.00449053967606261
57.58,0.004319952875102451
57.58,0.003581928497380815
57.58,0.0038339362064071514
57.58,0.004585863319590766
57.62,0.0036989086781618052
57.62,0.004809051897594618
57.64,0.004172093198134608
57.64,0.003642236893282358
57.7,0.0027480786269787894
57.7,0.004017708560639988
57.78,0.0040300429911458435
57.78,0.00515428013986019
57.78,0.0036384377800036116
57.8,0.005871821302814384
57.8,0.004149760637640387
57.8,0.0026087124610225665
57.86,0.00385016629325563
57.86,0.0034856863556678164
57.86,0.005117495359577617
57.88,0.002923137954775834
57.88,0.003934618231914433
57.88,0.003859750936004769
57.92,0.003643796255491605
57.92,0.004054829952935601
57.94,0.003470977788175622
57.94,0.0037109769334604525
57.96,0.0038282309046507867
57.98,0.004051233684188804
58.0,0.0035133223265050306
58.04,0.003579554522132433
58.06,0.002977861219079614
58.06,0.0036434527476427725
58.06,0.003936205933147252
58.08,0.004316527379321977
58.08,0.0037114506642036416
58.12,0.0047451193097536315
58.14,0.004224370163866786
58.14,0.007532858961001199
58.16,0.004324129684095568
58.2,0.00391649581853204
58.2,0.007170340139674769
58.2,0.0037863344270250288
58.2,0.004580388924462775
58.24,0.0067235262439495624
58.24,0.0045257992392091495
58.24,0.004786732661216431
58.26,0.0037569559350716375
58.28,0.008418833588279773
58.28,0.004315262922929608
58.3,0.005062131580224394
58.32,0.003912073703790431
58.38,0.0045034437876093625
58.42,0.003711722613013002
58.42,0.006563427934512034
58.42,0.004160308754927233
58.42,0.0034309410756787617
58.42,0.0033051781746511466
58.42,0.004084485399439952
58.44,0.007198703392592987
58.44,0.006446056355114416
58.44,0.003170086803222616
58.46,0.004555585477579394
58.46,0.0037165179884756094
58.48,0.004652937686860592
58.48,0.0028845572040320233
58.5,0.003942840034493189
58.5,0.004755805068886398
58.54,0.0040872739971548055
58.54,0.0026157588790299835
58.56,0.00392982661200203
58.56,0.0033342219023592135
58.58,0.010400361145411985
58.58,0.0037773567233148064
58.62,0.00874768685010796
58.62,0.005466530078492404
58.62,0.0044825087200808245
58.64,0.0047073329099813765
58.66,0.00451424901881603
58.68,0.004986228308104024
58.7,0.0038700772698931907
58.74,0.003418143744883806
58.76,0.0031729916437778227
58.78,0.00461673324230083
58.78,0.003770785985693359
58.78,0.0033132715434863735
58.78,0.003509348285872016
58.8,0.0046350305277059745
58.82,0.0044831231577724395
58.82,0.0036591843641515798
58.82,0.006949974642762813
58.86,0.004167772772434186
58.88,0.0036208488855575816
58.88,0.0035239253097576473
58.94,0.004383344288484414
58.96,0.004459848679108758
58.98,0.0038866568918776156
58.98,0.004754107162568855
59.08,0.003547026102669215
59.08,0.0035470875535498214
59.12,0.003286739282268747
59.14,0.004424713056299989
59.22,0.003389170072666814
59.22,0.003984332771537202
59.24,0.0047807607743571845
59.24,0.004713917509851173
59.28,0.0024906252303336096
59.3,0.0033030500220585512
59.3,0.007052734472759226
59.36,0.004971163810907564
59.38,0.003982934089335255
59.44,0.003563374116752782
59.44,0.0033602774516934275
59.44,0.004234032095576379
59.46,0.005103509474590817
59.48,0.0038705561783571873
59.5,0.0035908840526052144
59.54,0.0042338884181174485
59.56,0.0029314871603571824
59.56,0.00459018565099123
59.58,0.004179352073085396
59.6,0.00457156375432155
59.6,0.0039011857268628214
59.62,0.004566862023892226
59.62,0.004275327871368972
59.64,0.004526606739289951
59.64,0.005026186725944792
59.66,0.004899503619067436
59.66,0.0029981868590523986
59.7,0.003950878699453431
59.7,0.008676506740685208
59.76,0.005088627692427239
59.76,0.0035047179976920306
59.78,0.003183278848131965
59.78,0.0050954454778348035
59.82,0.0040780874247031695
59.82,0.004828609471161149
59.84,0.003873489566205368
59.84,0.003948573912610609
59.86,0.004872987568321219
59.88,0.004591157422697556
59.9,0.0034729919071831983
59.9,0.007796539393560842
59.9,0.0037519372451008115
59.98,0.0044376031477919575
60.0,0.003559850930060393
60.0,0.0034225160982571667
60.02,0.0031178592094963653
60.04,0.009101127073755433
60.08,0.0035188157815437826
60.1,0.004525104299645255
60.1,0.004639701423868603
60.1,0.003636179959390029
60.12,0.004904769917033147
60.12,0.00449534766084525
60.12,0.0040954535450585805
60.14,0.0031083282054508166
60.16,0.003986837500873586
60.18,0.004717685703170438
60.2,0.002418148362846817
60.22,0.003858216031528583
60.28,0.004418133071458441
60.3,0.010812614497576423
60.3,0.0031859530549878112
60.3,0.003966187944680177
60.32,0.00399603229261325
60.36,0.0033711942436863707
60.36,0.0035015524902044515
60.38,0.004564503117793439
60.44,0.007448520778302381
60.48,0.004074403240236446
60.5,0.0035750788482278306
60.52,0.005502522461601211
60.54,0.00668236139111944
60.56,0.004950370001022608
60.56,0.004181066390809618
60.58,0.00420574313047839
60.58,0.0046377901321892345
60.6,0.003544084597735586
60.62,0.004547281089192223
60.62,0.0054586789432415905
60.64,0.004760664093520606
60.66,0.00498907234303958
60.66,0.003590884633878577
60.66,0.0031651192726736
60.7,0.0040941213367632345
60.72,0.004046279381688556
60.74,0.004265616404935613
60.74,0.0037860447849388246
60.78,0.008376946048553768
60.82,0.004625799022057953
60.84,0.005097406562983187
60.84,0.0042702873951350195
60.84,0.004582151602204765
60.88,0.0041961894564962465
60.9,0.004613919876425232
60.9,0.003429136078574202
60.92,0.0035149936181911867
60.92,0.004487275405321789
60.92,0.0045092305587127735
60.94,0.0045396881075789874
60.96,0.0044368123313988095
60.96,0.003307514041985038
61.0,0.005012150114300229
61.04,0.00437012709840201
61.04,0.003440849961581227
61.06,0.003823238445184396
61.06,0.004350931652002177
61.08,0.003637844512696775
61.14,0.003638516706180428
61.14,0.0035830334173667655
61.16,0.0035478929065684284
61.18,0.004766739135843245
61.2,0.004519778540184816
61.22,0.003630058789863222
61.24,0.0034849909520395794
61.26,0.00481794516398204
61.28,0.0028837110779470487
61.28,0.004253295833362425
61.3,0.004062864516737208
61.3,0.0034857415528691815
61.32,0.004281137734913232
61.36,0.0034364725698168286
61.36,0.004132259957149387
61.36,0.0029684494814735674
61.38,0.004122338899786193
61.46,0.0045263403962884086
61.48,0.003676756292988803
61.48,0.0035361334795871446
61.5,0.004355571570964556
61.5,0.004249849978409603
61.5,0.004206402520149255
61.52,0.005046902317698443
61.62,0.004128857861420032
61.66,0.004336810901940824
61.66,0.004566121463407624
61.66,0.0026795008979195734
61.68,0.003216327275079145
61.7,0.00484676919736482
61.7,0.004781465553370778
61.7,0.003593879106626563
61.7,0.006890368946380621
61.74,0.005068105979543214
61.76,0.004110144751684808
61.82,0.0048760604627857695
61.84,0.00514435908094979
61.84,0.004569584775776847
61.86,0.0038973384055676075
61.88,0.003928276624431959
61.9,0.002525976686176379
61.9,0.0026124032326335644
61.92,0.0029951114359666464
61.98,0.004160732164047554
62.0,0.004074579527533206
62.0,0.004417784916317169
62.0,0.004888469254934802
62.0,0.00332899397239117
62.02,0.008803721841188827
62.02,0.004649851416704376
62.02,0.003187246230548779
62.02,0.004466045281554809
62.06,0.004290923848478401
62.08,0.0036556456792568026
62.1,0.003556457371638011
62.1,0.0029377763893000397
62.1,0.003591193490617983
62.12,0.004120761104583148
62.12,0.007269738399861558
62.18,0.004223328747630428
62.2,0.004944003666107366
62.2,0.005025474063581448
62.2,0.004216496632549638
62.22,0.004115628962409579
62.28,0.0038906765489281625
62.28,0.003613527568163244
62.3,0.003775374062675363
62.32,0.005183577353030433
62.38,0.0040364937751096175
62.4,0.004614946013082988
62.44,0.0038252879438868126
62.44,0.004643012666769364
62.46,0.005494595200245644
62.48,0.004521770539086756
62.52,0.003769560488476431
62.54,0.0042405866179667795
62.56,0.003787783623237617
62.56,0.0040213656209944215
62.58,0.004426476773352839
62.6,0.00437814404921999
62.6,0.004306084944925015
62.64,0.00319941103124044
62.66,0.0048614439431952094
62.68,0.004125758125135381
62.7,0.004417576189228001
62.7,0.005087432599243602
62.7,0.004184350255468039
62.7,0.004940421146214957
62.7,0.004332526327058828
62.72,0.008176776941923647
62.76,0.005373161133804372
62.78,0.004183469950382768
62.78,0.003772588316059644
62.8,0.0034505378723429514
62.82,0.007136644753018451
62.82,0.004298140549125362
62.82,0.0037549238443393973
62.82,0.0028212404523048074
62.82,0.005141004424167206
62.84,0.004689842518465159
62.9,0.004330365328422792
62.9,0.004410014046837607
62.92,0.004662741395672798
62.92,0.003417503071307615
62.94,0.003978935681547169
62.96,0.004267017387848182
62.98,0.00492114277811162
63.0,0.004090858879354453
63.0,0.0038100102943475767
63.04,0.004261637220618009
63.04,0.004485146663644413
63.06,0.004577557221068229
63.06,0.003989592384823437
63.1,0.012466930120038855
63.14,0.004255080862408778
63.2,0.0035828473293088026
63.22,0.0029765900432445758
63.24,0.0033596529054136237
63.28,0.004052230588965977
63.28,0.0033774514380343623
63.28,0.003649551917932037
63.28,0.004383376766739389
63.32,0.003740130599351188
63.32,0.0036111288667848296
63.38,0.004812531893488181
63.38,0.002900664115932372
63.38,0.007123270786202229
63.38,0.004099837563182995
63.38,0.004177599587914638
63.46,0.006664878583310774
63.48,0.004553767549172805
63.5,0.0037191114944995496
63.52,0.003997871216027238
63.52,0.0044616553802974135
63.52,0.003960872240468594
63.56,0.004450900022538451
63.56,0.005410374835036591
63.58,0.00403498778359479
63.58,0.007195672623536042
63.6,0.003780548629291225
63.6,0.004052671978052369
63.66,0.007141259010646772
63.66,0.0037218246005348288
63.68,0.004761877250804347
63.68,0.003575088050249753
63.72,0.0038803656937960174
63.72,0.004099693426239948
63.76,0.0036712194192758396
63.78,0.003639591749390436
63.8,0.004917483057880423
63.8,0.003627042242345224
63.84,0.003783257418189634
63.84,0.005089560991477948
63.86,0.0044088347008983675
63.88,0.00490480496416823
63.92,0.00334466456009197
63.92,0.003782925812566784
63.94,0.004186008580122413
63.94,0.0038789194965888063
63.94,0.004173013425419758
63.98,0.005783003568597622
64.1,0.003556870667098755
64.1,0.0035132977942944343
64.14,0.00375468633931364
64.14,0.0038463635103451743
64.24,0.007397952545053599
64.24,0.00484996313262076
64.26,0.003229449563039166
64.26,0.004770990216952153
64.28,0.007986379463959192
64.28,0.003549392287211628
64.34,0.004143788633612422
64.34,0.0037719746713219537
64.34,0.0038911318008497675
64.42,0.004162977822110392
64.44,0.007276355933661827
64.5,0.004561577296746444
64.5,0.0048517589942131956
64.5,0.0040317056111750516
64.52,0.0039797819359064235
64.54,0.004513025428247053
64.54,0.0042396544376456236
64.56,0.00422369768364117
64.58,0.003801365366877363
64.58,0.0038432494800936245
64.64,0.004535871363140598
64.64,0.004194880857208427
64.66,0.003434551618117232
64.7,0.004435714811006797
64.72,0.004177654037900158
64.72,0.004747867676235362
64.72,0.004055644713271356
64.74,0.004499206369057651
64.74,0.004302527055073946
64.74,0.004630779984039157
64.76,0.0033756903812688366
64.76,0.004031965265395399
64.76,0.0034379909839440392
64.78,0.004473742482125176
64.8,0.004218418068568597
64.82,0.004654640073817218
64.82,0.0046426441355488235
64.82,0.004279801604449185
64.82,0.004999232817121002
64.82,0.0033160500883328003
64.82,0.004398109816321383
64.86,0.0038508891806732226
64.86,0.0045172730447460285
64.86,0.0036361474583448405
64.88,0.004411837132815566
64.88,0.004190236070821363
64.94,0.0034462640024019997
64.94,0.003702566331389212
64.94,0.0036041558414443564
64.94,0.004809121744033029
64.98,0.005598943534933953
64.98,0.004548309614876178
64.98,0.0034471912768659907
64.98,0.004178748985044223
64.98,0.0035142122675677623
65.02,0.004076751162593761
65.04,0.004080190176085963
65.06,0.004291192778232422
65.06,0.004631602374292387
65.18,0.007934011705538424
65.18,0.0035723283256395844
65.2,0.003606926224936746
65.2,0.003553649541121251
65.22,0.004223109706820827
65.22,0.005064973316667443
65.26,0.004988155915614967
65.28,0.004469639468520414
65.28,0.004226989808059578
65.3,0.004748828595034005
65.34,0.0033094005956082473
65.36,0.0035101565694996006
65.38,0.004720156516415552
65.38,0.005029935348359049
65.4,0.003979063945971251
65.42,0.004375217544543619
65.44,0.003393838704440988
65.44,0.004510130622393582
65.46,0.0039522679047799825
65.48,0.004534837207979425
65.5,0.004414167094024424
65.5,0.0031721130360523597
65.52,0.004199688346420594
65.52,0.004253816169583757
65.54,0.003207609257874
65.54,0.004646025032993384
65.58,0.0034161979468472214
65.58,0.003557386674350793
65.62,0.0038215683237415865
65.62,0.004121764280077156
65.64,0.003707603532250414
65.68,0.004956688559937361
65.72,0.0062128455296356355
65.74,0.0047177509796534345
65.74,0.0028456654050700303
65.76,0.004098111565418616
65.76,0.003329071009951945
65.78,0.004479232850872816
65.8,0.005579066258397991
65.8,0.0042337806402380496
65.82,0.01575027738826984
65.82,0.003966670530478833
65.82,0.0036603017451023456
65.86,0.003714203709473174
65.96,0.0039278558018503995
65.96,0.013132971733468835
65.98,0.004409249119823988
66.0,0.003471585128983379
66.02,0.0032167204762020285
66.04,0.0040667232480110505
66.04,0.00667896345134722
66.06,0.0044670668997142116
66.08,0.004143718701075216
66.1,0.003938220262839187
66.12,0.004085098073430382
66.14,0.0034193095506156457
66.16,0.006093502294419961
66.16,0.004600416153212383
66.16,0.003352020924070831
66.18,0.0035243826206587947
66.18,0.0040747953670056125
66.18,0.004776564631433611
66.18,0.003871542271406625
66.2,0.003189736572189794
66.22,0.002429597463909583
66.26,0.0035492153092041567
66.26,0.004174269603198
66.28,0.007132414124481623
66.28,0.0037020364171216347
66.28,0.005065054806846825
66.3,0.006034088432315565
66.3,0.004569382228836183
66.34,0.002891062582982773
66.36,0.0031708780859514007
66.4,0.004596497616320194
66.46,0.004832714189268561
66.48,0.003255455307003774
66.5,0.0037735570618427916
66.5,0.004305738952595006
66.5,0.00332112141504759
66.52,0.004652969114419148
66.54,0.004330961484084628
66.54,0.0035458816515475666
66.6,0.0032343682874760304
66.6,0.004137192181930427
66.6,0.0033603100834580513
66.62,0.004788558415839028
66.64,0.0034334878706255845
66.66,0.004147665001436374
66.72,0.003945066511238826
66.74,0.0034323125294327683
66.74,0.004582640496803236
66.78,0.00438156021011582
66.8,0.0040234800307755725
66.8,0.004335652260781253
66.82,0.004628724699943243
66.84,0.0036254746131095805
66.84,0.0050185576028616286
66.86,0.0036831820062932508
66.86,0.004377521281481167
66.86,0.00474793602416157
66.9,0.004090360520444647
66.92,0.007746200107574763
66.92,0.0030898097742847463
67.02,0.005143657111855049
67.06,0.0042253048471716514
67.1,0.004571837749502428
67.1,0.007031905757360235
67.12,0.0038300083772131455
67.18,0.00334592230375097
67.24,0.004830839489135985
67.24,0.004976599078475252
67.24,0.004198650335095588
67.26,0.007569497802909608
67.26,0.004230064668698796
67.26,0.004025019537528429
67.3,0.005026227454676624
67.32,0.004596881203243974
67.34,0.004827504540903638
67.38,0.003216416768799246
67.4,0.0046515959117016115
67.4,0.00217343173844875
67.44,0.004812024838420026
67.46,0.0046384637885815705
67.46,0.003931994879956768
67.5,0.003985832873292794
67.54,0.004035658576267975
67.56,0.005131343128851218
67.56,0.0031591915079833832
67.58,0.0036815862198208427
67.62,0.0036516974622395892
67.62,0.003919640787698353
67.66,0.004019771628526181
67.7,0.0030944118480266125
67.7,0.003904672870348236
67.72,0.005400515349048396
67.72,0.003899471980643221
67.76,0.004099604234087173
67.8,0.005149021626945971
67.82,0.004538893046173165
67.84,0.003942332205385202
67.84,0.003967605138408992
67.92,0.0044719662401035976
67.94,0.006277326133066752
67.94,0.0038127675485871704
67.96,0.004080674088267622
67.98,0.004931620719043961
67.98,0.003947709819556833
68.02,0.0036872549907908114
68.02,0.0050084238361988165
68.02,0.004808995469820387
68.04,0.003863250385485184
68.1,0.004216740755321191
68.12,0.004088238677635636
68.16,0.0046348102131555935
68.16,0.0031661473327864176
68.18,0.00399089451453305
68.2,0.004047230880839581
68.22,0.004802924607930414
68.24,0.0063899907797529965
68.26,0.004647070990032587
68.26,0.004546016779792605
68.28,0.0035644334336324413
68.3,0.003936210911709148
68.34,0.004101395125873597
68.36,0.003826759158388593
68.36,0.003712920678229148
68.36,0.003714301602086967
68.44,0.003457662033251152
68.44,0.004655708791888036
68.46,0.0038769640937718064
68.48,0.003978333732987949
68.5,0.004273066651162782
68.52,0.003974151804715609
68.54,0.00421362164397765
68.58,0.004930691222551631
68.6,0.0035893568697640266
68.64,0.004960786001794393
68.64,0.004473222677337629
68.64,0.004183204094341364
68.66,0.003344938250945617
68.7,0.004393902656244175
68.7,0.004814878928287025
68.7,0.00304180108765717
68.7,0.004249336499377976
68.72,0.004045624438927198
68.74,0.0041981038391809555
68.74,0.003823916835209995
68.76,0.004179978188534772
68.76,0.0041438044209461955
68.78,0.010506910182512041
68.78,0.00435168723663637
68.8,0.0050689943521091685
68.8,0.003851887923390418
68.82,0.0035978175374431487
68.82,0.0037546972011776036
68.84,0.004022588408170824
68.86,0.004338413089036042
68.86,0.004726015493023983
68.88,0.005024083864591966
68.88,0.004880442837947974
68.88,0.004580176891514798
68.9,0.0037126093733625964
68.92,0.004064228009142745
69.0,0.003781717120660777
69.0,0.007021825559330175
69.0,0.004925902293547946
69.04,0.004246292372517391
69.06,0.003963762525027392
69.06,0.0036397558905559846
69.12,0.0034362098298156285
69.14,0.003461943636332787
69.16,0.003999700494499159
69.18,0.0032559136056106164
69.2,0.004554681480347766
69.2,0.0030473517299768327
69.2,0.003636389751935254
69.24,0.004412267766860767
69.24,0.0037162847419758283
69.26,0.005062704385979555
69.28,0.0036207914373519445
69.3,0.005194757560541996
69.34,0.003318248695366788
69.34,0.0038077562241973784
69.36,0.003657019676772788
69.36,0.006347581818284209
69.36,0.0037306859180972207
69.38,0.0040258554781863465
69.38,0.003019620141572199
69.4,0.004386570206920348
69.4,0.0034308141329856268
69.42,0.004080983555067252
69.42,0.005427099582755779
69.46,0.004100188816641981
69.48,0.004369950573653636
69.52,0.003899966189240378
69.52,0.004104185283407835
69.52,0.00482797053405315
69.54,0.004226152747527578
69.56,0.003199456867571837
69.58,0.00421348693019763
69.62,0.0035486802177373544
69.62,0.00340648014111955
69.64,0.003614372346962824
69.66,0.0041824288563340195
69.68,0.004644532876084795
69.68,0.0037854863897506252
69.68,0.004444137442617624
69.74,0.00883850256466423
69.82,0.004635116221582969
69.82,0.004174841830243414
69.86,0.004334120026475596
69.88,0.004308405968104778
69.9,0.004185529562694801
69.96,0.004256320512195155
69.96,0.00458509258432882
69.98,0.0049886442412852006
70.02,0.0037605158508348113
70.02,0.004498288223426572
70.04,0.0047459735373688305
70.06,0.004195912820922798
70.12,0.003259984216369971
70.12,0.0045285751275959685
70.16,0.0034688751406968255
70.16,0.004286269723820402
70.18,0.0037116525092849573
70.22,0.003842666617797974
70.22,0.003943129177027438
70.24,0.004610945028625579
70.26,0.004080069462318647
70.28,0.0035300244638579725
70.28,0.004548759052676377
70.32,0.004475398150693977
70.32,0.003691130874490023
70.34,0.004295108682650817
70.34,0.004335953674863169
70.38,0.00422299501412382
70.38,0.005464288498315373
70.4,0.00456466362414043
70.42,0.005343874300374418
70.42,0.0037745228644290307
70.44,0.004149188119535796
70.44,0.004002671781485834
70.44,0.003652845775948821
70.44,0.004105461101916452
70.46,0.004797670325700776
70.5,0.004850881833711185
70.5,0.004560731182759237
70.5,0.0031682084476314376
70.52,0.0046437016536123865
70.56,0.004018616111786222
70.56,0.0036035243409956452
70.6,0.00524697540323682
70.6,0.0038029501116212394
70.6,0.004235006586425172
70.6,0.004136421783575206
70.68,0.004570292810815224
70.7,0.007446667741678237
70.74,0.0043802694731683856
70.76,0.00409231052263459
70.76,0.00498667206463943
70.78,0.0032893068575832185
70.78,0.007828131003425609
70.82,0.004684125208965995
70.84,0.003298925291902788
70.84,0.003441390716614978
70.86,0.004228502497220621
70.88,0.008458876889089417
70.9,0.004635913002942749
70.92,0.00416350031769841
70.96,0.0036318574015760108
70.96,0.005017257472071601
70.96,0.0039987889559616185
70.98,0.004774181906567199
70.98,0.005825260517546171
71.04,0.003815917729745655
71.06,0.0034154128346491897
71.06,0.004405327274051629
71.08,0.0030782222330691944
71.1,0.004639592552195593
71.1,0.003421241477423398
71.1,0.003526802531177209
71.14,0.0036574768400011726
71.16,0.0047318207036459725
71.18,0.0046067485743458425
71.2,0.004289749402351051
71.22,0.004843213190157569
71.22,0.00367074904618081
71.26,0.0035351518013887473
71.28,0.003128860010443213
71.3,0.002902408468838047
71.32,0.004382941836424625
71.32,0.004235954740528958
71.34,0.004509057791533211
71.36,0.003951329832120765
71.38,0.0036443636650848044
71.46,0.0033572047531628124
71.46,0.0036493295329026454
71.46,0.0037260797871482287
71.46,0.0043429697031923675
71.52,0.0035264974508347757
71.56,0.003540362362716376
71.58,0.010963617236308454
71.58,0.004122798836053598
71.58,0.005269353250163977
71.58,0.003301327464410364
71.6,0.005733680010966413
71.6,0.0036515357435348283
71.62,0.002852991798316551
71.62,0.003199219926554364
71.64,0.003882276083219227
71.64,0.004780354793952002
71.64,0.0037947332573592396
71.66,0.004591301095563605
71.66,0.0038256189730657697
71.68,0.005225550624137987
71.68,0.004074442022461655
71.68,0.00384807966308498
71.7,0.004023928827242229
71.72,0.00805225799775977
71.72,0.0053132774978820185
71.74,0.003809817877056809
71.76,0.004532207326690019
71.78,0.003209101325889585
71.8,0.004234713169303572
71.82,0.0036995522409823955
71.86,0.0036379582317600523
71.86,0.003922923250360366
71.88,0.0034333811574132067
71.94,0.004888973438144206
71.94,0.003994898454804829
71.94,0.003967162870284646
71.96,0.004138061396572246
71.98,0.003722779260908582
72.0,0.003915174374554797
72.02,0.004689045109972367
72.02,0.0068087123459924515
72.04,0.003547865494484048
72.1,0.0040810657207146495
72.1,0.004405275196152414
72.12,0.0031138234561988165
72.14,0.003822318618089793
72.16,0.004034476201757231
72.16,0.004444915233580038
72.16,0.00390956479530602
72.16,0.0034791424329140286
72.18,0.004251511985107426
72.18,0.004168933723447177
72.26,0.004054070433895607
72.32,0.004354565222936424
72.34,0.0034274873788388005
72.36,0.003779124501513631
72.38,0.010890609076703806
72.42,0.002878692240214642
72.42,0.0053100082539288
72.46,0.0036991420964883615
72.46,0.006321938066552013
72.46,0.007702978786034764
72.48,0.004314704257071145
72.48,0.004247404831245638
72.52,0.0035122711155689545
72.54,0.0074015581091272376
72.56,0.00527838269873282
72.58,0.005086892427152989
72.62,0.004278923703795234
72.62,0.004675548520783224
72.64,0.006804465561888962
72.66,0.0033020658021761795
72.68,0.003854490977218017
72.68,0.004473256840095363
72.7,0.004152871585127005
72.7,0.00462505928334056
72.72,0.0045537606180684476
72.74,0.004007033486380762
72.74,0.0033509213678656335
72.74,0.004375619871097025
72.76,0.003966566643126002
72.78,0.00371996660018159
72.8,0.004464252199649965
72.82,0.0050749131495839706
72.88,0.004751922560905397
72.9,0.004371470314556647
72.9,0.004544775521039601
72.94,0.0037668198796103614
72.94,0.004573530154537653
72.96,0.003805875376435175
72.98,0.00455189965073477
72.98,0.00391397953182715
73.0,0.0033296596580102422
73.02,0.003020062626074238
73.06,0.008674153275813223
73.06,0.0034231522418604055
73.1,0.004510219811610816
73.18,0.004129288275208753
73.18,0.004353440831128763
73.2,0.00361402800168642
73.22,0.004659730271356022
73.22,0.00400562517926617
73.26,0.004550960368294055
73.26,0.003504928448469613
73.26,0.002787980720036387
73.28,0.0030009658584475574
73.3,0.0035699054767508454
73.32,0.0035741863686256092
73.34,0.0043069676773581644
73.38,0.004349393160208437
73.38,0.004083614774019639
73.38,0.004678197991056843
73.44,0.005559569916359641
73.46,0.004510852887356198
73.46,0.00566623155723045
73.52,0.004337784692723168
73.52,0.004259589703113575
73.52,0.004159611267376184
73.52,0.003655378626383987
73.52,0.003534010420721545
73.54,0.003517289423885628
73.58,0.0037904909816564025
73.58,0.004820488690645219
73.6,0.004317293029977631
73.62,0.003965395412891204
73.66,0.004478990550518369
73.72,0.003618023220298805
73.76,0.004772418291856373
73.76,0.004395212201780407
73.8,0.004485063490341612
73.9,0.004789569588481202
73.9,0.003739137121016367
73.96,0.0036019994498743824
73.96,0.003945252403436572
74.0,0.0036623636276044147
74.02,0.004159324963607602
74.02,0.003478141008670388
74.04,0.005125359344839597
74.04,0.0037442579774451534
74.06,0.005059217235335978
74.06,0.004540973235416801
74.06,0.0044340802726345885
74.08,0.003308180145160766
74.16,0.006903838868953627
74.18,0.003900594752427211
74.2,0.004429720270680226
74.22,0.004173413582058028
74.26,0.004611755637409232
74.3,0.0046417377862739695
74.3,0.0034034066367794047
74.3,0.0044675316812955446
74.3,0.0038009027174843446
74.32,0.004009529460040628
74.32,0.0034661075466467794
74.32,0.003718620790064242
74.34,0.005287281868939231
74.42,0.003717549759549188
74.42,0.0050152952297571884
74.44,0.004205127147638432
74.44,0.0042151942386280394
74.46,0.004078812488589212
74.5,0.004742520373673176
74.5,0.004769238776347051
74.54,0.004168529327334247
74.56,0.0036251053636969788
74.56,0.002352509798733582
74.56,0.004930114265924046
74.56,0.004451640420709224
74.56,0.003497774105177376
74.58,0.0037925291351975643
74.6,0.005199386327216948
74.6,0.004082454238713229
74.64,0.005686103912013962
74.68,0.00405733380916895
74.74,0.0044613614365132115
74.82,0.003918425468801834
74.82,0.004848143887153156
74.82,0.0034672691820863966
74.86,0.001868905035146029
74.86,0.0036730484000512265
74.88,0.0037457116007908464
74.9,0.004299071734445992
74.96,0.003853739140644019
74.98,0.004342869759732415
75.02,0.003940627779717154
75.02,0.0034761319377077937
75.04,0.0032543754187668306
75.06,0.002894390048876039
75.1,0.0040422475797395885
75.1,0.004326875924372753
75.12,0.003082134563511585
75.14,0.0032035440018065575
75.14,0.003030284835435215
75.16,0.00447577766044116
75.18,0.0044425229103107755
75.2,0.0038782926223628333
75.22,0.0029949289917852173
75.26,0.0049859037650520355
75.26,0.004824547931371992
75.26,0.004618286861329812
75.28,0.004048796368204766
75.28,0.004045801314495168
75.3,0.004507461733479157
75.3,0.005118872977797784
75.32,0.0029661376655432115
75.34,0.00495161433665281
75.36,0.003834604130050989
75.4,0.0035096185085290443
75.4,0.00420456135582159
75.42,0.004385692525161411
75.5,0.0034498653197255758
75.52,0.004647261604112218
75.58,0.004382147886606846
75.58,0.0038067611910211907
75.64,0.004431429729687353
75.72,0.004205585909294429
75.74,0.003993645498186371
75.76,0.004265657020110836
75.76,0.004072391821345445
75.8,0.0046710443918204225
75.82,0.005115996136724421
75.82,0.0044470634765372274
75.84,0.0039647057233608285
75.84,0.006062406287419164
75.84,0.003784666350688415
75.86,0.0035459241444851797
75.9,0.003789952390449214
75.92,0.004733017190515554
75.92,0.0037766752769251566
75.94,0.004219907592357575
76.0,0.0036405487293231786
76.0,0.0037436273442411627
76.0,0.004781195876386035
76.02,0.004254937498181177
76.02,0.0037689074402131872
76.02,0.004038500175749249
76.04,0.0034082739595515665
76.04,0.0035493899634919668
76.04,0.004239226144006181
76.1,0.0032966594570316143
76.1,0.003395821807466781
76.1,0.004251035086981991
76.12,0.0038979933026761504
76.14,0.0049105460647808075
76.2,0.004373932751294385
76.2,0.0042824318456108346
76.3,0.0038475731897034127
76.32,0.003560889405705203
76.38,0.003637340068989192
