time (s),contrast
,
0.02,0.004132831102432788
0.04,0.003914470342675558
0.04,0.004824303177503597
0.06,0.010035011900416002
0.06,0.0038120515822117618
0.08,0.0046357323242689485
0.08,0.004496416936153991
0.08,0.0041000767817691575
0.08,0.0053846407281703534
0.08,0.0049278679334812114
0.08,0.0033704620155121656
0.08,0.0035976332951463963
0.1,0.004289148030514833
0.1,0.004961916900011243
0.1,0.003988581237783562
0.1,0.008743729420277568
0.1,0.004155160826853188
0.1,0.00361843997716238
0.12,0.010883730903743172
0.12,0.003465139940792783
0.12,0.003987487316196359
0.12,0.0033873944026163727
0.12,0.00391606088434604
0.14,0.0033115422819167684
0.14,0.005921367352158757
0.18,0.003939966151692453
0.18,0.004210884781024049
0.18,0.004511063842579821
0.22,0.0032461151377536357
0.22,0.004672098537649383
0.22,0.005583247541591785
0.22,0.003786272685569636
0.24,0.00317281000500802
0.24,0.003874485961166352
0.24,0.0037453472132301657
0.24,0.004341675670158418
0.26,0.0038863518847960243
0.28,0.006854067123477803
0.28,0.004252589787439587
0.28,0.003704455213060398
0.3,0.0043568685885215785
0.3,0.004722187759046759
0.3,0.005052011439591553
0.34,0.0036434509807712345
0.34,0.002938065125395628
0.34,0.004473428631440846
0.36,0.0037156350479128353
0.36,0.004677068736386403
0.36,0.0063056146639351995
0.36,0.0039909028025409965
0.36,0.004307066601580756
0.38,0.003466231900010386
0.4,0.0041082447329964245
0.4,0.004789938216631984
0.46,0.0092333287721178
0.48,0.004201816456400387
0.48,0.004744777514819387
0.52,0.004196465257038429
0.52,0.004144369303981432
0.54,0.0045191650063539646
0.56,0.004255515940202792
0.58,0.0037602632900880506
0.58,0.00416399633045117
0.6,0.00358180248018658
0.6,0.003858851718240852
0.62,0.0032532945170503647
0.62,0.003047660903981564
0.64,0.003801169844230623
0.66,0.005177641522509435
0.7,0.003761080567244446
0.72,0.003970072279130377
0.72,0.0042156409909636094
0.72,0.004270226135930422
0.72,0.0035014893549856207
0.74,0.004416781615902976
0.74,0.004245714858044036
0.74,0.00397718204942521
0.76,0.004511022730352976
0.76,0.003535078537162839
0.78,0.004372905938326399
0.78,0.004421526649458385
0.78,0.003983203818819447
0.78,0.003606162010009961
0.8,0.004333616192987
0.82,0.005306300905295047
0.82,0.0033536917747220008
0.86,0.0046261114593534325
0.86,0.0041762847271688
0.92,0.004123482219394958
0.94,0.00334410747729319
0.98,0.0044106574104334495
1.0,0.003474522055874174
1.0,0.004428487383661417
1.02,0.0030185543592126107
1.04,0.0038211351142876104
1.04,0.004248302741852172
1.04,0.0030036100466239724
1.06,0.0037089390690282498
1.06,0.0036596674865475576
1.08,0.003958525474287655
1.08,0.0037844266393409765
1.1,0.00366821909427395
1.12,0.004636521410134042
1.12,0.0029385658414340377
1.12,0.005553615476784013
1.14,0.0038425799546774053
1.18,0.0032428234135724043
1.18,0.003022555105589575
1.2,0.007513498798024765
1.2,0.006000498578102809
1.24,0.0035192489078635925
1.26,0.005096709664323629
1.26,0.005343265033716849
1.26,0.003887814263302425
1.28,0.0040921689398339955
1.28,0.006941278440596221
1.28,0.0029082279093347596
1.3,0.0038548890305412087
1.32,0.0074717933672647785
1.32,0.003785445315216407
1.32,0.003823144929019806
1.36,0.004321650570684232
1.36,0.0034442049486389514
1.38,0.007696603509443567
1.38,0.003298013044828796
1.38,0.0034406563053536177
1.42,0.004474451264145585
1.46,0.004166796943584017
1.48,0.004194240570327246
1.48,0.0050008987618980205
1.48,0.006734893238329209
1.48,0.004554330581510779
1.48,0.004476081853542424
1.5,0.0038461059507796103
1.5,0.005163960792189171
1.52,0.0049553905877384175
1.52,0.006055058361360222
1.56,0.003706288854101625
1.56,0.004701610715368787
1.56,0.004849332251812832
1.56,0.005582608427394442
1.58,0.009079806897641651
1.58,0.004268258664008595
1.58,0.0038778785641395697
1.6,0.010719269213662175
1.6,0.004179401787712034
1.62,0.003944970597422381
1.62,0.008000729080937186
1.62,0.004778979542660378
1.66,0.008989748904167594
1.66,0.003358474502584974
1.68,0.004270616268274852
1.68,0.003262881311944854
1.68,0.0035538396679921647
1.68,0.004476088502983644
1.7,0.003885649468004404
1.7,0.004507592861945242
1.7,0.003628008635866764
1.72,0.007189442756759812
1.72,0.0032780976988799893
1.72,0.004584071261584
1.74,0.004907333529989177
1.74,0.0031324102877662297
1.78,0.004870046657276195
1.78,0.00439554229794159
1.78,0.003391166702409021
1.8,0.005635733888305405
1.82,0.004130276362572349
1.82,0.006898748396687804
1.84,0.004520797146932987
1.84,0.00466033579410241
1.84,0.004127609329548365
1.86,0.005691082867332997
1.86,0.0033305149143275647
1.86,0.006887274277884825
1.88,0.008399591201466383
1.88,0.0076416021719803995
1.88,0.003181885497096415
1.9,0.004598705341808396
1.92,0.0038369175405291722
1.94,0.004699151920502187
1.96,0.003750169218892374
1.96,0.0037317956324656176
1.98,0.004830878486160817
1.98,0.00812969248792239
1.98,0.004695071643660453
2.0,0.0031348774664684553
2.02,0.0043569902535983696
2.02,0.0036119810330815794
2.04,0.004736983765514569
2.04,0.003830329043696401
2.04,0.0030648559635023664
2.08,0.004174470115036244
2.1,0.007723652007469606
2.1,0.003693566170004825
2.1,0.0046929683559707724
2.14,0.004145443505635171
2.14,0.0038790437764359975
2.14,0.004113783126579618
2.16,0.004711578924491366
2.18,0.00439847072211641
2.2,0.0034937954950675643
2.22,0.009461275493746757
2.26,0.004060983536682161
2.26,0.004977972732872038
2.26,0.003964943576515445
2.28,0.004254600260684027
2.28,0.007756818071893989
2.3,0.004688176970570446
2.34,0.007185068723016386
2.34,0.005005458622276748
2.36,0.004724761840688818
2.38,0.0035887896676164432
2.4,0.004574542050133967
2.4,0.005394144223313635
2.42,0.0028700218970824087
2.42,0.0026558003552792364
2.44,0.004707388330278395
2.44,0.004339106422723837
2.44,0.0038588181369020313
2.46,0.003843802221825232
2.46,0.005195170791394976
2.46,0.003598531170251218
2.48,0.004717398749501167
2.48,0.005283995136562414
2.52,0.00350524648998618
2.56,0.003689165795812799
2.58,0.0037311822355403645
2.62,0.004241472047781358
2.62,0.0037685282074230164
2.62,0.005052126279322389
2.62,0.0033748662766127646
2.64,0.004665225708712972
2.66,0.00418776907296281
2.66,0.003162529565738814
2.68,0.004189583188644375
2.68,0.004269379845220578
2.7,0.0033847567459499572
2.72,0.003126441950159209
2.72,0.004272664869961029
2.74,0.004645316610551231
2.74,0.0034616244955714137
2.74,0.0036808887562795878
2.78,0.004401024493939754
2.8,0.003801211924097214
2.84,0.004399266486161957
2.84,0.0036080838176015817
2.84,0.004849082978705566
2.86,0.0030889018780534405
2.86,0.004944411612999189
2.86,0.004278060582975973
2.86,0.003582182429046843
2.88,0.0034490748579476538
2.9,0.0046848023483307966
2.9,0.004302728852128568
2.92,0.007597561594595792
2.92,0.003865925628651845
2.96,0.004237913283951955
2.96,0.003893766950844202
2.98,0.0028445547717728115
3.0,0.0035201421785483467
3.0,0.004811411957217238
3.0,0.0038798091254563793
3.02,0.0041587030787112456
3.02,0.003358555601938762
3.04,0.004314609400082436
3.04,0.004143198489802824
3.04,0.0036665197304955877
3.06,0.0043718987289269595
3.06,0.0034088714303875944
3.06,0.004398536027869215
3.08,0.004091597946218051
3.08,0.0041398636187574
3.1,0.003692879734963017
3.1,0.004232937113953228
3.1,0.00519179798986924
3.1,0.005051276598117216
3.14,0.003926036911889419
3.14,0.003863290298109945
3.24,0.004282643136970021
3.26,0.005071968557755158
3.26,0.004181278052664994
3.26,0.002948822853425237
3.26,0.0033279706825192212
3.28,0.004819687701609232
3.28,0.004037995396543592
3.28,0.003241235389882746
3.28,0.004400135837805408
3.3,0.0035894517111908497
3.3,0.005388505554860368
3.3,0.004142789518466805
3.34,0.003485282947285784
3.34,0.004295350364428185
3.34,0.004143891666407162
3.34,0.004535632712216353
3.36,0.004773081239658361
3.36,0.0049107233558658425
3.38,0.0038209366500395747
3.4,0.004782057817110608
3.4,0.004277384464608014
3.4,0.004448083455492413
3.4,0.004084315158114027
3.42,0.0046160438829675465
3.44,0.005807444303873588
3.48,0.004499768663749237
3.48,0.0033368330880018116
3.5,0.004817070418298375
3.5,0.0038813680259095484
3.5,0.007563178790976455
3.52,0.004154791042558559
3.54,0.0035165250890516475
3.54,0.003037227179558233
3.54,0.004721851440341429
3.56,0.007932029800492013
3.56,0.003299395256822213
3.58,0.004157133694058346
3.58,0.00649185368243077
3.58,0.0035668534018952203
3.6,0.0038977098359503914
3.62,0.004258021326148387
3.64,0.06037860158449604
3.64,0.0038716172741544153
3.66,0.004317415915272793
3.66,0.003886336092898568
3.68,0.004139078897470783
3.68,0.003639309124130796
3.72,0.003284143170611653
3.72,0.0031344589137751733
3.74,0.004356672366159997
3.76,0.0032457914443767555
3.78,0.003706111764548048
3.78,0.004121387726198411
3.8,0.0040449652076012255
3.8,0.0040685328032640244
3.8,0.005230127971613596
3.82,0.0045598908682313866
3.82,0.0036655971282933963
3.82,0.004436361971558389
3.86,0.004705541405543356
3.88,0.0034743246489111757
3.88,0.00489222260295441
3.88,0.004000777669310951
3.9,0.005185129929463184
3.9,0.005162395109688633
3.9,0.004251511539913655
3.92,0.0035927620948984496
3.92,0.004500485975602042
3.92,0.005181381373023597
3.94,0.004317727570415153
3.94,0.0042001183138772324
3.96,0.003937272923738244
3.96,0.0025112527327212364
3.98,0.003878778446622433
3.98,0.0038761817974706236
4.02,0.004584959823514034
4.02,0.0038243754089634097
4.02,0.00459965973141041
4.04,0.004707190197531186
4.04,0.0038474191978428163
4.06,0.003783674545927984
4.06,0.004752674808405799
4.08,0.0036578035256800145
4.08,0.004253716163489019
4.08,0.0058643943242989716
4.08,0.0033390516412388216
4.08,0.004384875209171968
4.14,0.003728506079076821
4.14,0.005388250773657566
4.14,0.004490746395950818
4.16,0.008291558092358042
4.16,0.0045238466824798484
4.18,0.004369950798688849
4.18,0.004916756501937236
4.2,0.005583685028356045
4.2,0.003700256142869174
4.2,0.0038728123041551488
4.2,0.004197277398085952
4.2,0.004521114220238376
4.22,0.004550421026906393
4.26,0.004160440658563247
4.26,0.004112265694830364
4.28,0.021840804024433225
4.3,0.003787734291253231
4.32,0.0044647031034743545
4.32,0.0036655640530451894
4.32,0.005042068446862946
4.34,0.005844688699696454
4.34,0.003758945005431946
4.36,0.003979285301039637
4.36,0.003803644258509764
4.36,0.0034994908159882154
4.38,0.003021084085786052
4.42,0.004124176465842844
4.42,0.006791675714521772
4.44,0.0033889307079938424
4.44,0.0037838320389615987
4.44,0.004023558516894621
4.44,0.0034005812585495843
4.46,0.005916375395258022
4.46,0.004987866632383153
4.48,0.004085306545661638
4.48,0.003081906394213574
4.5,0.0067543354198483785
4.5,0.0037441467318958255
4.5,0.0035496664474263806
4.52,0.004105060405641958
4.52,0.003942301247242597
4.52,0.0036820984928620515
4.52,0.005713108577565018
4.54,0.014575227744258012
4.54,0.006519868461691836
4.56,0.003488084636906974
4.56,0.0037594640932969714
4.62,0.004040879678552822
4.64,0.004204582459612416
4.64,0.00429541995114302
4.64,0.003897894081747788
4.64,0.0038695314478239817
4.66,0.004090052583667236
4.68,0.004532820570540386
4.68,0.003792324908001188
4.68,0.004580541455180387
4.7,0.004881973794789385
4.7,0.004114380517868832
4.7,0.0040996101011697705
4.72,0.003922720346918762
4.74,0.004303149500281989
4.76,0.004095927811954447
4.76,0.007875936230108405
4.8,0.005397235126759048
4.82,0.004189452272725602
4.82,0.0037981772030055705
4.82,0.0035633221099984347
4.82,0.0034251467301286143
4.84,0.004306094734078392
4.84,0.004471072906559237
4.84,0.003316768255673619
4.88,0.004035162485806154
4.88,0.004524247324766639
4.9,0.003953019840964411
4.9,0.004305750831196442
4.92,0.005208956760628047
4.92,0.005427074720248948
4.94,0.003769676459215221
4.94,0.004765644364480015
4.96,0.003367223483216386
4.96,0.003884047463233564
4.96,0.004430858978601626
4.96,0.003399794679419643
5.0,0.003585769849609566
5.0,0.003637198874272607
5.0,0.0036561416543113845
5.02,0.004074905375173965
5.04,0.003628365364745645
5.04,0.002855250595327208
5.04,0.0034321816036400055
5.04,0.0030935777077829574
5.08,0.004167136717644793
5.08,0.004203205265085552
5.12,0.007572494688093179
5.12,0.004203898448839172
5.14,0.004899501782503979
5.14,0.003719675666148947
5.18,0.00548951028515321
5.18,0.004604633402386815
5.18,0.004766878598931212
5.18,0.00377539029510765
5.2,0.005421903477209167
5.2,0.0037513582174816262
5.22,0.003854382593328376
5.22,0.004101545235237203
5.22,0.003126621320193812
5.24,0.0039909846986527775
5.24,0.003867790416264394
5.26,0.004199571773482402
5.26,0.004253870366784374
5.28,0.002842025235335055
5.3,0.003787708024262426
5.3,0.010630159889884583
5.3,0.0038642352052178364
5.32,0.004690649094490018
5.32,0.004705925664847954
5.36,0.005212449117504403
5.36,0.004300793377546408
5.38,0.004539024273155001
5.38,0.005560640208739587
5.38,0.004109768030444605
5.38,0.004407748693433189
5.4,0.004240887739213606
5.42,0.0053858756553127884
5.42,0.0034559158325435657
5.42,0.004409974747068945
5.44,0.0043685301908643615
5.44,0.003942142679816407
5.44,0.004039819772047593
5.46,0.004671829925396831
5.46,0.003954038622391187
5.48,0.003598204857860221
5.48,0.004087890046319376
5.5,0.004345676667151577
5.5,0.004629214749990451
5.52,0.004193037380152198
5.52,0.0035587796138496497
5.52,0.004460799636782586
5.54,0.0037071797914267623
5.54,0.005104179554851207
5.56,0.003533320403065976
5.56,0.004203578157969234
5.58,0.004634897862880627
5.58,0.004247329774206832
5.6,0.004059653307392441
5.62,0.004374271356901049
5.62,0.0030665318393752194
5.62,0.0037140954621748268
5.64,0.003972265657455565
5.66,0.003991770367968606
5.66,0.003668989224640762
5.7,0.004067247432160248
5.7,0.0038783064528084
5.7,0.006129673409996816
5.72,0.0063695327528972
5.74,0.003845743727029949
5.76,0.008021534226342553
5.76,0.004526686869819385
5.78,0.00394955492027016
5.78,0.003553290051316438
5.78,0.004672798574051229
5.8,0.0037949915247313948
5.8,0.004196322853096346
5.82,0.0034383879236058457
5.84,0.0035728897306932517
5.86,0.00511196276736825
5.9,0.003295889929670004
5.92,0.004222510543421043
5.94,0.004862891991164964
5.94,0.006223576843271017
5.98,0.007466043158272595
5.98,0.004576303492146772
6.0,0.004304087566218806
6.02,0.004476355380344188
6.06,0.003705945310746417
6.06,0.003369068639176409
6.08,0.003667003532404345
6.12,0.003392606472896853
6.14,0.004748301655223552
6.16,0.004350062886836037
6.18,0.003945523165951648
6.18,0.0037522297037552166
6.2,0.004398381501342419
6.2,0.004071097162419601
6.2,0.004708623159069947
6.2,0.0049518683912164185
6.2,0.004061999774760405
6.2,0.004535115671342016
6.22,0.0038307837360206376
6.24,0.003704915709858203
6.26,0.005166436697114585
6.26,0.003936627549939953
6.26,0.004052232248456633
6.26,0.0037267161463160337
6.26,0.0042592727779408035
6.26,0.0038624485705232026
6.28,0.004428261134857947
6.28,0.004072755812086437
6.3,0.0036522383489233645
6.32,0.00444584498524403
6.32,0.0039720723130671765
6.32,0.0036808707658499973
6.34,0.0046657111470795876
6.34,0.003951418389100958
6.34,0.0030919966774591856
6.38,0.003978965257081968
6.38,0.004194038124381239
6.42,0.004032225636213638
6.42,0.005661116140837419
6.44,0.0045536339872983556
6.46,0.003854179235919575
6.48,0.004024718615387557
6.48,0.003618257199304753
6.5,0.007398886591041043
6.5,0.004286585168388757
6.52,0.004031524038295986
6.52,0.004139621983353159
6.56,0.0037535596073280386
6.58,0.0041985019980391725
6.6,0.00384045082640605
6.6,0.004850241711403247
6.62,0.004934219519116989
6.62,0.00373511434076379
6.62,0.0048732156735158405
6.64,0.005245499631718387
6.66,0.0031676342273312397
6.66,0.003911630870907179
6.68,0.003454307950946367
6.68,0.0039057619575998404
6.7,0.004523050207079993
6.7,0.003389167346265598
6.72,0.006437793500894351
6.72,0.005548871682169776
6.72,0.0036320657572878057
6.72,0.004405554636837783
6.76,0.007430400077939381
6.78,0.0049467861640145605
6.78,0.008665386329611224
6.8,0.0036436558520224205
6.8,0.0038067673562089954
6.8,0.004068581598016596
6.8,0.003716216502766767
6.8,0.008220489954319232
6.84,0.005121235423105608
6.84,0.0050534157807987645
6.84,0.004243976651709613
6.86,0.005068830077829767
6.88,0.0032382412892876244
6.88,0.0040062286543591785
6.88,0.004243597282530431
6.92,0.005182905693552398
6.92,0.004315842997820396
6.92,0.004640269618883641
6.92,0.003455402708450017
6.94,0.004916520779968181
6.96,0.0034092839816631804
6.96,0.004250425990176221
6.96,0.0037931411469858123
6.98,0.004054766790080766
6.98,0.0038198186502124143
6.98,0.003951170001255222
7.04,0.004207536524551636
7.06,0.004294481240914583
7.06,0.003323996447864963
7.08,0.0030207079304179763
7.14,0.003555910298754794
7.14,0.0038458845681403897
7.14,0.00700075346021356
7.14,0.002607400881756039
7.16,0.007660409378967836
7.16,0.00411352823997424
7.16,0.004379394344811605
7.16,0.003633794415273006
7.16,0.004575078581109948
7.2,0.004620593968661213
7.2,0.004530728402619255
7.22,0.006286768686342814
7.24,0.0038395352111402214
7.26,0.004311292609052386
7.28,0.0034655243665859814
7.28,0.003549276407231572
7.28,0.004066320561861847
7.3,0.006956797519928837
7.32,0.005665712260593203
7.32,0.004431190631161597
7.34,0.00404074821024436
7.36,0.004376207414184208
7.36,0.0032683275816149937
7.36,0.003339958194783166
7.36,0.004636950983677002
7.36,0.004111104411882005
7.38,0.003806537669007848
7.38,0.004484465920612801
7.38,0.003767177350263551
7.4,0.006970916635868796
7.4,0.003220672020400994
7.42,0.004951440391800954
7.42,0.010302832581578047
7.42,0.00559846996167479
7.44,0.003845425985097628
7.48,0.0073627323677719625
7.48,0.006224866183428768
7.5,0.004915659533104022
7.5,0.0055509636355906
7.5,0.00534274008075919
7.5,0.004625300408641619
7.52,0.003853490049376407
7.52,0.0027908639962259674
7.54,0.004449697450319756
7.54,0.004213609128943752
7.54,0.004605010561757217
7.54,0.004112791567433827
7.56,0.0034953368265090434
7.56,0.004298256370501408
7.56,0.003673470104346044
7.56,0.003925406697056211
7.6,0.004409205000083571
7.6,0.004308401093395253
7.62,0.0036829119557362233
7.64,0.0038467701635651608
7.66,0.0036269802869883794
7.66,0.0037926523449980376
7.68,0.0031984304350097803
7.68,0.0039132098399675685
7.72,0.004988442364149637
7.72,0.0058287485834288555
7.76,0.00396488103571524
7.8,0.004701942320366359
7.8,0.004349597935946359
7.82,0.007019605370952808
7.82,0.003712809665869621
7.84,0.004458464756547209
7.84,0.0037086092518543445
7.86,0.004497684057523377
7.92,0.005071315127880394
7.92,0.0032829372898025566
7.92,0.004414083006476832
7.94,0.004301240534620776
7.94,0.0038309388514700116
7.96,0.005357448814507615
7.96,0.004668745032713639
7.98,0.0036320645780025806
8.0,0.0030702746698921812
8.0,0.005412378591883593
8.02,0.003908029355040421
8.04,0.00606355521402957
8.06,0.004675292682294829
8.06,0.003937455255230038
8.08,0.004399641528413989
8.08,0.002987930662713967
8.12,0.004093726109737239
8.14,0.003912432369902019
8.14,0.00460861810484281
8.14,0.0031448064017362
8.16,0.00992467417682763
8.16,0.003759719995211186
8.2,0.007064470177431947
8.2,0.004255907425681604
8.22,0.0036984248184563917
8.22,0.0037606956020731497
8.22,0.007201551664707373
8.24,0.0059915065730091754
8.24,0.004148493182129953
8.24,0.00365341338338121
8.26,0.0037008731788652494
8.28,0.004215435043998017
8.28,0.004842109030009367
8.3,0.0038373445136238304
8.32,0.004686715971797817
8.34,0.003883025111881988
8.34,0.005796080905495993
8.34,0.007616995452029651
8.36,0.00410934393111384
8.36,0.0037092979335447973
8.36,0.007001660803354404
8.38,0.0043057821700009935
8.4,0.004036821545174041
8.4,0.0038873472795144526
8.4,0.0036451757886803993
8.4,0.0039632986033522055
8.4,0.004233617250613997
8.42,0.004489296751959637
8.42,0.00928007697452482
8.42,0.004410309641919019
8.44,0.004838083938358828
8.44,0.004302446916543579
8.46,0.0034856858533204305
8.46,0.003900394399497964
8.5,0.0037696010521256484
8.5,0.0037177928584808395
8.5,0.0034474501638419586
8.52,0.007532754996536828
8.54,0.0044188833552991635
8.56,0.0038068575655110237
8.58,0.005044247388369172
8.58,0.004378023393016961
8.6,0.003172613495168397
8.62,0.006165277371249167
8.62,0.005351371295380769
8.62,0.0038537584150454274
8.62,0.003572460658122223
8.66,0.0029984427325290275
8.68,0.0032423640496611617
8.68,0.0035929809415268243
8.68,0.004166578588963965
8.72,0.004234658198306596
8.72,0.0038093098813472004
8.74,0.004261472799513166
8.74,0.004667874304573383
8.76,0.0035092642102132476
8.8,0.004226274395508378
8.82,0.004753421323697604
8.82,0.003819892274839254
8.84,0.003627884002465831
8.86,0.004346009989421251
8.86,0.0034804297231604275
8.88,0.004802747126822382
8.88,0.004425479641898766
8.88,0.004241008809062419
8.9,0.0073925741792532085
8.94,0.004290478206959825
8.94,0.0037633820534256346
8.94,0.004242913527421566
8.94,0.004080709798577997
8.96,0.00446830901869677
8.96,0.003559216916588004
8.96,0.003674270611652819
8.98,0.005203627982227843
8.98,0.0030550863197800204
8.98,0.003964519181302806
8.98,0.004839648961794785
9.0,0.004590794457255409
9.02,0.0036415118181167827
9.02,0.002435716034567159
9.04,0.004066036625908431
9.06,0.011328595094066807
9.06,0.0036224717256652106
9.06,0.0048045224805798314
9.08,0.0032709750254563685
9.08,0.0048187643291803806
9.1,0.009319062867876649
9.12,0.005001858717445962
9.12,0.004831913795525611
9.14,0.003225579708585169
9.14,0.006831311573827992
9.16,0.0034114914139488084
9.16,0.0035870789073871867
9.16,0.00520804870931979
9.16,0.004420140619542434
9.18,0.00455724196631202
9.2,0.003841985742118581
9.22,0.0046013688857500235
9.24,0.005795462141060415
9.24,0.004181974647922804
9.26,0.0039217237188864384
9.28,0.008711452416823251
9.28,0.004153212677341589
9.28,0.0047079954696156445
9.28,0.0050646955025972495
9.28,0.004593065883533365
9.3,0.005733646593318764
9.32,0.0039782808580342
9.32,0.0032752952186292372
9.34,0.004164598558869637
9.36,0.00401423577325799
9.4,0.004982212068312841
9.46,0.004037463088880644
9.46,0.0034690959374383823
9.46,0.004999280620778035
9.48,0.0038868839969827818
9.5,0.0038805815712897873
9.5,0.0033343588793639523
9.52,0.004190011928254633
9.54,0.004705150805138003
9.56,0.004727938408565446
9.58,0.002327858098461588
9.58,0.004528063091700951
9.6,0.008562299689236608
9.62,0.004023663060700788
9.62,0.004174031287230817
9.64,0.003783020032200435
9.64,0.0034750239787609827
9.64,0.003842201165611625
9.64,0.005712683326880796
9.64,0.003621772658836453
9.66,0.003450453509839968
9.68,0.0034467346098435714
9.7,0.004485814852518422
9.7,0.0035443843095176453
9.7,0.0036583017807130247
9.72,0.0046091196673450074
9.74,0.003898876507757998
9.74,0.003684247879734981
9.74,0.003927481153233603
9.74,0.0028312629234935605
9.76,0.004467398974906778
9.76,0.004567172809059383
9.76,0.004541544063657588
9.78,0.0035087596370954044
9.8,0.003598212721553584
9.82,0.00409660275919177
9.84,0.004435766550052178
9.84,0.003891057134586373
9.84,0.0038625121140751784
9.84,0.004314714264921249
9.84,0.004444226372045557
9.86,0.0053693914904522355
9.86,0.0044741079559807995
9.86,0.0039844538984199485
9.86,0.003769084409999235
9.9,0.004920034555472186
9.9,0.005131275910944977
9.9,0.006956393389783155
9.92,0.0034412103371216363
9.92,0.004014541741197419
9.92,0.004027152030601999
9.94,0.006469776703561636
9.96,0.0037708748372485834
9.96,0.004141887335464389
9.98,0.004711781600832632
10.0,0.00411646976033242
10.02,0.0033827472753079624
10.02,0.004544767067373168
10.04,0.0038053188313154074
10.08,0.0037820342964264286
10.1,0.005583536082705565
10.1,0.003998343003255411
10.12,0.0043039535617057645
10.12,0.003945231037138397
10.14,0.003208449981389583
10.14,0.004372057325806367
10.14,0.0032788352407879806
10.16,0.004007410205173145
10.16,0.004131957910274431
10.16,0.0028107080406636342
10.18,0.003986505420029651
10.18,0.004010890801049549
10.18,0.00352354968879498
10.2,0.004785837913427571
10.2,0.0045687867755972444
10.26,0.004060716566064437
10.28,0.00458135279535099
10.3,0.004632034759523229
10.32,0.004589963534001984
10.32,0.004007581208101629
10.32,0.003797630418262421
10.36,0.0037143836567784527
10.36,0.004709691972975771
10.36,0.0043727315995636395
10.38,0.004271835161096971
10.44,0.004013196727632007
10.46,0.0035933403659114127
10.46,0.004451659969881394
10.46,0.003275307656242843
10.48,0.004422088456793594
10.48,0.0047097373483120375
10.5,0.003831569825135994
10.5,0.003638450712166841
10.52,0.008939525186067443
10.54,0.0030162771039832226
10.54,0.00530140380555244
10.56,0.004624752751209216
10.58,0.004184965832235821
10.62,0.0033559922823883648
10.62,0.003473704186551241
10.64,0.003338971976156846
10.64,0.003396292575355231
10.64,0.004291642874329371
10.66,0.004638825155894422
10.68,0.004978621315245624
10.7,0.0037602452823272126
10.72,0.003915593284736452
10.72,0.0037512484441055705
10.76,0.005146807422435784
10.76,0.004758838133856025
10.78,0.004640052821793583
10.78,0.004494145554086781
10.84,0.004704372968550419
10.84,0.0041463002917242475
10.84,0.005034808614161945
10.86,0.003783815699777593
10.88,0.004545690484457632
10.88,0.0032903479688691784
10.88,0.0037721935631596093
10.9,0.004032491251865
10.92,0.00394230989507538
10.94,0.0037184775158249916
10.98,0.014885186804714623
10.98,0.004043558643565759
11.0,0.003292964021857969
11.0,0.0036613186076484006
11.0,0.0035138929516129735
11.04,0.004636074659027156
11.04,0.00400311117159724
11.06,0.004060228645753172
11.06,0.003951240714992199
11.08,0.003932275092811244
11.08,0.00418051923982099
11.1,0.00458945976947478
11.12,0.003940470282384423
11.12,0.003879366732722822
11.12,0.003790510840374628
11.14,0.004585860901185179
11.2,0.008944680834908625
11.26,0.005009627973749375
11.28,0.003964781131425621
11.3,0.004162822679185552
11.32,0.004715966334290611
11.32,0.005064068754120021
11.32,0.004167093303580782
11.34,0.004070986182428182
11.34,0.002786289512097806
11.34,0.003773631490241236
11.36,0.003892363198940041
11.36,0.003520724264070796
11.36,0.004119751564234386
11.36,0.0038764383851942474
11.38,0.005762927207744406
11.4,0.0039971162439044194
11.4,0.003269950169436431
11.44,0.0038258942590464473
11.44,0.004778956446603644
11.44,0.003491524287680847
11.46,0.0051065437342120434
11.46,0.0037200966340927843
11.46,0.004254479054092819
11.46,0.002783022087474385
11.46,0.0043799318987576275
11.5,0.0033195043180663797
11.5,0.0038829380299454375
11.5,0.0041841237067064
11.5,0.006311292671725255
11.6,0.0028492205466722487
11.6,0.00397539675145675
11.62,0.0037579895792959617
11.64,0.004910099837736603
11.66,0.00438876739151739
11.66,0.004092647610480782
11.66,0.003527602467181201
11.68,0.004313915744422747
11.68,0.0038619263079155974
11.68,0.003280287633891432
11.68,0.0032615112667250257
11.68,0.0060895376987499805
11.7,0.004444009033891638
11.74,0.009281545177769801
11.74,0.004122997456087574
11.74,0.003522121657937971
11.74,0.0025555525629952225
11.76,0.004627714072122591
11.76,0.007016366383885586
11.78,0.0038442642800435856
11.78,0.00411494079914676
11.78,0.0034121907176356547
11.8,0.004218284784639148
11.8,0.003806715992928811
11.8,0.003970157250610007
11.82,0.004418349400949206
11.84,0.003971586392916393
11.84,0.0028209983401271677
11.84,0.005203299053800792
11.86,0.004020532375277552
11.86,0.0038073092412641563
11.86,0.004967540088350431
11.88,0.0037392613090484472
11.9,0.004788722318136984
11.9,0.0035445236269013858
11.9,0.0037328464507624393
11.98,0.0039048771611136512
12.0,0.004304771858992029
12.04,0.0045776966522935725
12.08,0.004993446332059559
12.08,0.004237876752412606
12.08,0.004454262223287042
12.1,0.004351794366500017
12.1,0.004558612885613211
12.12,0.009142417035566952
12.14,0.00420829653481003
12.16,0.0050082345432658215
12.18,0.004857317044609233
12.18,0.0075917804153295965
12.2,0.004026494071450393
12.2,0.005140140415994421
12.2,0.004675552832037577
12.22,0.004263168696677644
12.22,0.0036613930308535547
12.22,0.0033622822743416547
12.22,0.004774760052144389
12.24,0.0038471420340355778
12.24,0.0025780689799860257
12.24,0.004552961138974632
12.26,0.003218038256549427
12.26,0.004549141639218157
12.26,0.00349390813975603
12.26,0.0032386018934146277
12.28,0.004168811294468999
12.28,0.003741218282553249
12.3,0.004175164406383991
12.3,0.0036916127885178174
12.32,0.0041704109200776385
12.32,0.004059516790858364
12.32,0.004275209332047614
12.32,0.0037025389998311953
12.34,0.003598083767610394
12.38,0.004806031178743786
12.4,0.003086969372488979
12.4,0.00443375944634361
12.44,0.0038692779094507967
12.44,0.004616685091842765
12.46,0.0040138079726127485
12.46,0.003845666598059627
12.5,0.0033825464892207613
12.52,0.005755961039081159
12.52,0.00388632230391317
12.52,0.004319749067536849
12.54,0.003669317447470233
12.54,0.0035975148177908034
12.54,0.006238716114043585
12.56,0.004034032119937581
12.56,0.004436708208224616
12.58,0.006907931050525007
12.6,0.0037768114041210055
12.62,0.003678828037780746
12.62,0.004241766770615385
12.64,0.006690090770388402
12.64,0.0040296091258912314
12.64,0.004519640670827996
12.64,0.004475680762061618
12.66,0.0036016837345111963
12.66,0.006812257081960205
12.68,0.004158462873207203
12.7,0.004676778133929638
12.72,0.003543117809274854
12.76,0.003873435369015188
12.76,0.0049978840237679956
12.78,0.004202670024925359
12.78,0.003365239036592027
12.88,0.003364789884050423
12.92,0.008057840800438365
12.94,0.0036682958296647694
12.94,0.0036966273438724384
12.98,0.003667249796425187
13.0,0.00308103202230281
13.0,0.0034453419020715748
13.06,0.003887190418278008
13.1,0.004046931469740445
13.1,0.003686735706382449
13.1,0.004245213588838448
13.1,0.004135938901784431
13.12,0.0038947826212244463
13.12,0.010850964469828028
13.14,0.0039025269335736246
13.16,0.0043327726686299695
13.16,0.003524043261133203
13.16,0.004399299204952634
13.16,0.003490436705871569
13.16,0.003869997483143983
13.18,0.003685835557402428
13.18,0.003457537883808426
13.2,0.0037882169180347702
13.2,0.0030091419343816206
13.22,0.005668033002484751
13.24,0.003344147321486579
13.26,0.0034967473115071757
13.28,0.003987655574689053
13.28,0.005884841986938394
13.28,0.0035373417177699817
13.3,0.0032363083806802306
13.32,0.006077278575379985
13.34,0.004376049684080452
13.34,0.004777457916247618
13.34,0.0036893461926483795
13.36,0.003385184426266008
13.36,0.004125245724788784
13.38,0.004442904903564804
13.38,0.004410661295696006
13.4,0.0037063251623939975
13.42,0.003997444100967584
13.44,0.0048124670871005915
13.46,0.0033983663693778476
13.48,0.0036661344204409474
13.48,0.004247564533036985
13.48,0.004480597440395195
13.5,0.003843592244380578
13.52,0.004659895681695003
13.52,0.005334356998136003
13.52,0.0036698640076991973
13.54,0.005188151382799822
13.54,0.0036268736127937906
13.58,0.0038624703546864536
13.58,0.004596262208792168
13.6,0.00476429267653522
13.62,0.003553940379860787
13.64,0.003353056900228024
13.64,0.00680400310253737
13.66,0.004634964641320183
13.66,0.0035986592818374463
13.66,0.004257961949969968
13.66,0.004317555657606831
13.68,0.0042034225758600385
13.7,0.004317768639470421
13.72,0.004300084754831568
13.72,0.003581517287558955
13.74,0.017253553961039003
13.74,0.009694378948812976
13.74,0.004752588813313197
13.76,0.007886482071616019
13.76,0.0035346674379763687
13.76,0.0043025822329230134
13.76,0.0029064240104500483
13.78,0.004840287390491249
13.8,0.005130960650525984
13.8,0.003386905289475828
13.84,0.0038365147723063986
13.84,0.004161322808789225
13.86,0.004088026455105975
13.86,0.003881942021688012
13.88,0.004151751609319243
13.9,0.004220771837900039
13.9,0.004444729432519834
13.9,0.003935204801505998
13.92,0.006777405193940433
13.92,0.0041894358207099636
13.94,0.004987778292738776
13.94,0.003679918461398368
13.98,0.004182857456095812
13.98,0.00436323685299278
13.98,0.003795808461045991
13.98,0.003995565456479833
13.98,0.004162228330855222
13.98,0.0030840688668035687
14.02,0.009338771177428429
14.02,0.0036200189466751853
14.04,0.0037769047643395615
14.04,0.004061773427222026
14.06,0.0046425709984831975
14.06,0.002819230742385437
14.1,0.006097856071627383
14.12,0.0038199076497443807
14.12,0.004924103146126013
14.12,0.0075225354035569625
14.14,0.0036231095198832053
14.14,0.003403542047565433
14.16,0.0036546848673232324
14.18,0.004474712932148961
14.18,0.004337714712793983
14.22,0.0033747543779042433
14.22,0.004348010529351631
14.24,0.004512203728629038
14.24,0.0050632897912855634
14.28,0.003764422384353594
14.28,0.00529405872816735
14.3,0.004323285859994752
14.3,0.004132028125366838
14.3,0.0047180141900827754
14.32,0.005995724715971651
14.34,0.003916184066703798
14.36,0.006216644479194011
14.36,0.004947404130688615
14.38,0.00901996050990439
14.38,0.005011285476199223
14.38,0.004603529164704412
14.38,0.003739646391594964
14.38,0.003858633989864413
14.38,0.0035652608046131684
14.4,0.004066866184101237
14.4,0.004366099274207169
14.42,0.004171752829435604
14.42,0.0045923607067032135
14.42,0.004323394803403047
14.44,0.004420063906423244
14.48,0.0035901471884336456
14.5,0.004918454364752578
14.5,0.003973624596829151
14.5,0.004068855253071213
14.54,0.0037631543600608053
14.56,0.004578261442923837
14.56,0.004017356373884007
14.58,0.00433981466021105
14.6,0.004291114816824204
14.62,0.0030910581412906257
14.66,0.004191757863216794
14.68,0.006818246119208782
14.68,0.009717509528032853
14.68,0.003740607309489219
14.7,0.005607515692861442
14.7,0.004439375997172368
14.72,0.003728043506131984
14.74,0.003488488960009195
14.74,0.003765436401225619
14.76,0.003971169456907231
14.78,0.0032808277009636067
14.78,0.0037736075719889683
14.8,0.003457480685362002
14.8,0.003107783902960848
14.8,0.003642075454909799
14.8,0.00446556941130305
14.88,0.004811905484790047
14.88,0.003869100866437991
14.88,0.004370326411051173
14.9,0.0038241418110935843
14.9,0.003188814149999164
14.9,0.003969758353928765
14.92,0.004599456606951158
14.92,0.004114155846147161
14.94,0.004408343990636832
14.94,0.0035551087659971836
14.96,0.004547110580467417
14.98,0.0074575069489140056
15.0,0.0039034984503043546
15.0,0.00441051385179958
15.02,0.004441619569455768
15.04,0.003572498497170007
15.04,0.00547616996977518
15.04,0.00392286554059762
15.06,0.005766322955699232
15.06,0.0034200235611335783
15.06,0.003808919805904365
15.06,0.003377235154690794
15.08,0.003399728359489762
15.1,0.004114794367436003
15.1,0.004078809097630365
15.12,0.010595069967522797
15.12,0.003848101251460956
15.14,0.003631657673510036
15.16,0.004651548166785147
15.18,0.0033093680936812087
15.18,0.0036358402674335766
15.2,0.0035373226409015635
15.2,0.003705324841421609
15.22,0.0047066921066726275
15.24,0.0038437742337154024
15.24,0.0038345904333502157
15.26,0.0052433253633698
15.28,0.0031459929629408245
15.28,0.0033144116592406236
15.3,0.0037447074576055783
15.32,0.0034339015106408244
15.34,0.007850264320978573
15.34,0.0043658597349436334
15.38,0.0033491469428912346
15.38,0.004099380202237435
15.38,0.004196917578698556
15.4,0.002768964227007009
15.42,0.005449754736779999
15.46,0.0038994961357932123
15.5,0.003761279106772819
15.52,0.004096478158817196
15.52,0.0038226650186672373
15.52,0.006912761270009171
15.56,0.004490908975126828
15.56,0.005517691583815987
15.58,0.0038557423425952253
15.58,0.004072421923592806
15.6,0.003699358262248431
15.62,0.004125167242938987
15.62,0.006472493678755575
15.62,0.003851407088936165
15.62,0.002876423124032801
15.62,0.003930769799151412
15.62,0.003961227611578577
15.64,0.008404833473302453
15.64,0.003669638594555158
15.66,0.003838340938471352
15.68,0.007141105402392767
15.68,0.002921367542011777
15.7,0.004005726639306761
15.7,0.004122753086835629
15.74,0.003973006459031425
15.74,0.0033304323729463903
15.74,0.002872913988548831
15.76,0.0048958298544727885
15.78,0.004316107094662791
15.78,0.003898885996727608
15.8,0.004990219649719241
15.82,0.0044338991062440325
15.84,0.002954488651966347
15.84,0.004408601320491035
15.86,0.003963270134522245
15.88,0.0037188461408376172
15.88,0.007231683218705043
15.9,0.004591169982124388
15.9,0.00555916532505718
15.94,0.003919490397862435
15.96,0.0036774932794095827
15.96,0.004375109239122765
15.96,0.004397664005491575
15.98,0.009365840574657947
15.98,0.00426530209950482
15.98,0.003291098888759225
15.98,0.0036447815244947668
16.0,0.004012171063000558
16.02,0.004516408133145022
16.02,0.005115945435927638
16.04,0.004436409006137176
16.06,0.003622597201504152
16.1,0.005685317064950013
16.1,0.0026762700111340187
16.1,0.003971367369772771
16.1,0.0049982741506068296
16.14,0.018823432914025995
16.14,0.004061379561366429
16.14,0.003508120294134054
16.16,0.004208534866342983
16.18,0.00408338964975441
16.22,0.003260545870115039
16.22,0.004478902619000413
16.22,0.0034658522262279723
16.24,0.003949274305348749
16.24,0.004223569368153601
16.26,0.005021388182235631
16.26,0.004231791467142365
16.26,0.004912610338423606
16.28,0.00473903873649717
16.28,0.0033882536935440077
16.3,0.0070608680756167885
16.32,0.004492580634354981
16.32,0.0045165540489345846
16.34,0.004106916215704803
16.34,0.005108934597370385
16.38,0.0030613422245318045
16.4,0.004043694483735205
16.4,0.004466949096782802
16.4,0.003552818124810453
16.42,0.040112985723217975
16.42,0.0038055141617016064
16.42,0.0063651117068211915
16.44,0.004535504148222791
16.46,0.0041338823475751685
16.46,0.0036538342464191853
16.48,0.006425733498771846
16.5,0.00498241251497844
16.5,0.003983508569609384
16.52,0.004835237337140974
16.52,0.004322565902298403
16.54,0.004469078634394608
16.54,0.009824796678643222
16.54,0.00418493342263615
16.6,0.004886845204274404
16.6,0.003406917154861633
16.6,0.005202952558254759
16.6,0.004348500542761036
16.62,0.003608750638301017
16.62,0.003346868337703035
16.64,0.003872797668387551
16.66,0.004821025041400806
16.66,0.004209161334581379
16.68,0.007852769765390621
16.68,0.005100297948153587
16.7,0.004167157855466952
16.7,0.007613108865041185
16.7,0.004812546605909573
16.7,0.0039567473521372465
16.7,0.003935909680330196
16.72,0.007913090292746006
16.72,0.0033561471921483843
16.74,0.007227224434105617
16.74,0.004683192595267838
16.76,0.004363689605669574
16.76,0.00489241392188644
16.78,0.0037779546780002393
16.78,0.004007765158134391
16.82,0.005246517912858573
16.84,0.00558294131484105
16.86,0.01314464100887558
16.86,0.005348997383892384
16.86,0.003758481071449049
16.9,0.003622007796350246
16.92,0.0035563710321095954
16.92,0.0045539622855096384
16.92,0.003619988473282043
16.98,0.004005421011115007
16.98,0.004002325260525574
16.98,0.005433553073815434
17.0,0.005198592926423551
17.02,0.0042839078279174325
17.02,0.0051216003385959885
17.04,0.004737266314423949
17.06,0.004011317401388048
17.08,0.0043914593041651795
17.08,0.004379687029563373
17.1,0.007101910020731794
17.1,0.004742639935001569
17.12,0.004140059649049843
17.12,0.004192205140481353
17.14,0.0042817760183919695
17.16,0.007410490637858369
17.16,0.004745995952104454
17.18,0.0057127310619420335
17.22,0.003257308912351653
17.22,0.003586118116135628
17.24,0.00925420995310755
17.26,0.003245384545396246
17.3,0.003619471726614809
17.3,0.0033189189943222397
17.32,0.004250599890264772
17.32,0.004962885137290041
17.32,0.006103928063037833
17.34,0.00555169932899624
17.34,0.0043431428328886135
17.34,0.0029577039611288214
17.38,0.004868291112005596
17.38,0.003754354852126829
17.4,0.0047996236277636495
17.4,0.007926037018203158
17.4,0.004180720541206773
17.4,0.004322296818406568
17.44,0.00434694901398458
17.46,0.0033416527296118437
17.48,0.002914163291780847
17.52,0.005399745585414006
17.52,0.003564224219377632
17.54,0.004280202471830363
17.54,0.004707525511017607
17.54,0.0034113755409224122
17.56,0.008499045876107947
17.56,0.01041035702592319
17.56,0.003420862167417993
17.58,0.008711244269421381
17.62,0.006637328537848042
17.62,0.004007749828992768
17.62,0.004452051992874018
17.64,0.004503667027212055
17.68,0.003790034326644376
17.72,0.004655519304358813
17.72,0.004026340649042615
17.72,0.004580810365608423
17.74,0.005388791915360791
17.76,0.003749981043266404
17.78,0.0029684980297913777
17.78,0.004449578316772174
17.8,0.003893034768791992
17.8,0.004501399446644405
17.8,0.004647174885015648
17.82,0.003921900764157771
17.82,0.003659445680009754
17.84,0.0031518318056984462
17.84,0.004020316628997156
17.86,0.005627100701858012
17.88,0.003891956574306632
17.88,0.004118242078623213
17.9,0.0047674868633051926
17.98,0.007119008058549037
17.98,0.0032858739323775588
17.98,0.0032314734179319515
18.04,0.004797988219712002
18.04,0.0035984647995291885
18.06,0.00375570819579385
18.06,0.008635399075260008
18.12,0.0035344635539356073
18.16,0.003200445043340383
18.16,0.004332998840106184
18.16,0.004476312200735966
18.18,0.004641148501622783
18.18,0.005190354868566782
18.18,0.004571740762691845
18.2,0.00426210114052239
18.22,0.004664209923359031
18.22,0.008470571988320796
18.22,0.0040943142999867455
18.22,0.004728874080257794
18.24,0.004528629392463235
18.24,0.0033377926452515805
18.26,0.00494435300459839
18.28,0.003937828944574395
18.3,0.0034307526164604196
18.3,0.004021195766161001
18.3,0.003913958136502194
18.32,0.0035078278886684355
18.32,0.0031430784553465596
18.34,0.003986573987937447
18.34,0.0068029733456868025
18.38,0.0042377203103307615
18.38,0.004172072762226975
18.4,0.003474405941279235
18.42,0.0035937701915883524
18.44,0.008329469923029187
18.44,0.0032602750686470117
18.44,0.00447734494073837
18.44,0.004948278644770765
18.5,0.0033780430697479824
18.5,0.005613040148552795
18.54,0.00514804499970678
18.56,0.00396907028978799
18.56,0.0036151977260947543
18.58,0.002681553926407232
18.6,0.01209522404009955
18.6,0.003180260355018838
18.62,0.004808889882453982
18.62,0.0044565412662423975
18.64,0.004609536061967234
18.64,0.0037613777250800062
18.66,0.003906733199639634
18.66,0.004937465825088028
18.66,0.0041862390128507565
18.66,0.003436165311903827
18.66,0.005030254957876346
18.68,0.003538817913496417
18.7,0.004718510564406642
18.74,0.004544014923776429
18.74,0.004089906552423583
18.74,0.004347374736824006
18.76,0.003497872490566434
18.78,0.00391116933262925
18.78,0.00564381539178882
18.78,0.0032631056944544268
18.78,0.004081994867955574
18.8,0.004709596657804793
18.8,0.003492759324941197
18.84,0.003915220611608428
18.86,0.004708796449546804
18.88,0.006275635057558349
18.88,0.003576938241701577
18.88,0.0037324380035151927
18.92,0.004476554281908407
18.94,0.0040193850714354
18.94,0.0035308483424719705
18.94,0.004372880883632191
18.96,0.004707445235074159
19.0,0.003384011014681221
19.02,0.0044220146737580235
19.02,0.004739074112843578
19.02,0.006588713899319587
19.06,0.003663514551626945
19.06,0.004149413511527977
19.08,0.0032251949919251954
19.08,0.002663888965475647
19.1,0.00432818602101781
19.1,0.004473937572136766
19.1,0.004694792721139818
19.12,0.004036481035028405
19.12,0.004467400660245646
19.12,0.004340741542271598
19.14,0.005147276017446356
19.14,0.0037043803300867983
19.2,0.006016720820089416
19.24,0.0045756827085435825
19.28,0.004374474010023999
19.3,0.0037713487279712465
19.3,0.0034981568055731938
19.32,0.004589208204935247
19.34,0.004490307101143176
19.38,0.004554114569021994
19.38,0.005315847612934799
19.4,0.004159476123736239
19.46,0.004782739075227194
19.48,0.0032807748660560465
19.5,0.003568776081469549
19.5,0.003730239262332624
19.5,0.004147962805829186
19.52,0.004330437510638774
19.52,0.004034879804898028
19.54,0.004005463422236399
19.54,0.006582659000741176
19.54,0.003993162751434354
19.54,0.0036367180616632133
19.54,0.0034939155224396057
19.56,0.004395683755305968
19.56,0.0046248634876395744
19.64,0.004696539857294013
19.66,0.005651335561608017
19.66,0.004052710102514623
19.68,0.0044699425553116345
19.68,0.006280185269496363
19.68,0.005169296012399571
19.68,0.0036632071730311466
19.7,0.0032688490068908393
19.7,0.00483289937856024
19.72,0.004255730346309217
19.72,0.0036869402062543744
19.72,0.0029408913414323834
19.72,0.003502426662896574
19.74,0.005195451451146971
19.76,0.004178046134515001
19.78,0.004796875831847958
19.84,0.00778093966283977
19.84,0.004586982505973558
19.88,0.004547966233025225
19.88,0.0038849832339336032
19.9,0.004595044474608789
19.92,0.004022924438115583
19.92,0.0035163294471564077
19.92,0.004286354297600381
19.94,0.0037605414297043893
19.96,0.004088506546893966
19.96,0.0034995741035079853
19.98,0.004645708911349189
19.98,0.0035223171622790206
20.02,0.004145239510055632
20.02,0.003305792785824768
20.06,0.003912520297621569
20.06,0.004387162197294847
20.08,0.0037948996529230117
20.12,0.004347604132878047
20.12,0.004744555253851757
20.16,0.004385268923354557
20.16,0.003949726788634811
20.18,0.006969356993462017
20.18,0.006913113593771558
20.2,0.003341249994745832
20.26,0.0035596072460402084
20.26,0.003990600476654782
20.32,0.0026232635755319977
20.34,0.003772230561291612
20.34,0.0037249801049308306
20.38,0.003795678644800793
20.46,0.0035257091242564265
20.46,0.003988843960445632
20.48,0.007146155100583584
20.48,0.007830423194119973
20.48,0.003430690612519993
20.48,0.004382829698844959
20.52,0.004398829666795834
20.54,0.003321772003255785
20.62,0.00405107835169638
20.62,0.004482973203185803
20.66,0.006470374890269026
20.68,0.0033920667093734203
20.68,0.004702095763071568
20.72,0.004550306643856361
20.72,0.003677484728616176
20.76,0.0044106147114556515
20.76,0.004043570111243011
20.76,0.0039682299440889635
20.76,0.004909277191044836
20.76,0.004301188439985615
20.78,0.0037891984035771653
20.78,0.002859929824065577
20.8,0.004955868064447033
20.8,0.004352926787977052
20.82,0.004006981077044003
20.82,0.003938847882171581
20.82,0.003953310750975603
20.84,0.0034984665147389515
20.84,0.004861583410612158
20.86,0.005516237465454044
20.88,0.0035313551915644448
20.9,0.0030134141133170145
20.92,0.005275991770432031
20.92,0.0059714782888049545
20.94,0.0035595347620883677
20.96,0.0037159417275558493
20.96,0.004030446029357648
20.96,0.004815402697661564
20.98,0.003458481703922378
20.98,0.004044944121477045
21.0,0.004005999189151566
21.02,0.00754568744710038
21.02,0.004493280003206035
21.02,0.0045129020416120325
21.02,0.0035079458409231767
21.04,0.00916131031918721
21.04,0.004244675803918407
21.04,0.004430838200352394
21.04,0.004344596725027183
21.06,0.0033987048942284437
21.08,0.0038209149228596306
21.08,0.007745788575724055
21.08,0.003955556648958414
21.12,0.0027215375393822017
21.14,0.004255363014640801
21.14,0.005066616097630816
21.14,0.006467887745301604
21.14,0.004054657466248002
21.14,0.0044257028778067475
21.16,0.008485623843190848
21.18,0.008125094026981805
21.24,0.004416854089373978
21.24,0.0039735632783249875
21.26,0.003740805968096561
21.28,0.003685146880522794
21.3,0.004009978881423848
21.32,0.004709844761758397
21.34,0.0040211002816124
21.34,0.0036338984381779627
21.34,0.004662004498764638
21.36,0.0048991527738287965
21.36,0.004209905452776552
21.36,0.003146859578924799
21.4,0.0038037235231473954
21.4,0.0029462228751896413
21.44,0.0036420685359299654
21.46,0.007729905839007234
21.46,0.003585049703320853
21.48,0.005081353676229972
21.48,0.004657148457082427
21.5,0.009471190358093184
21.5,0.0039071977305860095
21.52,0.004299960909742828
21.54,0.003976714851496199
21.54,0.004413060805866009
21.56,0.006767310471230026
21.58,0.0037906415472444
21.58,0.0040394869567570435
21.64,0.004082010922245027
21.64,0.006773018143340415
21.66,0.003188758299756622
21.72,0.004946646057321646
21.72,0.005014741715760773
21.72,0.003257681092575848
21.74,0.006431356879098793
21.76,0.00800193660268278
21.78,0.004935187760089388
21.78,0.002606764192783828
21.78,0.003462914834020392
21.78,0.003645547829691176
21.78,0.005054727227878031
21.8,0.004135561395700815
21.84,0.0038823849247655584
21.84,0.0037244696374000297
21.84,0.0035707611826125696
21.86,0.005065178083941246
21.88,0.004704602747176767
21.88,0.00403859191965239
21.92,0.005529349904826009
21.94,0.004170890360472801
21.94,0.008945252414898408
21.96,0.004596479235062789
21.96,0.004952549834473574
21.96,0.003966600183908042
21.96,0.004103901321512615
21.96,0.0035230497716256526
22.0,0.0040938395954768225
22.0,0.0036624917028443837
22.02,0.007937604103993579
22.04,0.004740006709109235
22.04,0.0038343056612292203
22.06,0.004051269459222628
22.06,0.003952228846968775
22.08,0.004339114690938617
22.12,0.0033418566729628285
22.14,0.0037676862756099716
22.14,0.0037885243897531895
22.14,0.003609148878187418
22.2,0.0040354593077291945
22.2,0.004268109590410574
22.2,0.003961333227587183
22.22,0.005299055061154578
22.26,0.0033205141964928186
22.28,0.005224424546774631
22.28,0.0034359909134296096
22.28,0.004199255787886158
22.32,0.004002467469805149
22.34,0.0034097567084095948
22.36,0.004728522191951634
22.38,0.004572834599955611
22.38,0.004999714815781764
22.42,0.0034036352696852346
22.42,0.005034074313885584
22.42,0.005342428178303216
22.44,0.0029949507073704362
22.46,0.0030831003262323797
22.46,0.0035815126683184095
22.46,0.003766821568503609
22.46,0.005508729709174154
22.5,0.004691753678066846
22.5,0.003751888844814033
22.52,0.0042492924315944425
22.54,0.004320029233293776
22.56,0.003983369758013611
22.56,0.00417292815032122
22.56,0.004444234262031221
22.6,0.004714890395820959
22.62,0.0031019372448002347
22.64,0.00511048611086562
22.64,0.0048700794860864205
22.68,0.004621959953453159
22.7,0.0033680174874417546
22.7,0.004060348201727182
22.72,0.004437783581064947
22.72,0.003679691918854755
22.72,0.005081274832749227
22.74,0.0035159321803801546
22.76,0.004102329476263211
22.76,0.0037829367277619763
22.76,0.0038570598944156487
22.78,0.00315561037578882
22.78,0.00436676384417245
22.8,0.005556734639056593
22.8,0.003392391147113649
22.82,0.004405999159055596
22.82,0.004414704100449196
22.84,0.004011210218243355
22.88,0.003997752625860773
22.9,0.0034953165250187768
22.9,0.003923882428822023
22.92,0.004266873244142433
22.92,0.0039055002911899672
22.92,0.0044611137389406474
22.92,0.003332145065079173
22.92,0.005019987376922774
22.94,0.004534556463619999
22.96,0.003131123082934395
22.98,0.0043769515296907535
23.0,0.004734452481183982
23.0,0.0046474464071332156
23.02,0.003819710013541422
23.04,0.005684297802770244
23.04,0.003803684504085636
23.08,0.004570946640412021
23.1,0.004277665864508395
23.1,0.009914322550573784
23.1,0.005434864342745205
23.12,0.0035938212429463823
23.12,0.0067924456792427534
23.14,0.0035590551266557746
23.16,0.0033311241675759717
23.16,0.0040462674295748124
23.18,0.004395361385430396
23.18,0.0037877083089727925
23.18,0.004648953957846813
23.2,0.004070981028999832
23.22,0.003322579499947187
23.24,0.0043205470514532385
23.24,0.004308347602458018
23.28,0.004561622565700807
23.3,0.0047725739231125885
23.32,0.00428604481468442
23.32,0.0051957654223168115
23.36,0.0035127322212732404
23.36,0.008503377060564365
23.38,0.004369166178385564
23.4,0.0036211389259296345
23.42,0.004005160550866638
23.42,0.003963829447895972
23.44,0.004313373743538573
23.44,0.004063722030129613
23.46,0.007536962211230347
23.46,0.0037012963565411505
23.48,0.0079831889554004
23.48,0.005132536757966433
23.5,0.004376240246836249
23.52,0.004069514801026353
23.52,0.002638677517693644
23.54,0.0067508721257679705
23.56,0.003977181456216949
23.56,0.004153071143950027
23.58,0.007255890868286041
23.58,0.003721748538082381
23.62,0.007015567652376209
23.62,0.004932936337128768
23.62,0.0035447049392763885
23.64,0.003898596958601841
23.66,0.005568930736028599
23.66,0.008077201503171372
23.66,0.004579735694402398
23.66,0.004093556607700832
23.7,0.0037027239186046
23.72,0.00428278927428305
23.72,0.0035449334488375506
23.76,0.004077789241932361
23.78,0.004101592084709171
23.78,0.004299361176233973
23.78,0.005193651066209615
23.8,0.007749311664376424
23.82,0.003915344597369641
23.82,0.002962170663351582
23.82,0.0036656331011883925
23.82,0.0033626925567510346
23.84,0.0028759245013514345
23.86,0.0036662389181582045
23.86,0.009407959074681949
23.88,0.00328878335331817
23.88,0.00452438961891477
23.9,0.005016601624313388
23.96,0.002687828138746018
23.96,0.006069038683145012
23.96,0.004098883940552356
23.98,0.004943193677034441
23.98,0.004703311727473625
24.0,0.004281257669299987
24.0,0.003616027991404369
24.08,0.003760984477609197
24.1,0.005913227067178006
24.1,0.0047872506126104275
24.1,0.0042411814127392145
24.12,0.006351902400607234
24.14,0.004280195534785647
24.2,0.004727716077504995
24.2,0.004228042767975393
24.2,0.002425556232941606
24.2,0.0039532951191944
24.22,0.0038208248294665514
24.24,0.004121312192496784
24.24,0.0042381907684831965
24.26,0.003857478667217973
24.36,0.0038779676142361996
24.36,0.0038271510300001976
24.38,0.006811399456065792
24.4,0.0037315411541095633
24.4,0.00443929271912924
24.46,0.0037221780873933907
24.48,0.0032111359173812026
24.5,0.003998981159571979
24.5,0.0035638038595535715
24.52,0.002938199124698171
24.54,0.0034792521343596228
24.54,0.0036948698749560416
24.6,0.004335745697518378
24.62,0.003541034085815409
24.68,0.004333772657358792
24.68,0.003317460388945759
24.7,0.004508299433587992
24.7,0.004329371902005219
24.72,0.003698900447408837
24.72,0.003237603618291618
24.74,0.0042081592834833925
24.74,0.003972681593265581
24.78,0.004068086544620431
24.78,0.0033453371995764147
24.78,0.004791879466966353
24.8,0.004214959039359756
24.8,0.003545777279822415
24.82,0.010863089047288055
24.84,0.004246445031701018
24.86,0.00746920018716879
24.86,0.003943198580298013
24.88,0.003893492793137221
24.9,0.0037800459538955833
24.9,0.003375998344041564
24.92,0.0029598992920816247
24.94,0.0034012918780528256
24.94,0.004284027536843427
24.96,0.004458956982852369
24.98,0.003740853832261193
24.98,0.0038923756721751523
24.98,0.0057554533737304014
25.0,0.004306507543276439
25.02,0.004157285518855636
25.04,0.003590322671723545
25.06,0.0036507875510519705
25.08,0.005119929823400038
25.08,0.003406644391282021
25.12,0.005180945354463562
25.18,0.003974389231235387
25.2,0.0038735030190067965
25.22,0.00408795494869596
25.24,0.005005285344182764
25.26,0.00438089495368299
25.28,0.003962836664723968
25.32,0.005048934730263244
25.34,0.004338699941106361
25.36,0.0044899505453217525
25.36,0.0033232996891607858
25.42,0.004639349137849802
25.46,0.00456207297404343
25.48,0.003930490711602563
25.54,0.0035251976271544194
25.56,0.0044095791101548265
25.58,0.005343793140440756
25.6,0.003983696382646396
25.62,0.00409634044173357
25.62,0.003910534901629847
25.64,0.006266177471157208
25.64,0.0042189937655747745
25.64,0.003249925138240961
25.66,0.004205927414299149
25.66,0.006002479153926377
25.7,0.004245789226020036
25.7,0.004202696678909601
25.72,0.004425261598136387
25.74,0.003758077128583226
25.74,0.00353039772317143
25.74,0.0034184040383021808
25.78,0.004620278185765381
25.8,0.004740095497768437
25.8,0.007291410376682017
25.82,0.004044099035297233
25.82,0.011829944862318587
25.82,0.004321471250725573
25.84,0.0035898068430844088
25.86,0.004317938007847633
25.88,0.004997330926023169
25.88,0.004628133431663239
25.9,0.00290805934451277
25.92,0.004174651419757813
25.96,0.0033765091302263572
25.98,0.01068051052840624
26.0,0.00807600747991255
26.0,0.00528788775716682
26.0,0.005274243016931246
26.02,0.0036423726653795896
26.02,0.0037015783011840053
26.06,0.0041359776418103955
26.08,0.0035301694166424147
26.1,0.003914616059169984
26.1,0.004498583500867626
26.1,0.004673913639434812
26.12,0.003594004698652009
26.12,0.004463852394155365
26.14,0.003872481623091617
26.14,0.003726024975736042
26.16,0.0038277913712776446
26.16,0.0034035105210223904
26.16,0.0037384270986507984
26.16,0.003723930506271178
26.16,0.003991206029498429
26.18,0.003076674803342616
26.2,0.004539104577819031
26.2,0.0038298756704000514
26.22,0.004119900314474623
26.24,0.007969200860557968
26.24,0.004611198343083989
26.24,0.004237612380828426
26.26,0.004219530507096003
26.3,0.003765582416837776
26.32,0.003979052783321002
26.32,0.003059385198307618
26.34,0.0033944788969639816
26.34,0.005337046756505148
26.38,0.0036989135502849546
26.42,0.005439988638742621
26.42,0.0047487148583224
26.42,0.004712572401650794
26.44,0.0040881230758798015
26.46,0.003276912593739967
26.48,0.003861894060166793
26.48,0.004133317416024629
26.48,0.004419181482288814
26.5,0.006333155538642221
26.52,0.004992015545014383
26.52,0.00386621997538783
26.54,0.004006624459732211
26.58,0.004480527615685959
26.58,0.00685711284907764
26.6,0.0047913796437164535
26.62,0.0039646240043972325
26.64,0.00619430194576398
26.66,0.006397308022406012
26.68,0.004270277754605645
26.68,0.0036326742398675727
26.68,0.005336044360088832
26.72,0.00720373829670562
26.74,0.004076268532295146
26.74,0.0038659710309167927
26.76,0.004291023931674798
26.76,0.00459464216515082
26.76,0.004755507093002209
26.76,0.004140607833662768
26.78,0.008943901518595365
26.78,0.004438977070539973
26.78,0.005437406698985181
26.82,0.004470135062985436
26.86,0.0041607109881584
26.88,0.006469978150102418
26.9,0.004203413231871567
26.9,0.004327285600609243
26.9,0.004124986564813193
26.96,0.003908278414303967
26.96,0.004582156907226964
26.96,0.0029879990905687936
26.96,0.004375249599304021
26.98,0.004391296594606797
27.04,0.0034496814824710453
27.08,0.00389516655905342
27.08,0.004300799841543634
27.12,0.003935022480131223
27.14,0.003628237011414792
27.16,0.004257871481463171
27.18,0.003743092433803219
27.2,0.0060080512297023825
27.2,0.004305755450350612
27.24,0.0032788674687319608
27.28,0.004813564800488002
27.28,0.004396507554972784
27.3,0.0043411044189307635
27.34,0.0038247963236464066
27.36,0.004622783784933637
27.38,0.004969445642770798
27.42,0.004690375885398779
27.44,0.004380733966626749
27.46,0.004219894288709947
27.5,0.003987700922063575
27.5,0.003683312873666411
27.52,0.003660497946714747
27.56,0.004164768606843561
27.58,0.006205430595577988
27.58,0.007074954707228409
27.6,0.0036281469892740503
27.6,0.004566181153572435
27.6,0.003965726444473794
27.62,0.003112589148191236
27.64,0.005457167596998214
27.64,0.003224631627036012
27.64,0.004001349929081632
27.68,0.005109928463504776
27.68,0.003736198048406747
27.7,0.0040648992896583636
27.7,0.005336604606901996
27.72,0.00404894976436998
27.76,0.004660432400585224
27.76,0.004167882831002778
27.78,0.003964144543466608
27.8,0.004380155456183199
27.82,0.004805830927534838
27.82,0.005044215037782407
27.86,0.004516934641320747
27.86,0.004947545610021753
27.9,0.0054324515466156464
27.94,0.005037780830586591
27.98,0.00439368041957322
27.98,0.010905679649817146
28.0,0.003875701006301191
28.02,0.0037774848716731757
28.02,0.01003226664596002
28.1,0.004822940262932951
28.1,0.005918163197131232
28.12,0.003342576879906245
28.12,0.004026696237880767
28.14,0.0045246703198039695
28.16,0.003583020206198384
28.16,0.004389441573393604
28.24,0.0035414518399662365
28.26,0.003690237205814184
28.3,0.004366702998298
28.3,0.004037856528387174
28.32,0.0037782461344697538
28.34,0.004294329393781604
28.36,0.004407244579476832
28.38,0.003302783936322218
28.4,0.00570819644445264
28.44,0.004804645070501046
28.44,0.0050847364561485975
28.46,0.004048785874460781
28.46,0.003334222773586748
28.48,0.0045610764808889925
28.5,0.005525858523339977
28.5,0.004743323779119235
28.54,0.0028318392774907553
28.54,0.005482580033552398
28.58,0.003853342972409801
28.58,0.0038026471928751526
28.58,0.004173043309467994
28.6,0.005157287440479608
28.6,0.0036151550930564325
28.6,0.0035026947469831704
28.62,0.004440482938506407
28.64,0.004100476522578389
28.66,0.003912945485709973
28.68,0.0060268685571384095
28.72,0.0042373438141164455
28.74,0.0033693320287360162
28.74,0.00401109855535664
28.76,0.004812800372104409
28.8,0.0046295885966698425
28.8,0.003332842109472045
28.8,0.005258577536897957
28.82,0.0038373719835311793
28.84,0.0037359952900833937
28.86,0.0028612303142053763
28.86,0.00400855541952283
28.86,0.004292323021105826
28.86,0.0034220483089946185
28.88,0.007027737641070786
28.9,0.004673152149655357
28.9,0.004497318713778009
28.92,0.004065747160895583
28.92,0.003887664405274438
28.98,0.004775977635501638
28.98,0.00456530537792077
29.04,0.004271283234663414
29.04,0.0044842609462127925
29.08,0.004238859101954429
29.14,0.003372359982850015
29.14,0.0069720851190779864
29.16,0.004214672196084623
29.16,0.004809394148328594
29.16,0.004474916504984439
29.2,0.0037636217086174373
29.22,0.005372831944949974
29.26,0.004822766994571848
29.28,0.005971159261623948
29.28,0.003471426326204563
29.28,0.003191278655690355
29.3,0.003981160129044814
29.32,0.003184665034034029
29.34,0.0035372366835055846
29.36,0.0035656233557408434
29.38,0.004398808542815824
29.38,0.0040812847502520455
29.4,0.005807161495178237
29.42,0.006128476110292769
29.42,0.003723928271807009
29.44,0.004525938778969785
29.44,0.0036794147241452357
29.44,0.003961684758204798
29.52,0.00380169671078201
29.54,0.005660647423855636
29.54,0.003613818178959005
29.54,0.004333603415770382
29.56,0.003598483193911206
29.58,0.0039684644422387505
29.6,0.004968804149881212
29.6,0.004084572251052854
29.6,0.00468735549413235
29.6,0.00377039829398762
29.62,0.003969192597527593
29.62,0.0042245100872192465
29.64,0.004725728881674218
29.64,0.004173319876071169
29.64,0.003788520325607836
29.66,0.003468453916950054
29.68,0.0036207158770049652
29.7,0.0035088040224959816
29.7,0.003987766095102763
29.72,0.004145296332778825
29.74,0.004467771950013577
29.74,0.003602451853804589
29.76,0.006033847521846991
29.76,0.006620435791839574
29.76,0.003782138169127758
29.8,0.004867761693268413
29.8,0.004173527534689581
29.8,0.0034928909161040522
29.84,0.004896793229483221
29.84,0.004730676281068824
29.9,0.005380669329104748
29.92,0.004504729561815246
29.92,0.004814464182749223
29.92,0.004035432480944956
29.92,0.003863761766987772
29.94,0.0034221432161848364
29.94,0.004857090156768384
29.96,0.0029850293352463586
29.98,0.004391059983370971
30.0,0.004965130414824381
30.0,0.003996151369633161
30.0,0.004558276620357793
30.02,0.00384236561538176
30.08,0.0044957631802520215
30.14,0.004577970660882835
30.18,0.006401232779483568
30.18,0.004755973241702627
30.2,0.0035001469339039915
30.2,0.005076476623511961
30.2,0.004718659345641196
30.2,0.0035391742306115637
30.22,0.00408217594684257
30.22,0.004008144400898805
30.24,0.003612455533893444
30.26,0.0039702655752146265
30.32,0.002879443135345161
30.34,0.007943782741112404
30.36,0.004009295254828182
30.36,0.003588355422741829
30.38,0.0038050194576088048
30.4,0.004308745165950034
30.46,0.00401827685770062
30.48,0.0032819599926952048
30.52,0.003756345478939216
30.52,0.0040720169425317865
30.54,0.004335502589885243
30.56,0.00543021360846796
30.62,0.00379782774740145
30.64,0.003504482287856825
30.64,0.004377325567821444
30.66,0.005896875167262006
30.68,0.004652155083664455
30.68,0.0037251194391018094
30.7,0.003425048812975229
30.7,0.005381843866256397
30.72,0.0036990394968582363
30.74,0.003950630188164439
30.76,0.004035564619113585
30.76,0.005037241537683146
30.78,0.003879988337401552
30.78,0.0039765549585794036
30.8,0.0037021596467623485
30.8,0.005228184903915634
30.82,0.004020531815022155
30.88,0.004681652864203634
30.9,0.003907435699673001
30.92,0.011425260047025598
30.94,0.004861903573657234
30.96,0.003515238967096379
30.98,0.004682998907795222
30.98,0.003385543805070168
31.0,0.003984822467072768
31.0,0.0044152666334803525
31.0,0.004417665825300565
31.1,0.003999446577371613
31.1,0.004175387153814825
31.14,0.0047865775382988085
31.16,0.0046770133218092536
31.18,0.0034213578409227896
31.2,0.008186554879356156
31.22,0.007765997670674762
31.22,0.0037716422359648227
31.24,0.003234321908502036
31.24,0.0046163819245556015
31.26,0.0030049322988188187
31.26,0.0034619469262837654
31.28,0.003780003342384375
31.32,0.0050447495755844285
31.32,0.0045545228226026024
31.32,0.004181584649115
31.34,0.0029234057313928252
31.34,0.0031623571035840348
31.36,0.004762004787101204
31.38,0.0038389471254060004
31.4,0.004234605969495209
31.44,0.0038930617915180488
31.46,0.0035508830903435706
31.46,0.0036982330913150063
31.48,0.0027110147311886212
31.5,0.0040525527039732
31.5,0.004742861425898748
31.52,0.0037031680006586187
31.56,0.004465295241507183
31.56,0.0040180372224616345
31.58,0.00391127118655521
31.6,0.00562938761949483
31.64,0.003909298322962829
31.66,0.003193075012686619
31.7,0.004311287939389619
31.72,0.003631170744714751
31.74,0.007308155313585418
31.74,0.004458942623888795
31.74,0.003998426588421977
31.74,0.0043208737275696185
31.76,0.0027848060936693786
31.8,0.003728948493507578
31.8,0.004147115224427567
31.82,0.007311179051045613
31.84,0.0039912561821832115
31.86,0.004083593682896014
31.86,0.005578903638139621
31.88,0.004239826665227375
31.88,0.0041012446124647495
31.9,0.004394325449031844
31.92,0.0033570690353256216
31.94,0.004171120713415188
31.98,0.003817248120264405
32.0,0.003217430217795636
32.0,0.004295214205704778
32.02,0.003571038033694629
32.04,0.014730972858618796
32.04,0.005262116614836776
32.04,0.0032814120043364037
32.06,0.003856384955764791
32.1,0.003944873573164975
32.1,0.004014429581737589
32.12,0.004224247195875441
32.12,0.0038228999357048377
32.16,0.004199654858188406
32.16,0.004827649707902171
32.18,0.004284492124886241
32.18,0.0037555006842440175
32.18,0.004121385789896181
32.18,0.004011054512865764
32.2,0.0031415438893995784
32.22,0.003771314250126445
32.22,0.0035328961371130507
32.26,0.004079880255469792
32.3,0.005295328922632403
32.32,0.0037331056408429486
32.32,0.0033060625847464165
32.32,0.004406326919837222
32.34,0.0033551669158063957
32.34,0.00318730541099721
32.34,0.0036078392045991725
32.34,0.0038213145738428267
32.44,0.003553064103579029
32.44,0.003331289224260181
32.46,0.00400389792876199
32.54,0.0035812974560671673
32.54,0.005624859514171576
32.58,0.003203450850169598
32.62,0.005516868322176571
32.62,0.0042600444559386386
32.62,0.0034574194700107697
32.64,0.0044498943041535455
32.64,0.0039047204642640443
32.66,0.005957958573282851
32.66,0.004331085953962033
32.72,0.004300859943750401
32.72,0.0039000810481591985
32.74,0.003643307122236039
32.74,0.003568968435771591
32.76,0.004216583083201608
32.76,0.004336867772255171
32.76,0.004417720189854979
32.8,0.0035513111225867755
32.84,0.003398039997894453
32.84,0.003819384924870217
32.86,0.03434596797053635
32.86,0.003300517034404038
32.88,0.00402325894046085
32.9,0.003992606818645217
32.94,0.005008007753709243
32.94,0.0042141668033257584
32.96,0.0031184320531544296
32.98,0.004696869573087792
33.0,0.0033868237229875975
33.02,0.0030640510033548285
33.08,0.004891510719414405
33.08,0.003463037642485234
33.08,0.0038599197715527556
33.14,0.003441797859301987
33.14,0.003854483030786393
33.16,0.004708607172409951
33.16,0.004887908604162439
33.16,0.003252289881255588
33.18,0.00511074114380583
33.2,0.005279851674016234
33.22,0.0036679787960851584
33.22,0.0037761997364984534
33.22,0.003578413125410629
33.24,0.003665667104208792
33.24,0.004479474298574648
33.26,0.0038895167662788
33.28,0.003927733273625167
33.3,0.0040640858604448216
33.36,0.0035695085545810468
33.36,0.0050659668307539985
33.38,0.004404503300744045
33.38,0.0035045746510687925
33.4,0.004356379849324354
33.42,0.004370082891285598
33.42,0.003960885938453229
33.44,0.003380838604203573
33.48,0.0034330456488848027
33.5,0.00431903169440484
33.5,0.004508837450167169
33.52,0.003560756479898175
33.52,0.004037369616946451
33.54,0.003205912124946808
33.56,0.003603222112989024
33.56,0.005755464576183145
33.58,0.00453062006016125
33.64,0.003524374844182998
33.64,0.0047297960319799826
33.66,0.0037026042699559447
33.72,0.004379498189872377
33.74,0.00423236008303518
33.74,0.0034076707535931616
33.76,0.004258130089302425
33.76,0.003732038440843244
33.78,0.0033335801180508495
33.8,0.006132880680535191
33.82,0.0036069014205494243
33.84,0.004758066348489964
33.84,0.004146116504468611
33.84,0.003062363365189169
33.84,0.00406240010772696
33.86,0.004773052399732025
33.86,0.0037038299548279863
33.88,0.004231008175609952
33.9,0.004086693352780002
33.92,0.004748565216540768
34.0,0.004059679258268001
34.02,0.003873832068754246
34.02,0.00398385588912864
34.02,0.0044975621099919705
34.04,0.003085604998260827
34.1,0.003911103194655152
34.16,0.005942614519929834
34.16,0.0031090521321992526
34.18,0.010327997603830963
34.18,0.003429754589930778
34.18,0.00429461334889758
34.2,0.0031711164903633904
34.2,0.004036896276728763
34.24,0.004204528966695764
34.24,0.004171214228990805
34.26,0.0043653790589491814
34.26,0.006241953517199361
34.28,0.007727803733583616
34.28,0.004224146162779219
34.3,0.0031986161969588256
34.34,0.004108388419529985
34.36,0.0047535428804388324
34.36,0.005026010354448163
34.36,0.004404369239331629
34.4,0.0024196602363115716
34.42,0.004584754935826552
34.44,0.0073137238580840425
34.44,0.0036980521647259623
34.46,0.005151895822847363
34.46,0.004184538295296414
34.48,0.0036728192401099813
34.5,0.00412461003775344
34.5,0.0044485942407925805
34.5,0.00379544716468716
34.52,0.004214742032261798
34.54,0.0037147633022980298
34.58,0.0041227041629468
34.62,0.008731736918669575
34.62,0.004045907122061654
34.62,0.00439220676011598
34.62,0.006432926088944413
34.66,0.006757202307910437
34.74,0.0056645931716867715
34.74,0.0030791611055686063
34.74,0.007761996805008553
34.74,0.003926810170640449
34.76,0.004538811170236801
34.78,0.008523721028857234
34.8,0.007889274318701567
34.82,0.0038616742835355655
34.84,0.0038921305801927764
34.84,0.0036243206863479926
34.86,0.0038061819872992064
34.9,0.007156842505034011
34.9,0.00962556245400159
34.96,0.0030659542865534295
34.98,0.003714053015558605
34.98,0.0057680070432893915
35.0,0.0038568166503112344
35.02,0.004123278861502211
35.06,0.003907892515032763
35.06,0.003719719543919364
35.1,0.004185413229465418
35.1,0.004035798158497639
35.12,0.004374489937700399
35.12,0.0036254371049819767
35.14,0.00383279008939863
35.14,0.004337312315292774
35.16,0.005646851725016777
35.18,0.0038030075237459604
35.18,0.004185920701139989
35.2,0.004125840848837381
35.2,0.0026170022878173604
35.24,0.004411667251278395
35.26,0.004086200711202581
35.28,0.0028689110639309456
35.28,0.0035683102904497943
35.28,0.0038898393505180096
35.34,0.004318555621776854
35.36,0.005366953994341617
35.36,0.0035909190589770157
35.38,0.0044523957583731955
35.4,0.004014642969111248
35.5,0.004758714692156829
35.5,0.00479167521711843
35.56,0.004253104962697041
35.62,0.0031236560859155826
35.62,0.004103169069269441
35.62,0.0036347106234555504
35.64,0.004129526716203369
35.64,0.003787730581852
35.66,0.003857665176981051
35.66,0.003962575929838175
35.66,0.004993050058451187
35.7,0.004223140966159167
35.7,0.005156558057235583
35.7,0.0034838007061516185
35.72,0.00435415782274895
35.74,0.008145702242015829
35.76,0.004362533112068023
35.76,0.0042025577396771485
35.78,0.0037210542830301563
35.78,0.0037115817469544066
35.78,0.003441985130045233
35.8,0.00481308380034684
35.82,0.0029015368293290322
35.86,0.0035461172217111647
35.86,0.004835572100820418
35.9,0.0039606025736691475
35.9,0.004114002128123961
35.92,0.0044592515691334045
35.92,0.004519375244299795
35.94,0.004334635652652019
35.96,0.003920688342824774
35.96,0.004247642734207191
35.96,0.0039019788332648186
35.96,0.00406386328531938
35.98,0.003873915259149041
36.0,0.004182527661114377
36.0,0.003303371043596348
36.02,0.00390018475862719
36.02,0.003507738445629238
36.02,0.004517267187762353
36.04,0.00588145186871758
36.04,0.0032522603828424312
36.12,0.0039044743710952012
36.12,0.003010985570402025
36.12,0.00410059608728397
36.14,0.003700155708697639
36.14,0.003850464093601569
36.2,0.004246379123531652
36.2,0.0030935066316274407
36.26,0.004221064441313649
36.28,0.004645133043160166
36.32,0.003251488100843636
36.32,0.004275356002770181
36.38,0.003465642626224952
36.38,0.003817232108330404
36.4,0.0032698771194039633
36.46,0.004933206488803021
36.48,0.0030000374911531846
36.48,0.0035373328037071605
36.5,0.0034965923254768327
36.5,0.004052025295523176
36.5,0.0041787755567356255
36.5,0.004343552031489173
36.54,0.005204747350333383
36.54,0.0042709545356411915
36.56,0.0034750382720357686
36.56,0.003995485711032365
36.62,0.003841757509803201
36.62,0.00382453515491743
36.66,0.0029822663737245625
36.68,0.004477708942455361
36.68,0.0041275017451122276
36.7,0.0035971981013119825
36.74,0.005170024704548193
36.8,0.005514535037284163
36.8,0.00358368018263
36.8,0.0037333321380498274
36.84,0.0032460068287220034
36.88,0.004230290357207234
36.88,0.0037708168066548087
36.88,0.004635226044799379
36.9,0.005014204002773193
36.94,0.00636172721415984
36.94,0.003420024768980845
36.96,0.004698521223196028
36.98,0.003184204564258386
36.98,0.003980575659741192
36.98,0.002962003495032617
36.98,0.0035714598487948113
37.04,0.004040519648173979
37.04,0.004058673459584772
37.06,0.005352467720177834
37.06,0.0041504236725830035
37.1,0.003931444978756193
37.16,0.004623358034019032
37.2,0.003690854797181231
37.2,0.004406691241040761
37.22,0.004356104934661209
37.3,0.0049709266009844155
37.34,0.0039426738352555946
37.34,0.004576961880051966
37.34,0.007722169537923151
37.34,0.005521610818604805
37.36,0.0034133721580815735
37.36,0.004149667520891631
37.4,0.004783405931453655
37.4,0.005245145102814819
37.42,0.004580524262560393
37.46,0.004050143687649221
37.46,0.004419751127538563
37.48,0.005937483376446395
37.48,0.004083105720198765
37.5,0.004182045063805595
37.56,0.004882702428015251
37.56,0.0034529393976108214
37.58,0.0036942297573744343
37.64,0.0038948704111048116
37.66,0.004210374525740024
37.68,0.005749254406755777
37.7,0.004970768540151216
37.72,0.0079240762926156
37.72,0.003963851726209611
37.74,0.0034242941434615703
37.74,0.004284906438228986
37.74,0.004244836948306574
37.78,0.003943679516957621
37.78,0.003175216295917216
37.82,0.0031827349118164205
37.82,0.004157348336718436
37.82,0.003832881935648791
37.86,0.0038707819874685967
37.86,0.003995814247906626
37.9,0.005436323935604448
37.94,0.004807037299257355
37.94,0.0023325549765825793
37.94,0.003457084493870388
37.98,0.00407214156328195
37.98,0.004612907472550387
37.98,0.0038712047779709824
37.98,0.004170836574638348
38.1,0.004526313075304156
38.12,0.004531065999734851
38.12,0.004235305783867771
38.2,0.0030298090831514246
38.2,0.0037721021342671524
38.24,0.004746143084391252
38.28,0.0041251889830071775
38.28,0.004620228239492041
38.28,0.004376646768643244
38.3,0.0037157724338956477
38.34,0.0035699036772895987
38.36,0.004270226617641426
38.36,0.0038249176160624065
38.38,0.004050139982511802
38.42,0.009082011580242022
38.42,0.005275890050494558
38.42,0.0038740016181212367
38.42,0.0032951927149680316
38.44,0.0038166737052020006
38.44,0.003518476359192224
38.44,0.004447648641162649
38.46,0.003995557345753631
38.46,0.005073549892718354
38.5,0.0034208606722215817
38.5,0.0036563950114055777
38.52,0.004052437292908828
38.54,0.004056197677535178
38.54,0.003446900141901632
38.54,0.0038519010353316174
38.56,0.004666457629699194
38.6,0.003795927301525448
38.62,0.004402782286968443
38.62,0.004664600569413757
38.62,0.003313335422196584
38.64,0.0046182785645252356
38.64,0.003349656140732793
38.66,0.004029055988083563
38.68,0.004367935443107429
38.72,0.0037526800076259637
38.76,0.003957597797120793
38.76,0.004557723177807227
38.86,0.0032721989252699757
38.86,0.004137506343446784
38.88,0.004055397336401589
38.88,0.004793731281975577
38.92,0.005167508417593614
38.94,0.0037137088690776254
38.98,0.0034058520047364205
38.98,0.0031604599517928156
39.04,0.008427351583767395
39.06,0.005160321307505766
39.08,0.004323798101982024
39.08,0.003791178443872778
39.1,0.0036490027841630246
39.14,0.008429594785630434
39.14,0.0036299275751080495
39.16,0.004327526948783356
39.16,0.004036249775788425
39.18,0.005047132185316161
39.2,0.005409789797650055
39.22,0.004512565270412772
39.24,0.0034622736601942483
39.24,0.0037579385001204058
39.26,0.004054657182615551
39.28,0.0036783053782382114
39.28,0.0036587983675874236
39.32,0.010279321115852169
39.32,0.0037376125329183774
39.32,0.0035308746731331775
39.34,0.008622399189486152
39.36,0.003502499382969204
39.4,0.005210300488538766
39.42,0.004371465599806168
39.42,0.0036938766888013896
39.42,0.007570879570047762
39.44,0.0040646418212404445
39.44,0.0038677883011272174
39.46,0.004245740148326571
39.48,0.004525655950983198
39.48,0.004313091407451952
39.56,0.004156062518419601
39.62,0.004334304034190772
39.64,0.0034002599214265627
39.68,0.010781610331995983
39.7,0.004351105376708353
39.74,0.003263727403045147
39.76,0.004108443155434793
39.78,0.0033700658239211867
39.8,0.004973147257117172
39.82,0.0042033167749016
39.84,0.004056508635935208
39.94,0.004576916575446455
39.96,0.004451920652792762
40.0,0.003923555160214365
40.02,0.004041891991277247
40.06,0.0036751575672752113
40.06,0.004072980767747203
40.08,0.0034591326918226306
40.08,0.004198238563839829
40.1,0.003902373158897965
40.1,0.0035227602797569535
40.1,0.004214591018016356
40.12,0.004576745261574033
40.14,0.003211629773260838
40.2,0.004123783452334773
40.22,0.004335500951398008
40.24,0.004501209982718746
40.3,0.01753942189088764
40.32,0.004290844741293154
40.34,0.0038343906912348125
40.34,0.00551970701573079
40.34,0.006051630664557606
40.36,0.003866321177817156
40.38,0.004655556794282423
40.38,0.004667466433149192
40.38,0.003391897087244411
40.4,0.004757240331997203
40.52,0.003732352349938628
40.56,0.005028364782287964
40.56,0.003998966889471545
40.6,0.0035451746057664213
40.64,0.007673361415309388
40.64,0.0042224516865752015
40.66,0.004177698503151195
40.66,0.0037797637130941864
40.68,0.00674559838058475
40.7,0.0038782557173577814
40.74,0.0038164657294428306
40.78,0.0036279867800331767
40.82,0.004291129966051188
40.84,0.003794600649356994
40.86,0.003516036442549386
40.86,0.003532512321464454
40.9,0.004107281521994799
41.02,0.0042831729943876296
41.04,0.006969468923437638
41.06,0.004676360119750811
41.08,0.004650109743927211
41.1,0.00354753378649475
41.1,0.0037842774481088304
41.12,0.004596240612795621
41.12,0.004450493188846383
41.14,0.0035541242216999835
41.16,0.005005234527763247
41.2,0.004880480755787842
41.2,0.004600219067298017
41.2,0.0039541278404532365
41.2,0.0032612057498604408
41.22,0.0036552381215213536
41.24,0.004362813898807216
41.26,0.00434673914355399
41.28,0.003946998642281985
41.32,0.0037812722656384024
41.34,0.005612853224292835
41.34,0.004826909272936386
41.36,0.00396100634565999
41.36,0.003783360851594586
41.38,0.0033952081865219474
41.38,0.005740354156860361
41.38,0.0035550503364611963
41.4,0.005468953760765838
41.4,0.003496979217045837
41.4,0.004808257663204363
41.44,0.0039925465277244054
41.44,0.0039349208863309615
41.5,0.0038827920561675944
41.52,0.004495727581090181
41.54,0.0034496408998672123
41.58,0.0031930817649460375
41.58,0.004322964557381237
41.58,0.0034150053050732154
41.58,0.003613453361039576
41.58,0.003578081091243246
41.62,0.0034750827096595716
41.66,0.0036237761433666194
41.72,0.005723426858712188
41.76,0.004798119861147976
41.76,0.0039449336550474445
41.76,0.003897089247757557
41.8,0.0035939360021796096
41.82,0.003938694985710978
41.84,0.0036189823070738036
41.86,0.003708572731553561
41.88,0.004251581681469441
41.88,0.004588880972779763
41.88,0.00706151523149523
41.9,0.004420357959561638
41.96,0.004616677114322787
41.98,0.004406559264997223
42.02,0.012551245094185148
42.08,0.0038076561263955533
42.1,0.0033143879206142257
42.1,0.003909822682137021
42.12,0.003743347930831198
42.14,0.00294945081632203
42.16,0.003753674599905832
42.26,0.00793997514710798
42.26,0.004041099411241977
42.26,0.005023570297196578
42.28,0.0033781248641103767
42.28,0.005963142216600992
42.28,0.005053650874734417
42.3,0.003966584950285568
42.3,0.0038232215222492316
42.34,0.0036670884055611808
42.38,0.00994742459374598
42.38,0.004135743638505995
42.38,0.0032982953991571584
42.4,0.005691689501294395
42.4,0.00392539449748841
42.42,0.003384676614120008
42.44,0.004773806989559981
42.44,0.005617866856016951
42.44,0.008096494677969801
42.44,0.0035412324311275833
42.46,0.004287439852274422
42.52,0.003668037576304184
42.52,0.009559686871938977
42.54,0.004350168762300988
42.54,0.0030694032119520376
42.56,0.004768946369951177
42.56,0.003913103346796176
42.58,0.004208242927509209
42.58,0.004736695498586019
42.6,0.0035151355422171626
42.64,0.004102014029382373
42.64,0.0038592622412055855
42.68,0.004191038129974345
42.7,0.003695355535841549
42.74,0.0039031851101332116
42.74,0.011428018969440012
42.74,0.0036032875703115863
42.76,0.005636946007990806
42.76,0.003767943190218781
42.78,0.004010978537386745
42.8,0.004096280283951592
42.8,0.0038581393850589674
42.82,0.007627473175988442
42.82,0.003781469246453617
42.86,0.004182516756098598
42.88,0.004795649472046359
42.88,0.00466467799542436
42.88,0.004330075186417148
42.92,0.0037273486054369975
42.94,0.00642316334621118
42.96,0.003903168216452757
42.98,0.007730486902315592
42.98,0.003206521451809996
43.02,0.005428930381215613
43.06,0.005109602369947841
43.06,0.004540248095346033
43.12,0.00451123420442201
43.12,0.003391804314383018
43.26,0.0031769299270314466
43.3,0.004710791912928003
43.34,0.00406771878349943
43.34,0.003517160267514363
43.38,0.006106968676832802
43.48,0.0037791287584764133
43.48,0.004099588209991234
43.48,0.004158955075170945
43.5,0.004078848582494854
43.5,0.003255867290964831
43.52,0.00602847824789976
43.52,0.0030783516385192167
43.54,0.0037550572446968244
43.54,0.003837966082344768
43.6,0.004904974018801633
43.6,0.004010903014938227
43.6,0.0035881380869704493
43.62,0.00446420351434984
43.66,0.0043041901275048255
43.7,0.003064070686678022
43.76,0.00832493225752795
43.76,0.003782452883842602
43.76,0.004125372226811974
43.78,0.00424364147738443
43.8,0.007974787433368768
43.8,0.006540351222283247
43.82,0.0033638292401891867
43.84,0.00562887186454597
43.86,0.003550952807087171
43.86,0.0032393010039072356
43.86,0.0042600840260907935
43.86,0.0051415809737945795
43.86,0.006157262658507245
43.86,0.0034892954712893998
43.88,0.003998101140808008
43.88,0.0036180568943171565
43.9,0.00474619075071836
43.92,0.003992229696573757
43.94,0.004911596940985641
43.96,0.003996759544968365
43.98,0.004418269115167961
43.98,0.004322921413984382
43.98,0.004040558635840408
44.02,0.004110197315030817
44.02,0.004840054175510589
44.04,0.003639523608457762
44.04,0.005070269035150399
44.08,0.0041633188963468015
44.08,0.003951905255626609
44.08,0.004464369896577947
44.1,0.005201634082829254
44.1,0.004184413601339587
44.1,0.003454743979895425
44.1,0.0038809098912715445
44.12,0.004148519509876825
44.16,0.00489537434806997
44.16,0.0037758838250302462
44.18,0.004086364907321172
44.18,0.003654108045508031
44.26,0.003802602158816004
44.28,0.00411735629763843
44.36,0.00406884054005241
44.38,0.005259619164133422
44.4,0.005319701278327815
44.42,0.0034313906190548416
44.42,0.0037183332193627683
44.5,0.003908699347547562
44.5,0.004484489223149812
44.54,0.003981717823530406
44.56,0.004168680726936991
44.56,0.004530985406830945
44.6,0.0038772203010457584
44.6,0.0044542868885607545
44.6,0.004105063912544615
44.62,0.004348365403039178
44.64,0.004833761604122855
44.66,0.004011863319406395
44.7,0.003988057330880368
44.72,0.004139280895491204
44.72,0.004124119926112391
44.72,0.0038443682764381926
44.74,0.004314392086989582
44.76,0.003919129688122025
44.78,0.005118912465342795
44.78,0.003764611778972804
44.8,0.0041937202572650545
44.8,0.0036447023941109657
44.8,0.003264890304562229
44.82,0.004611904369812403
44.84,0.0038837058729134233
44.84,0.004085510929605962
44.84,0.004043797423074813
44.9,0.004174395045136392
44.9,0.004093077700773162
44.96,0.0037617697853310483
44.98,0.003491549107380587
45.02,0.003221996975493635
45.02,0.004325934222816241
45.04,0.003123347418279021
45.04,0.003786579219574371
45.08,0.0032052984636118387
45.08,0.0027747491473659736
45.1,0.003984202877792775
45.14,0.003236170362412416
45.16,0.004989386236940452
45.18,0.004218662328263401
45.22,0.0039272610394351926
45.22,0.004278078694738396
45.22,0.0040094903125281744
45.24,0.005269879595331761
45.24,0.0037840162829390067
45.26,0.0026911401427508475
45.28,0.0029379737698665975
45.28,0.004561031960359174
45.3,0.004928473994105564
45.32,0.0034974367344263735
45.34,0.0027212609564080115
45.34,0.0040995958934968435
45.34,0.004023404341548353
45.4,0.0039179647109144344
45.46,0.0046263476056935815
45.48,0.005645151488898992
45.5,0.0037490397844563983
45.58,0.0036011776847479915
45.6,0.004305513586770782
45.62,0.004553505767653565
45.62,0.0046301651883240424
45.66,0.004166655696356436
45.66,0.003851085847832003
45.66,0.0040713261279240465
45.7,0.0039445132566455765
45.7,0.0045443586801028335
45.78,0.008811279751967382
45.78,0.004892590092018367
45.78,0.004437654607073793
45.82,0.004381179823763182
45.82,0.0038633375189177643
45.86,0.0040093244285319685
45.86,0.004387713204047405
45.86,0.004596760173743997
45.88,0.004182685476577963
45.88,0.004075126270671636
45.9,0.003051566722885646
45.94,0.003955201438132772
45.96,0.0031890163886120204
45.98,0.004209177602948366
45.98,0.0033122294132825747
46.0,0.004199747359756034
46.0,0.0028205848237286
46.02,0.0038557499955843566
46.08,0.007620734200367574
46.08,0.00352570056973478
46.1,0.004659394758246838
46.16,0.0034962961570011997
46.28,0.004006740263948205
46.3,0.0035568001948887984
46.3,0.0031247523851676284
46.3,0.0037426316815152294
46.34,0.003628374804508394
46.34,0.0035580363693126227
46.38,0.004102735695698745
46.4,0.003783567367492746
46.42,0.004062148561230439
46.44,0.004270264299049975
46.46,0.005130250682868764
46.46,0.0038444518566314034
46.48,0.004391373955131561
46.5,0.004509065689234371
46.5,0.0034917295297606232
46.5,0.0039007758729632247
46.56,0.004064047960436357
46.56,0.006688489097734007
46.58,0.004747345534553582
46.6,0.0031980589478736166
46.62,0.004777529886390797
46.72,0.004437862352060007
46.76,0.008260791099543807
46.78,0.003179459084706626
46.82,0.003265878711042003
46.82,0.0023291386517484414
46.84,0.005375188667245179
46.88,0.004918282153972053
46.9,0.004574166647646427
46.96,0.0037844839534287855
46.96,0.0037962625725097565
46.98,0.00374789930972641
47.0,0.003781026400228815
47.0,0.00460167057910521
47.0,0.006165310626910392
47.02,0.003745399850292208
47.04,0.004379755349696035
47.14,0.0029512288356203786
47.16,0.003278576202073946
47.18,0.003852212139409783
47.18,0.0030817644509307796
47.22,0.005077935801558353
47.22,0.003731756854683188
47.24,0.008878425173031834
47.24,0.004480848624275446
47.26,0.004217084925978831
47.32,0.002936425430922762
47.34,0.005377782436079004
47.38,0.0035341992646248377
47.38,0.003577578940491599
47.4,0.005108501893334005
47.4,0.003931710370670194
47.42,0.004256131743333946
47.44,0.004005940050894385
47.46,0.003523170650185592
47.46,0.003800520864938428
47.48,0.0035189890018744174
47.5,0.002673782105506173
47.54,0.0025717312543855897
47.54,0.012193932475477953
47.58,0.0038803875268231813
47.6,0.004405132642337439
47.64,0.004755289107013172
47.68,0.003678049116637383
47.68,0.0031013999986040375
47.7,0.003583877612433617
47.7,0.004018888771422646
47.74,0.004302126431052988
47.74,0.004048691448184982
47.74,0.0053763144575248445
47.74,0.004471045521443395
47.76,0.004607397842365191
47.76,0.004535239923912582
47.78,0.003306503394946758
47.78,0.0034608197644919736
47.78,0.004101410545690798
47.8,0.0049372739425438406
47.8,0.004201243713036429
47.8,0.002997798482853198
47.8,0.0036836460091441703
47.82,0.004110217487472978
47.82,0.0052286337342991596
47.84,0.003133563655984384
47.86,0.00465641775098824
47.88,0.004375695821510428
47.9,0.00488127660147919
47.92,0.0038489765024207756
47.94,0.0028705204206990187
47.98,0.004470701509522446
48.02,0.0043329887025187475
48.04,0.004004074022206039
48.08,0.0037068331666484378
48.1,0.008385687881377613
48.12,0.0032270140442961504
48.12,0.003395585552724234
48.14,0.007711188062436425
48.14,0.003757606175679551
48.16,0.004166857435421556
48.22,0.005677838807237379
48.26,0.0041160757526965686
48.28,0.0032115602173468094
48.3,0.004184923790527595
48.3,0.003969637271091564
48.32,0.003521832642338407
48.34,0.007777565871608827
48.34,0.003789371405605202
48.34,0.004365066457039601
48.34,0.0028288517430041793
48.38,0.0034470134189912294
48.38,0.006929719347366414
48.4,0.004686464290962755
48.42,0.005754830266082034
48.42,0.005424597225948791
48.44,0.003143919841127607
48.46,0.005291051377776412
48.48,0.004008763831189199
48.48,0.004706031865579607
48.52,0.006699448748807013
48.52,0.006507825599215589
48.54,0.005357152995237979
48.56,0.004020322862365977
48.6,0.005086046743804751
48.6,0.0036777676304176055
48.62,0.0032899560854929844
48.66,0.005037335360474793
48.7,0.003086803426834983
48.72,0.007687118701320217
48.72,0.003388702128485188
48.76,0.004076492444697988
48.76,0.004425939857407801
48.78,0.0043537528995843955
48.8,0.004194122810408207
48.8,0.003953265592390398
48.82,0.004804274349322846
48.88,0.003544512854397608
48.88,0.004219639324546387
48.9,0.0036272049538047524
48.92,0.0037574299546844214
48.94,0.0028143156842164174
48.98,0.003446439047308014
49.0,0.003933000091171812
49.02,0.0033046486186597557
49.02,0.004280554075868803
49.06,0.0042134739711732205
49.1,0.003924767091670001
49.12,0.003208469499774047
49.14,0.004015096383967576
49.16,0.004216165265086391
49.18,0.004258171365559171
49.2,0.008262968669593973
49.22,0.004077715994395992
49.24,0.004108562526394577
49.3,0.004960201556527211
49.3,0.0041089417868815925
49.3,0.0035486669984627905
49.3,0.004574963501185247
49.34,0.004000659233506787
49.36,0.00633364190212804
49.36,0.004426039079026833
49.36,0.0054197287013943996
49.36,0.004851980098430797
49.38,0.005249934758785213
49.38,0.003715348533233187
49.42,0.007356248772179552
49.42,0.004018680297144028
49.48,0.00409692359410796
49.5,0.0038590938639335715
49.52,0.003123290806940404
49.54,0.0038445843533827517
49.58,0.004692977316974156
49.58,0.0032516405369079626
49.6,0.00416330210886684
49.6,0.003980866254596815
49.66,0.009738372774834025
49.68,0.004420794852372789
49.68,0.0038875599203027633
49.72,0.004279181293141976
49.76,0.003968848685885207
49.78,0.003617436064420776
49.82,0.004571546647879954
49.82,0.00394959702386477
49.84,0.0038634993145701957
49.84,0.006129908417685237
49.86,0.004173108523162439
49.88,0.0035291635344028016
49.9,0.004859370860587964
49.9,0.0035411972830390326
49.92,0.010469603925063575
49.92,0.004082382555674391
49.94,0.004325237365220835
49.96,0.0031604548580703717
49.98,0.004728706185424758
49.98,0.004951417352601961
50.02,0.003769494319346811
50.02,0.0037907206459856235
50.02,0.003922448766044417
50.06,0.003676770228964399
50.08,0.006476511147751607
50.08,0.005608760208352437
50.1,0.003888528284879178
50.1,0.0035512345040812354
50.12,0.003912747959907037
50.2,0.0034035608296739683
50.24,0.0038054965945112373
50.24,0.0040314870361664035
50.34,0.00466435295831058
50.36,0.0034082815631828467
50.38,0.005116893269487055
50.4,0.0072129187571824405
50.42,0.0043086470909767804
50.42,0.004946352255813191
50.52,0.004456422337123622
50.54,0.0037857500064791827
50.58,0.0051560546072744184
50.62,0.004068901831243976
50.7,0.0037768618225596517
50.7,0.0034843723905492174
50.74,0.004655798100248187
50.76,0.004283266178387146
50.76,0.0034552164724651613
50.78,0.0038169320449925603
50.84,0.0038655544238396233
50.86,0.006877007661277967
50.88,0.003787540051251148
50.9,0.003856221499139445
50.92,0.004010999650173153
50.98,0.010334177665314193
50.98,0.004518547874663215
51.02,0.0037522453232964326
51.08,0.003896550215754635
51.08,0.004111691726690236
51.1,0.003612589422486767
51.16,0.0037562095240315507
51.18,0.004146057392141578
51.18,0.0025925361955654314
51.22,0.004278975776885963
51.22,0.0036086893115864216
51.24,0.003904156423492844
51.24,0.0038525172374908045
51.26,0.00416834850141401
51.26,0.004218544387105561
51.26,0.003613744035403821
51.32,0.0036238715565504176
51.32,0.003959826965755031
51.36,0.0031756205462175613
51.36,0.003727369211532383
51.38,0.003860585160117558
51.4,0.0038368610898628086
51.4,0.005137945559622437
51.44,0.0037229192414903745
51.44,0.0035464998544951776
51.46,0.003938228725945181
51.48,0.0038713883799728066
51.56,0.004454844835869554
51.6,0.004178504610354961
51.64,0.003627420379829438
51.68,0.003990688518959562
51.7,0.004187580346118436
51.7,0.004927420282117234
51.7,0.004279000593702786
51.7,0.003764459268684406
51.72,0.004485618452189422
51.74,0.00436474626674721
51.76,0.004437573890921365
51.76,0.003980746527624035
51.76,0.004270332009676414
51.78,0.004511267335028157
51.82,0.0039189491172956226
51.82,0.002946023547394039
51.84,0.0046577644116844175
51.88,0.003559758453308026
51.9,0.0046886181998812
51.9,0.0038968086774467947
51.92,0.005219239051803215
51.94,0.005921477278545417
51.96,0.003323968742406036
51.98,0.007521186042219963
51.98,0.004491599877440189
52.02,0.004219826762990819
52.06,0.004992146689147825
52.08,0.004006079071755209
52.08,0.004005315006409993
52.12,0.006058474446002049
52.14,0.004043344126531179
52.22,0.004066497804544156
52.24,0.004439931194452962
52.26,0.012718802477832414
52.26,0.006344693260201595
52.28,0.004736508844952025
52.28,0.003844049982135167
52.3,0.007692774524637014
52.3,0.008847858867881198
52.38,0.003847802612250373
52.4,0.00434902342709198
52.4,0.0035866616306872157
52.4,0.004071271495531215
52.42,0.0034213490345940123
52.46,0.004192210173826982
52.5,0.00376256707603162
52.52,0.0035686146053501844
52.56,0.003535854472539568
52.6,0.004421861679207217
52.64,0.0030983319470028192
52.64,0.004391763264422366
52.66,0.002893843348469982
52.66,0.004405055189847573
52.72,0.0043681347444496366
52.72,0.0027196142015604163
52.76,0.0042522519373392464
52.76,0.003821768116613611
52.78,0.004872520027456195
52.78,0.003264175345061182
52.8,0.005664989371640838
52.82,0.0036278651690063723
52.84,0.003727225741314788
52.88,0.004481328777202753
52.9,0.004578669689776826
52.92,0.005441981454031963
52.92,0.004221706575459616
52.94,0.0045449254281629825
52.96,0.006178954659275648
52.96,0.004343149437887162
52.98,0.003829925323841632
53.0,0.005691973055511168
53.0,0.004075763718104031
53.04,0.004081357572163213
53.08,0.0031155818046928463
53.08,0.0037515415032696176
53.1,0.006813280615775241
53.1,0.004649108969298821
53.14,0.004997611021185566
53.14,0.004697378705560418
53.14,0.01156681134172799
53.16,0.0036850358743452105
53.16,0.0037777559594549537
53.18,0.0025308784782875904
53.2,0.003648424327542421
53.2,0.0044444981162051755
53.24,0.0043374378159636295
53.24,0.0044941058037299975
53.26,0.003712084183697839
53.28,0.0035607726738106082
53.32,0.004839756784976834
53.32,0.00419873370066437
53.34,0.004242242588337608
53.34,0.0035685356615225983
53.38,0.004196223131406551
53.4,0.004212844647829561
53.4,0.004152683335186813
53.42,0.003328432456579211
53.42,0.00625877086115556
53.44,0.004519770086918173
53.44,0.003390977442391585
53.46,0.004930390251736583
53.48,0.005634177068629231
53.52,0.004868344843548034
53.54,0.004162613417203587
53.56,0.0036647953251619514
53.56,0.0037214682847995784
53.58,0.0038829151597151723
53.6,0.0051761302642687745
53.64,0.003579840573205595
53.64,0.004429569539082023
53.64,0.004030787127677793
53.66,0.0034284817745914298
53.66,0.003686030891790426
53.7,0.0036250876341633598
53.7,0.004219152918197411
53.7,0.004569832798518747
53.7,0.004086659507517965
53.74,0.0041241699898596496
53.76,0.007558084274484234
53.78,0.008166134759789778
53.78,0.007450583236462749
53.78,0.004076218586806957
53.78,0.003908251574313182
53.8,0.0031969207502779984
53.8,0.004136519005804362
53.8,0.005339276835773399
53.84,0.004160538622069998
53.92,0.003964047524522618
53.96,0.004768253941463962
53.96,0.00414844636627465
54.0,0.004244151999061363
54.06,0.003844411083082755
54.08,0.004339214446595241
54.08,0.003818528068228577
54.1,0.004282305014423171
54.1,0.004230916186704792
54.12,0.0038791150575719913
54.16,0.0037770871858961996
54.22,0.00484729918806559
54.22,0.004298340878875595
54.24,0.004342503166481992
54.26,0.007530484990368791
54.3,0.004232775676936029
54.32,0.003909560036079562
54.38,0.003455875627585425
54.4,0.003616496402187197
54.4,0.004644391153614369
54.42,0.00416894447061944
54.5,0.004815195359405222
54.54,0.008419980226770374
54.58,0.0038506855218155556
54.62,0.004089646930062751
54.64,0.00433774493714123
54.7,0.004601140128938974
54.72,0.0035447215362788276
54.72,0.004782969882033639
54.72,0.0042327600552456435
54.74,0.0042436816781957765
54.76,0.003937388685359977
54.76,0.004459241186596241
54.76,0.007315744428742055
54.78,0.0037534489798559667
54.82,0.00985284979719403
54.84,0.008436345664621592
54.84,0.003898222940849627
54.88,0.004311974534894403
54.92,0.0036662052542587587
54.96,0.004204413714157584
55.02,0.0037338397820888547
55.02,0.0039732861204692105
55.06,0.007014237448129013
55.06,0.0031177934113911787
55.06,0.0028440126788348286
55.1,0.004295400315947773
55.12,0.0046458660449544276
55.16,0.0035410986418094037
55.18,0.004077381688938564
55.22,0.004397378040182032
55.22,0.003007363962862386
55.22,0.003365401626332809
55.24,0.003487906062805246
55.26,0.003553777973803962
55.26,0.00418434356028119
55.28,0.005281539945803604
55.3,0.0074004267984756344
55.32,0.004569185637651185
55.32,0.014015166595812034
55.32,0.004022511265192041
55.34,0.004592274517577599
55.36,0.00410643435000424
55.38,0.004378646482574244
55.38,0.0038608607074588353
55.4,0.004137400859598794
55.42,0.004496261789308398
55.44,0.005135457287729239
55.5,0.003373603892984023
55.52,0.004169295928204808
55.54,0.004253332405971588
55.54,0.004204083905407163
55.54,0.0038120471318036087
55.56,0.0042054545632671525
55.6,0.003577555687327205
55.68,0.00379694793244445
55.7,0.003770279241165575
55.74,0.007148975086543441
55.78,0.004116099912619631
55.82,0.004667314684624779
55.82,0.0029851918199593763
55.86,0.00377749062836219
55.86,0.003881728282273178
55.88,0.00849434802074045
55.9,0.004156783956497989
55.92,0.003669086937693189
55.96,0.00316755575930483
55.98,0.0053166984588891575
55.98,0.003821440879301252
56.0,0.003294229388924763
56.02,0.0037126819385779886
56.06,0.0045790053289536115
56.06,0.004144562247297645
56.1,0.005118774052437214
56.1,0.00257759102471955
56.14,0.003277992100804039
56.2,0.003699339209415231
56.26,0.003797010740335005
56.28,0.005378091658254647
56.32,0.0037974150065660517
56.38,0.00418235741067341
56.42,0.004970484686226184
56.42,0.007257701954461626
56.44,0.0036676108153079756
56.44,0.0037673233516075655
56.46,0.005583782721018005
56.48,0.004410721442717591
56.54,0.003821616355006774
56.56,0.004034342745214192
56.56,0.003187130972443053
56.6,0.004280024277114158
56.62,0.004769578657865203
56.64,0.004169293046661027
56.66,0.004368896153901236
56.68,0.0052107827295682085
56.68,0.003664368533446427
56.68,0.00371493670632983
56.7,0.005109036820129975
56.76,0.003324425866434
56.76,0.0029125029810960212
56.8,0.007594171318940024
56.82,0.004004765699771595
56.82,0.0035639104496050233
56.84,0.005664271786075981
56.86,0.004323635575625984
56.86,0.004150469980467197
56.88,0.004753085329003204
56.88,0.0042656462383463545
56.9,0.004052499729196413
56.94,0.004893977872047595
56.94,0.004267292200481054
56.94,0.004813001212438772
56.96,0.005168908783699244
56.96,0.008070143181810763
56.98,0.004987306332560393
57.02,0.005009058324690008
57.1,0.004112964881373249
57.1,0.0038343813578599617
57.12,0.0026467590774568173
57.12,0.0036986625514675575
57.12,0.0034817338006684073
57.14,0.006194264548047612
57.14,0.005439486272041383
57.16,0.003976972776999599
57.18,0.003264273371086812
57.18,0.004852907247393623
57.2,0.0038180546613622024
57.2,0.004001591031186802
57.22,0.0039202305507065605
57.22,0.003920448453534009
57.22,0.0067934092112251765
57.24,0.00475285256972402
57.3,0.003775006545138182
57.32,0.0038159437746856373
57.32,0.005341371673488027
57.34,0.005938039468785017
57.34,0.0027459466037915714
57.44,0.004118542434172423
57.44,0.0037003206424074397
57.48,0.004361117771154777
57.48,0.004318915790453182
57.48,0.004208398082591991
57.5,0.0035431078416804374
57.5,0.0032991705445387653
57.5,0.003919395075939636
57.52,0.002938027782254049
57.54,0.004312445834724454
57.54,0.003978796344736413
57.56,0.002601117011141185
57.58,0.004065681143270994
57.64,0.004713010231281567
57.64,0.003906956805870054
57.76,0.0032195731074597944
57.76,0.007506499584965964
57.76,0.0035595739886471467
57.78,0.003269055271440169
57.82,0.004064658978418789
57.84,0.005205764073682451
57.88,0.0034861825061301976
57.96,0.0036391331142223704
57.96,0.004293868516890176
57.98,0.003583206852672438
58.0,0.0043643150735703795
58.04,0.003964330008957573
58.06,0.00366906888297458
58.12,0.004145517891667616
58.12,0.0038791969701523765
58.14,0.004784372137879411
58.14,0.004520218465009829
58.18,0.004285459099066191
58.2,0.005767787384569956
58.26,0.0033808596421117665
58.3,0.003406103615500755
58.4,0.005769305632498445
58.42,0.003873256992486418
58.44,0.011011946672227824
58.44,0.004051274472687827
58.44,0.004438866085978765
58.46,0.006974723200087185
58.46,0.003036078813433374
58.54,0.004057524957959191
58.56,0.003295730487775983
58.58,0.00811919104121095
58.58,0.00700980967732201
58.58,0.004898279677937989
58.6,0.00502893168123042
58.62,0.004368934491440379
58.64,0.002965130758037837
58.64,0.003991747360422848
58.66,0.005312889806783794
58.68,0.004786171838228159
58.68,0.004506221253953391
58.76,0.007866915143930453
58.8,0.0026209084584983833
58.82,0.0035858008685232257
58.84,0.003988347879884446
58.84,0.005275761025072767
58.88,0.006438967000431006
58.9,0.0037588619915496224
58.94,0.004506348257758419
58.96,0.0037058917002803504
59.02,0.00499350487010275
59.06,0.00357579677900699
59.08,0.002391830194378164
59.14,0.004110120625673619
59.2,0.004594977734049599
59.22,0.004330905767774618
59.26,0.00462109551288159
59.26,0.004456431589092036
59.28,0.003621070554093775
59.32,0.004896434036826824
59.32,0.004165888151092978
59.44,0.003210316665846036
59.5,0.005831148844769207
59.5,0.004063139951592798
59.5,0.005438708607198639
59.52,0.006514111655784971
59.52,0.004431642843057193
59.54,0.004252502700080818
59.56,0.004387503781067004
59.58,0.0034975752193622256
59.6,0.003876889552998364
59.62,0.003784826086580595
59.62,0.0032227011928276372
59.68,0.003934801373556618
59.68,0.004372485341444632
59.72,0.0044392041989052
59.76,0.0042540044592408455
59.76,0.004717181106286383
59.78,0.004643087624473186
59.78,0.003689385713551041
59.8,0.00467069085916616
59.82,0.004352023131659832
59.82,0.004614413219993563
59.82,0.003996339368238844
59.82,0.0028667681875099715
59.84,0.004535025509981638
59.86,0.0035666923495694114
59.88,0.004402836106022434
59.94,0.004512669784905166
59.96,0.0032656587215490473
59.96,0.0036064294210615966
59.98,0.002789749537560837
60.0,0.004691928019742053
60.02,0.004033073995849179
60.06,0.005495443759579222
60.14,0.0047116367823691885
60.14,0.0037996390498016286
60.16,0.003452519831887213
60.16,0.00330364557840801
60.16,0.0037222032011039463
60.18,0.0039017794410551865
60.18,0.0045798669489119925
60.22,0.004056842560662854
60.24,0.003133393393051631
60.26,0.003244892794298182
60.26,0.004071576709488767
60.32,0.004005859060971173
60.34,0.006017828088712984
60.34,0.004262611945535566
60.36,0.0035347697785576004
60.42,0.0039515058555348315
60.44,0.0031843145840444453
60.46,0.004281673485045601
60.48,0.00434290141035476
60.5,0.003835604282238614
60.54,0.00379302271345916
60.56,0.004078153503077386
60.56,0.003933804627279214
60.6,0.0039255098002172195
60.6,0.003877461738032828
60.64,0.003434482774894776
60.64,0.00458606763578695
60.66,0.00334239774254641
60.7,0.004180582375820974
60.7,0.0035814669271233557
60.74,0.004175634690313568
60.76,0.002376640247348405
60.78,0.004097080413360432
60.8,0.0066608844609530315
60.82,0.005843834375820367
60.84,0.0028721066146072394
60.88,0.003915520039523224
60.88,0.003157696351019035
60.9,0.005454113175261566
60.92,0.004520022735331031
60.92,0.003983683941805594
60.94,0.0037102436951109707
60.96,0.004410975790255622
60.96,0.0034043395365696005
60.96,0.0031690421683504555
61.0,0.003766615109809024
61.02,0.004141283039583388
61.04,0.004763901157828765
61.1,0.0034388100749883632
61.1,0.003235283833354363
61.16,0.004072898612692555
61.18,0.026261318129040423
61.2,0.003947386655274832
61.24,0.003370199795344808
61.26,0.003592699817101197
61.28,0.004173998296954751
61.36,0.004273768299366765
61.4,0.0041583878803416185
61.46,0.004927480907787607
61.46,0.0031464169214739934
61.48,0.003695555618537183
61.5,0.003654318057952022
61.5,0.0045534682385049985
61.56,0.004170481606374454
61.64,0.007519037889627378
61.7,0.0038787374880709935
61.72,0.0036751447537691773
61.72,0.0050765516469611915
61.74,0.004305444936865577
61.8,0.0038823563338952205
61.8,0.003573720966801419
61.82,0.008438996806893972
61.84,0.003943712027495216
61.86,0.004460452393824976
61.88,0.005957631069065994
61.9,0.004490778541281548
61.92,0.0028434933963396025
61.94,0.007822775019972972
61.98,0.003551575607181001
62.02,0.0038562897751631686
62.02,0.0042580669517779945
62.02,0.005357960346879409
62.04,0.004328187205198009
62.06,0.004015032885187564
62.06,0.00409251351779405
62.08,0.004162587032710774
62.1,0.004589852640724645
62.1,0.004276946746914367
62.1,0.004105968665094051
62.12,0.003350472215543965
62.22,0.0031789815890022055
62.24,0.0053455442211671755
62.24,0.003746671809283564
62.28,0.004679714452118011
62.44,0.0038113503071709465
62.5,0.007171649011786241
62.5,0.003878183741361174
62.52,0.0033734124511943797
62.54,0.004037582412555585
62.54,0.0038357252845582224
62.54,0.004739528546056415
62.56,0.003845823454384445
62.66,0.00437812560703843
62.68,0.0038229752110610082
62.68,0.004361433011970006
62.68,0.00398446110239159
62.76,0.0047235357606359996
62.78,0.003923599582292048
62.82,0.004009538165799631
62.84,0.004548907147136183
62.86,0.00428001814683443
62.9,0.004098141255458598
63.0,0.0038240282752683985
63.02,0.0030543228893972207
63.02,0.004499137904429018
63.04,0.0036214175740791887
63.04,0.003948399693398441
63.08,0.0053563773202623954
63.1,0.0028723202886932198
63.12,0.004512467932459963
63.12,0.0027469812977519714
63.12,0.0032395998196685927
63.14,0.0032149138942554334
63.14,0.0034818674681174056
63.18,0.004095163117771583
63.18,0.003644338804592029
63.2,0.003189481548139028
63.2,0.004272907272449
63.2,0.003740084372533148
63.32,0.004154138771895188
63.34,0.0043005930218076305
63.4,0.004473617631639559
63.5,0.003972745738500372
63.5,0.0037576911404704205
63.52,0.004126930531360373
63.52,0.005033746801047623
63.52,0.004476747522600633
63.54,0.003811002908176042
63.54,0.0043999174229487625
63.54,0.0036378429024551684
63.56,0.0043157060583461915
63.6,0.005069587167372824
63.6,0.003342812717259558
63.62,0.004025531632447565
63.66,0.005533109350114751
63.68,0.004524102370399019
63.72,0.003885156904960163
63.74,0.0038341175088177915
63.76,0.003952637661454816
63.76,0.003863937022151376
63.76,0.004278721708505628
63.78,0.0037018294120976236
63.82,0.005735201417341962
63.82,0.0037907913447019492
63.82,0.0048890659124990465
63.84,0.004679270652524048
63.92,0.005986126730755603
63.98,0.0046210782801624495
63.98,0.0035228792728759784
64.0,0.0036311550743546306
64.14,0.003369078543715598
64.18,0.003623546877799977
64.2,0.004785683074748359
64.22,0.002098208998652762
64.24,0.004676535561878414
64.26,0.00457240474976317
64.3,0.004269177203712782
64.32,0.004780537413124009
64.34,0.003825879994781012
64.34,0.003993162957013574
64.36,0.004611793975994427
64.38,0.004083846242241007
64.38,0.0032411217332861675
64.42,0.0039734014715188115
64.42,0.004046650737502211
64.44,0.015302832371909547
64.44,0.002922928665492819
64.44,0.004234666732732761
64.46,0.004002386445426831
64.5,0.00416367487292979
64.52,0.004190025468845948
64.54,0.003499770928646395
64.54,0.004236446685541573
64.54,0.0034051271669232053
64.56,0.0042474726581162026
64.56,0.0032017120567580104
64.56,0.004001728438296381
64.56,0.005477762053157198
64.58,0.003264549009743156
64.58,0.003652867371857993
64.76,0.003922714000928806
64.78,0.0036288349857114266
64.84,0.003826364891334033
64.84,0.004108520768260182
64.84,0.004400084437198193
64.88,0.003664772872622235
64.9,0.004608952239191999
64.92,0.003731087392474408
64.94,0.004933564741257834
64.98,0.004839558867418381
64.98,0.005232752632234217
65.02,0.005638660458404776
65.02,0.004993687844744854
65.02,0.004209218526929792
65.04,0.008013544761602986
65.06,0.00425796457749017
65.06,0.004235477649344399
65.1,0.007556835350902236
65.14,0.006235488013797252
65.14,0.004536402716850185
65.16,0.0030051992444509734
65.18,0.0034103161124976467
65.2,0.0044673697976531646
65.24,0.0027270528461740273
65.24,0.0035869198198540397
65.24,0.0028825466524760035
65.26,0.00503330171959715
65.3,0.006987885990725973
65.32,0.005113479005436794
65.32,0.0060960872588236015
65.38,0.004122894576226055
65.38,0.004440059262374785
65.38,0.003722836831544618
65.4,0.004226870630445356
65.46,0.004222914252125398
65.48,0.004268570906393987
65.48,0.005660996556006159
65.52,0.004006646040635609
65.54,0.00462823622207964
65.58,0.0037223036928811792
65.58,0.004494785630748455
65.58,0.00539041425509279
65.6,0.004894112546329765
65.64,0.004846420711072996
65.7,0.003967849448667571
65.7,0.002846889627347582
65.72,0.004816735683888851
65.76,0.004115757681174559
65.76,0.003827438001081207
65.8,0.004000515379991798
65.8,0.0041909229989619545
65.8,0.004796416830273431
65.8,0.003268742279996184
65.82,0.0027872285109563633
65.84,0.004040260361584558
65.88,0.005197627362085844
65.88,0.004101933628238852
65.88,0.0031776713741268336
65.9,0.004264525733814195
65.92,0.008006666974790355
65.98,0.004184774500931243
65.98,0.004164861731497993
66.0,0.004145484156189427
66.02,0.0042530819763639816
66.06,0.0039058649338675755
66.06,0.003859881192474046
66.1,0.00434480242968005
66.12,0.003565876702382398
66.16,0.0044629886972151755
66.18,0.007709387787882771
66.18,0.004317392886069582
66.2,0.009428457361515985
66.22,0.004254411535444813
66.22,0.0030761709135117554
66.24,0.004449663420615146
66.28,0.002735615105588396
66.32,0.003640163408908159
66.38,0.004246457728211639
66.38,0.004763249989929608
66.44,0.005432027145273577
66.46,0.009704819628054806
66.48,0.004793388047904412
66.52,0.0034409469910523516
66.56,0.003526888442249354
66.62,0.004118261587817584
66.64,0.0037522135591100403
66.66,0.004465383952410362
66.68,0.003649234727619022
66.72,0.010594615077302416
66.72,0.0038360665697656504
66.74,0.004384841596872802
66.78,0.004637832707894418
66.82,0.006937303509367054
66.82,0.0038636865007152243
66.84,0.0038953350103444473
66.84,0.004061012121112428
66.88,0.004835034410337169
66.94,0.01348119928201963
66.94,0.00528915096662641
66.94,0.0033500915299545797
66.96,0.0043638359539116545
66.96,0.003609436266972188
66.98,0.005514109939267042
67.0,0.0033282444328648353
67.12,0.0041174311292707655
67.12,0.0043603144990461695
67.12,0.0030044679057952273
67.12,0.0039843736469548086
67.14,0.004080713596036234
67.16,0.003248771652980431
67.16,0.003951197084315239
67.24,0.006314661192554749
67.26,0.00428581550409135
67.3,0.004664340704138237
67.34,0.004264828013679223
67.36,0.004954870311163595
67.38,0.003631225463571197
67.46,0.004348716844062794
67.5,0.0044528838585652375
67.5,0.003946958105103593
67.52,0.0036807670207672505
67.52,0.004043178075024412
67.54,0.0036878585618530524
67.56,0.007551132477581213
67.56,0.0038940303141119514
67.56,0.0037036487411086227
67.56,0.004356733724249162
67.68,0.004903787902173606
67.7,0.00411949191337424
67.7,0.004155064051860835
67.7,0.0038875668110464057
67.7,0.005829076207727213
67.74,0.0030223145608654356
67.76,0.004953044678493779
67.78,0.0040301398905285835
67.78,0.004256511439643007
67.8,0.004770174616072431
67.82,0.00407099974112457
67.86,0.004195039007307777
67.86,0.003424773752781829
67.88,0.004107188115001215
67.88,0.0036019177452035755
67.9,0.009988121168228226
67.92,0.003998618082907246
67.94,0.005204206719855997
68.0,0.0037127852753198187
68.18,0.003677418218764439
68.2,0.004634325955978014
68.26,0.0035554037021604534
68.28,0.006971356784311156
68.3,0.00638044207381161
68.32,0.004398229011778443
68.32,0.003570784563848628
68.34,0.004384913064027995
68.38,0.004391039678375841
68.42,0.003923140144279635
68.44,0.0045739343096348195
68.46,0.003750189880817545
68.48,0.004315451269917947
68.48,0.00484406836400042
68.5,0.003068188871241828
68.54,0.0040037582857096465
68.54,0.006310392184312841
68.62,0.003998998579804014
68.62,0.003721415501174996
68.64,0.018018132540211562
68.66,0.0033263447860327755
68.66,0.003646710180956414
68.68,0.004797658699471019
68.76,0.00395213441251463
68.84,0.004111926969779023
68.86,0.003674416421801996
68.88,0.004468722974890205
68.92,0.003880728211757556
68.92,0.005379186054148777
68.94,0.007941024483441805
68.94,0.003964998346400406
68.94,0.004697036370954755
69.0,0.003857209277179585
69.02,0.004663183750896582
69.06,0.006074213204654844
69.08,0.0040906601301049506
69.1,0.003436915415512831
69.1,0.004103233427706576
69.18,0.003712029106541781
69.2,0.008360290700100359
69.24,0.004845259125800028
69.26,0.005368935483241799
69.28,0.004631207782621383
69.32,0.0051894741480081885
69.36,0.004174887936562954
69.38,0.003617284555275435
69.42,0.005759357546087029
69.42,0.003410265575834237
69.42,0.004484613926864167
69.44,0.003856560792626418
69.44,0.0037987906680545525
69.48,0.004822873856424437
69.48,0.003940802178755254
69.52,0.0037809961388611812
69.52,0.004429371968552198
69.58,0.004521299415434776
69.58,0.0037334311683033805
69.6,0.003963362438878404
69.62,0.0041479790245128045
69.64,0.004529427242284001
69.66,0.004473913671353413
69.74,0.0034504590561920123
69.76,0.0038035085047217754
69.78,0.0039013452798968284
69.82,0.004232891912018033
69.84,0.0037564869874315843
69.86,0.003999451217987615
69.86,0.0037182121993259987
69.88,0.0033819405418585857
69.92,0.007973225246029947
69.92,0.003959736221108789
69.96,0.0031755876857676446
70.02,0.004047545983242973
70.04,0.005184587493714199
70.04,0.0034490728069771492
70.08,0.004158788160428362
70.08,0.0033322792271763824
70.08,0.003304584594161608
70.1,0.004440341274341231
70.12,0.0051418817301409625
70.14,0.0070857893029006025
70.16,0.0034852797778940348
70.18,0.00409411229231238
70.18,0.004290968454990773
70.22,0.003642644154675967
70.22,0.0030824616728741816
70.24,0.004016846848733602
70.28,0.0034583392318917605
70.28,0.00477999197797796
70.34,0.0037581293142383565
70.34,0.003213510825832433
70.36,0.0042399820340743855
70.36,0.00487886173828278
70.4,0.0034616166235091894
70.4,0.0038862873052312175
70.42,0.00411372745329841
70.44,0.004450648663095191
70.46,0.004139669652292399
70.5,0.003321252102623573
70.54,0.00378054331915445
70.54,0.003820336058021012
70.56,0.003069983383941599
70.58,0.0038238793645689606
70.58,0.008364478389808583
70.64,0.003535765426361581
70.66,0.0034405084093648286
70.68,0.004917392011532962
70.72,0.0032858475384651697
70.72,0.004911598142717577
70.74,0.004895492064063145
70.74,0.003812838200254798
70.76,0.004351809902952031
70.78,0.0023916392623335447
70.78,0.003017465755326354
70.8,0.003686845737482569
70.8,0.003362640448712373
70.8,0.002676373882780969
70.82,0.004242086028770409
70.84,0.003871182087216818
70.84,0.003982129362101183
70.88,0.003723344078862767
70.9,0.004325748007734775
70.92,0.00397186466656041
70.94,0.0037264346019741934
70.96,0.004735499466536397
70.96,0.004535235155152417
70.96,0.0034257595296875998
70.98,0.004285001275349587
70.98,0.007984015980971204
71.0,0.00390697924812744
71.04,0.003731855102395598
71.04,0.003704857729565192
71.08,0.004987272584516811
71.08,0.00407214826170077
71.08,0.003949231836793188
71.14,0.004202827611966553
71.16,0.00411445953165035
71.3,0.0034007801930010517
71.36,0.0043462926573990535
71.38,0.0037403774379272114
71.4,0.004922848573364003
71.42,0.004704115097957207
71.42,0.005042653102012351
71.44,0.00358852138396204
71.5,0.004130043845638753
71.52,0.004655016350876395
71.54,0.007547563019084769
71.54,0.004161305864305964
71.56,0.003599910592015254
71.64,0.0035478992248619834
71.72,0.0034715817507862123
71.82,0.004183583956393178
71.82,0.004128140356128407
71.9,0.0037986391681835707
71.92,0.005980382096982151
71.94,0.0075548019420875745
71.94,0.005192809150243782
71.94,0.00399884830731323
71.94,0.004392351549070361
71.96,0.005312579940667028
72.02,0.0037684018860022483
72.04,0.004048678994421184
72.08,0.003233392600095586
72.1,0.007599816587495645
72.1,0.004445437797241825
72.1,0.013481556464830846
72.1,0.0034933318699496008
72.14,0.004570558743194009
72.24,0.003940168987130455
72.26,0.0029232254543122282
72.26,0.0045009163851054135
72.28,0.0038651438992843845
72.28,0.0036889117622683765
72.32,0.004746535102247207
72.32,0.0031611381319983645
72.34,0.002856731428947601
72.36,0.004177043625995358
72.42,0.0029921311075540302
72.46,0.005137710385540006
72.5,0.0034587815797270105
72.54,0.0038945569448539663
72.58,0.004772185152371655
72.6,0.0050790703062140174
72.62,0.004666024022504045
72.66,0.0036365420032393736
72.68,0.004023565422538011
72.7,0.0042810016302804454
72.72,0.005628138543708028
72.72,0.0038392087846039757
72.74,0.004456458064297397
72.76,0.004088295201504
72.76,0.004730879769611618
72.8,0.003452321741860831
72.8,0.00330702544437278
72.84,0.003610375759181217
72.84,0.004109612529213602
72.9,0.005011881011189212
72.92,0.0033297563341595504
72.92,0.0043285985482311995
72.96,0.0044648543580539934
72.96,0.003676638427909551
72.98,0.004777721014188385
72.98,0.002885942098863392
73.0,0.0046584443333346215
73.0,0.003571719399983575
73.04,0.004966152512486222
73.08,0.003493053303347149
73.1,0.002737201816784385
73.1,0.0046265400766848375
73.12,0.003669733829470223
73.12,0.0030284908092306217
73.14,0.003852204621580757
73.14,0.00370053543478277
73.18,0.0032850512285880207
73.22,0.0035539134910096415
73.24,0.003813862583290195
73.28,0.003660543204738409
73.28,0.00398063257248682
73.3,0.004114875396144968
73.32,0.004488467342822822
73.36,0.003731256871488009
73.36,0.004189269211273161
73.38,0.0038895839026361623
73.38,0.0042515552732044215
73.4,0.0037185069245215807
73.42,0.0037415396625057884
73.48,0.003492570405484785
73.5,0.004539850968656389
73.56,0.004882317830222416
73.62,0.004150587964340979
73.64,0.00571329569464718
73.68,0.0030936694871408488
73.7,0.004677147603639242
73.7,0.0038762215260386146
73.72,0.003331918826251612
73.78,0.0041820210900888055
73.8,0.004311899909270833
73.8,0.007624180807597636
73.9,0.004327796566180764
73.92,0.005193564536073003
73.94,0.00448819296376457
73.98,0.0036918164246811935
74.04,0.0036554043168728345
74.06,0.004307388713367444
74.08,0.005717170696540763
74.1,0.0038307389792208157
74.1,0.0036597664670607877
74.14,0.003967018783725962
74.16,0.004316120611251195
74.18,0.003786169090967628
74.2,0.004771126827459615
74.2,0.004453723849466629
74.28,0.004704815094329962
74.28,0.0038096129166663717
74.3,0.003315510179701997
74.34,0.004285654304746367
74.38,0.004817075500064161
74.4,0.009541860718200623
74.4,0.004487804946049612
74.42,0.004023494290014029
74.44,0.004817654526513948
74.46,0.004952590229478249
74.46,0.0027455691155110484
74.48,0.004854061530688014
74.48,0.004742435443486959
74.5,0.004159660532587983
74.54,0.003285456475120796
74.56,0.004410864630657763
74.58,0.0035354581105966343
74.58,0.002818174440325394
74.58,0.0045508829964926445
74.6,0.0069263771045080524
74.6,0.003233119458906031
74.6,0.0038126158186312376
74.64,0.004231834033138426
74.66,0.004615624534905605
74.66,0.004004578574756779
74.76,0.003836812614625651
74.76,0.003617614170972838
74.76,0.004933803965931793
74.9,0.002949146712664774
74.9,0.004516651650696812
74.92,0.004140236358626814
74.98,0.004027297844627187
75.06,0.003925539711155168
75.06,0.005204749470958392
75.1,0.003076707115991395
75.12,0.012000283399298373
75.2,0.0037433059639899735
75.22,0.003317972728585583
75.26,0.002855939002377794
75.28,0.0038744862367837696
75.28,0.008905470872029975
75.28,0.004348001477681551
75.3,0.0036776822622800465
75.3,0.00431986716233157
75.32,0.0041996850220575865
75.34,0.004190367580628629
75.34,0.003919980952066804
75.44,0.003929068430664984
75.46,0.004090067674170972
75.46,0.004499843710131235
75.48,0.005092058809355593
75.48,0.0037367945394406465
75.48,0.005331631470347986
75.5,0.004289772938402381
75.5,0.004589145572227227
75.52,0.004377773483224212
75.52,0.004022539592959173
75.54,0.004526157581335011
75.58,0.0034099442010916414
75.64,0.009760833778981959
75.68,0.004304470237225799
75.68,0.0026470471146904373
75.68,0.002683127935552032
75.7,0.0034890853300924007
75.72,0.0034332074514034083
75.76,0.0032833670799261583
75.8,0.002778570807506764
75.8,0.004297950343286949
75.82,0.0035895918698439777
75.82,0.0038991714814285983
75.82,0.0048624265480321505
75.86,0.004701280181834355
75.86,0.0041970179005001995
75.88,0.0037091786102487756
75.9,0.0036963308383743954
75.9,0.004491289676166854
75.98,0.00356178279119157
75.98,0.003961306921921981
76.0,0.004192548055300782
76.04,0.0044000458204209725
76.04,0.0031670778020980173
76.06,0.0039227189444356325
76.08,0.004164106972717629
76.1,0.005679531518815173
76.12,0.004069776032480155
76.16,0.004122342957500802
76.16,0.003975913174573575
76.18,0.003744402781169609
76.24,0.004129082956724761
76.26,0.0028506687485615467
76.28,0.0047863552551268285
76.3,0.0035330729759968094
76.3,0.0037271545634239844
76.32,0.004366280048421212
76.36,0.0034956732724243933
76.4,0.00475703361265678
76.44,0.0029036796132045906
76.44,0.004492220636797217
76.46,0.004652990205100793
76.48,0.004159260182066582
76.5,0.0040613978178399845
76.54,0.005021942986830785
76.62,0.00420527044394281
76.64,0.003447884258526157
76.66,0.003234106620353172
76.7,0.0032270340106591577
76.7,0.003132994952400381
76.72,0.004185098043095636
76.76,0.004196111181533624
76.82,0.0037336158576639633
76.82,0.00437643322847403
76.86,0.004186843420770581
76.88,0.004073246042842427
76.9,0.005497609976008788
76.92,0.0033326853502460008
76.92,0.0038571958794796357
76.92,0.008554574197323639
76.94,0.003573838316573985
76.94,0.0036768326420594244
76.94,0.005143766274114392
76.96,0.004537993223590164
77.02,0.005988023647264806
77.04,0.004821273584908803
77.04,0.002947002137267951
77.04,0.004088457646845622
77.08,0.004133835214420012
77.12,0.004210181573753635
77.12,0.005043906984700808
77.14,0.0050101503542615555
77.16,0.0036114033419412106
77.16,0.004725585748797556
77.16,0.0044604635795966185
77.18,0.0036715791871260173
77.22,0.005048007699493984
77.24,0.003537594479130046
77.24,0.005516561750019577
77.24,0.00421848486146259
77.24,0.003713533501770172
77.26,0.004449524537867844
77.28,0.0033436885016735474
77.34,0.0048060169284321885
77.36,0.004390777671555823
77.4,0.003743578306836026
77.42,0.004376012545967201
77.42,0.003966104162008821
77.44,0.01151082719586638
77.48,0.0033381209405616286
77.5,0.0038274810776307566
77.52,0.0032446048595388133
77.54,0.0037330253251646184
77.54,0.003481103841049049
77.56,0.004149454327770363
77.58,0.003462528479103999
77.58,0.004665603797623041
77.6,0.0047501979323000265
77.6,0.004680114767152022
77.66,0.00363568026845984
77.72,0.0033441775259424045
77.74,0.0030321520141524116
77.76,0.004088835841207561
77.82,0.004482229597490561
77.88,0.003417550053054441
