time (s),contrast
,
0.04,0.004150565493492797
0.04,0.005615900435901988
0.12,0.004367635338389797
0.12,0.006902859877833012
0.26,0.004223795488051185
0.32,0.005347521115402376
0.36,0.006717972257208382
0.36,0.005452846402058564
0.36,0.006093953357873216
0.36,0.006657472409425602
0.36,0.01208136929786241
0.38,0.004669318133291966
0.4,0.00766937690513636
0.42,0.00489591726462324
0.44,0.005608325397946645
0.44,0.0037363803566400344
0.46,0.004127632027938755
0.5,0.009916552830630199
0.5,0.005098190519538637
0.5,0.005540810389073947
0.5,0.0074552286857786365
0.52,0.0045661881945537885
0.52,0.0049034612013320045
0.52,0.0048572393562141825
0.56,0.004040061436597409
0.58,0.004186806596444437
0.6,0.005113888871052019
0.6,0.003615221392693768
0.64,0.008874309611724973
0.66,0.00768140936161843
0.66,0.00540112614989563
0.66,0.0048765659929832506
0.68,0.00398091588821281
0.68,0.003419931156032785
0.7,0.0048503813824462005
0.7,0.004156683876128775
0.7,0.003763334325913581
0.72,0.003974540050217579
0.72,0.004311020884588568
0.72,0.0065287428030568195
0.74,0.004892040456189628
0.74,0.005209563802603956
0.74,0.00454852815076201
0.78,0.003535276043141189
0.78,0.004421113239339802
0.78,0.003945036827715187
0.78,0.0036422406136091823
0.8,0.004075338483802815
0.8,0.003468785359952209
0.8,0.005188955129646566
0.82,0.004259491497399792
0.82,0.0039321615689159595
0.82,0.0033256545952131678
0.82,0.0046756674753319905
0.82,0.004724367601889434
0.84,0.005041354447353763
0.84,0.003929551116022001
0.86,0.003721097720737032
0.86,0.004442269234856022
0.88,0.0032089514717755785
0.9,0.004387970179185241
0.9,0.004290240788346389
0.9,0.0035155820737355903
0.92,0.003859098901278002
0.92,0.004112254672743787
0.94,0.002638298351151147
0.94,0.003916787377200359
0.96,0.004512711266567049
0.96,0.003902443156679647
0.96,0.0037922950720535864
0.96,0.0033657023128047525
0.98,0.004455452910178237
0.98,0.0035408171300740365
1.0,0.004173978234370379
1.0,0.004310289158973246
1.04,0.003442541204841998
1.04,0.0034744023037514005
1.04,0.003935028252451622
1.04,0.003616883866680798
1.06,0.00679451393778896
1.06,0.0038620306613837974
1.08,0.003787035928023985
1.08,0.0032272160796535942
1.08,0.004996635816768014
1.08,0.004315612105466826
1.1,0.00434567579141476
1.1,0.004463569710868809
1.12,0.0036024799451424006
1.12,0.004341397223444399
1.14,0.0037888872177576083
1.14,0.004542601146210745
1.14,0.0036822181739352144
1.16,0.004723337475641576
1.16,0.0035487269292550083
1.18,0.004592239535933573
1.18,0.0027800076545148045
1.18,0.004634751281450189
1.18,0.0034149423671135937
1.2,0.00715126862671156
1.22,0.005144959473175614
1.26,0.007255190833826197
1.26,0.005043143966379837
1.28,0.007123658269744371
1.3,0.003280783669318832
1.3,0.003444119800130041
1.3,0.0046386734363912385
1.3,0.004306077171942202
1.3,0.0032400047693528222
1.32,0.0034845518241185536
1.34,0.004879163152343602
1.34,0.0039802816244913775
1.36,0.003793340226757591
1.36,0.004377738479149351
1.38,0.004456447498521587
1.38,0.004279386056564749
1.38,0.004782457731401957
1.4,0.004331549901970155
1.4,0.003175436288200828
1.4,0.0039412290245638415
1.42,0.003183812453321222
1.44,0.004314498717445159
1.46,0.004247678754021211
1.48,0.005507561199445954
1.48,0.003303563446287794
1.48,0.005206329723138392
1.48,0.004600473892849233
1.48,0.006756529284654755
1.48,0.00358889706713883
1.48,0.0045126938860016175
1.5,0.003243796090928841
1.52,0.004233331135678031
1.52,0.003075675572595582
1.52,0.00439122496563682
1.52,0.0036298950148664355
1.54,0.004212054605679971
1.54,0.0036743739029327926
1.54,0.0039489883322726405
1.54,0.003506910395072005
1.56,0.003985623639626845
1.6,0.003370149213865581
1.62,0.0042711465791593906
1.62,0.00429749251893119
1.62,0.0038417955104768087
1.64,0.00453474950259436
1.64,0.004274689258873421
1.64,0.0032513468727349837
1.66,0.0046257429376276304
1.66,0.004064478219897194
1.68,0.004831900838303205
1.68,0.004085930839954788
1.68,0.004290882385092454
1.72,0.003393272240755585
1.72,0.0034781436313632286
1.74,0.010964064164873166
1.74,0.004718711913116347
1.76,0.0037477645545416216
1.76,0.004183002352617149
1.78,0.004641812468014761
1.8,0.002875766113740963
1.82,0.00451241111044276
1.82,0.004252438328683605
1.82,0.004830879424458812
1.82,0.004571547367591244
1.84,0.0037934726468735747
1.84,0.0036926798168269714
1.84,0.004464828487324435
1.84,0.003188214378472831
1.84,0.0040148795694527895
1.86,0.004716748652530023
1.86,0.0037519648781701997
1.86,0.004822750252328811
1.88,0.00399672363460557
1.88,0.004290275593112791
1.88,0.004370340348011648
1.88,0.004543153076724038
1.9,0.005397084199459945
1.9,0.003946960116689602
1.92,0.0037489478862500203
1.94,0.005681427574656395
1.94,0.005200084613800837
1.94,0.0033722142712739878
1.96,0.003720967738553238
1.96,0.0033560174536200194
1.96,0.0032812289392514238
1.96,0.005141908667327555
1.98,0.004059053098321219
1.98,0.004612551936399756
2.0,0.0040189479246192095
2.0,0.005877951357366351
2.02,0.0037751425148130346
2.02,0.005579003215450351
2.04,0.0041470972427611885
2.06,0.0037122643513434195
2.08,0.00442271188140142
2.08,0.004354341750657187
2.08,0.004770008534080605
2.08,0.004152787257297175
2.08,0.004443620789400193
2.1,0.0035401373600647545
2.1,0.004116799240170388
2.12,0.003961189380359054
2.12,0.0049160200243554275
2.12,0.002945658210751989
2.12,0.0070436963270278374
2.14,0.005264381954427355
2.16,0.004071149563621201
2.16,0.004244472291690782
2.16,0.004268399873618378
2.16,0.00400135815025604
2.2,0.004348912391751392
2.2,0.00404627349826403
2.2,0.004176056312903187
2.2,0.0036026101360342455
2.22,0.004355303362616247
2.26,0.0047435184832266275
2.26,0.004428304691788787
2.26,0.004459343377478997
2.26,0.004491193874281985
2.28,0.003912967643494025
2.28,0.004146793807738414
2.28,0.0051921988425004395
2.32,0.004448421323525964
2.32,0.004438704356251155
2.32,0.00452208172296964
2.32,0.0037867337794695866
2.34,0.0078043107899438136
2.34,0.0038155611275604295
2.34,0.004406851101919962
2.36,0.0036428030511566067
2.36,0.006101042994724026
2.36,0.003629106049152786
2.36,0.003715293415187615
2.38,0.004362360755527983
2.38,0.003801716817534162
2.38,0.005560335729266841
2.4,0.0037447093735556436
2.42,0.0040319556096319875
2.42,0.0037151356387550294
2.42,0.003941294131236561
2.42,0.0046608434696614465
2.44,0.0038790982174992106
2.46,0.004133340605496416
2.46,0.0034376224631496033
2.48,0.0037958062915656177
2.5,0.0038647994293246057
2.5,0.003702261883411828
2.5,0.004733542095583965
2.5,0.003419345486381009
2.54,0.004285630985802813
2.58,0.004896864401873757
2.6,0.004073172351397036
2.6,0.004087651377127188
2.6,0.004432979409794369
2.6,0.00514033670169356
2.62,0.005897133759693363
2.62,0.0038478497461428285
2.62,0.0044751423447784155
2.64,0.0041490202262050024
2.64,0.003882872979691032
2.66,0.003926715437176376
2.7,0.004522811010412409
2.7,0.008579874443936153
2.7,0.004035143569828037
2.7,0.004281510372225572
2.72,0.0035886609132451674
2.72,0.004473563167737171
2.72,0.004613954589436031
2.74,0.003788543078246387
2.74,0.0036759308735515583
2.74,0.0038838907414447954
2.74,0.003462077127479146
2.78,0.005581686742303971
2.82,0.0045359128686943695
2.84,0.004011543855602984
2.84,0.005596842438146843
2.86,0.0036418917658471717
2.86,0.0041421687017220155
2.86,0.005057669611155169
2.88,0.0036485383805724414
2.9,0.003671999692144823
2.9,0.0073643713339448524
2.9,0.0035761342968235743
2.92,0.004675013094591618
2.92,0.003170972472193223
2.92,0.0034236072260591666
2.94,0.004851277283003608
2.96,0.004309453504183547
2.98,0.004367766861690825
2.98,0.004127082779455948
3.0,0.004443391042563638
3.0,0.0037263273104087835
3.0,0.0050575300507795795
3.02,0.005656696030028052
3.02,0.006955308689640782
3.02,0.004196543638630645
3.02,0.0035708214000711447
3.04,0.004475818286854394
3.06,0.003624592974254437
3.06,0.004607913109513029
3.06,0.004325345377684364
3.08,0.004511295412750638
3.08,0.004452170736307992
3.1,0.006477801038380582
3.1,0.008753583670722764
3.1,0.004068693946263413
3.1,0.003748178047045414
3.14,0.008103350794141151
3.14,0.004513155536791991
3.14,0.005633837809040365
3.14,0.003759204590780829
3.16,0.0038193722832283727
3.18,0.003369610920955779
3.18,0.0038610957734036555
3.2,0.004751798164508769
3.22,0.004812435672748805
3.26,0.004274934296009558
3.28,0.004016260935223781
3.28,0.004086829304636441
3.28,0.0037518273425679594
3.28,0.0037611662078630426
3.3,0.004407992339956035
3.3,0.0085844242853228
3.3,0.003955296855444379
3.3,0.004049710631851222
3.32,0.0035809019850802093
3.32,0.004978719681451249
3.34,0.0030295508259987614
3.36,0.004749889505432203
3.36,0.0038068866215932307
3.36,0.0058155210809267555
3.38,0.004843297976192429
3.38,0.0037552711058101984
3.38,0.003960192625790171
3.4,0.004466050249290587
3.42,0.004147002506391995
3.42,0.004499571154185755
3.42,0.004619497215480051
3.44,0.0036326206849626175
3.46,0.00478903664695518
3.46,0.004304110046133958
3.48,0.006022926444526844
3.5,0.004593566229979418
3.52,0.0035999356500160395
3.52,0.0037510309128215846
3.52,0.008600905437260442
3.56,0.003619470138782388
3.58,0.005028891302914396
3.58,0.0032007997351027884
3.6,0.00446475857106321
3.6,0.0037547730360000253
3.6,0.004845106422067591
3.62,0.003751841275430823
3.62,0.003732438792120596
3.62,0.003592821826731152
3.62,0.0036248654259499746
3.64,0.004087625904429015
3.64,0.00445940352222296
3.66,0.003537952054641802
3.66,0.004059360381329036
3.68,0.0038145845366908127
3.68,0.0034697578783492444
3.68,0.005714438656692966
3.7,0.003777114859049191
3.7,0.003382048500033208
3.7,0.004680271223279631
3.74,0.00470259958132524
3.74,0.0038766021130811623
3.74,0.004398085047921052
3.74,0.00417673513843464
3.76,0.004658047561613032
3.76,0.003283349504863975
3.76,0.004456691875287189
3.8,0.007002937783169183
3.8,0.0033937736279108233
3.82,0.0044427759957478274
3.82,0.0042904840140539635
3.84,0.004944857071948028
3.84,0.004242238123099651
3.84,0.004650167619371981
3.84,0.003961419455367987
3.86,0.009942449370384354
3.86,0.005509653670859427
3.86,0.004434141800904845
3.86,0.007564432231023432
3.86,0.004819553190533843
3.86,0.004704640780233582
3.88,0.004007417906310762
3.88,0.0040917129315604095
3.88,0.004621921966908804
3.88,0.003085923699007176
3.9,0.0038702883843796387
3.9,0.0031081329234512456
3.92,0.00472187963694759
3.92,0.0045358989019231855
3.92,0.004254765524466797
3.92,0.00416642171877879
3.94,0.00482527998019644
3.94,0.002837932280167599
3.96,0.006101171979699949
3.98,0.003929422157965545
3.98,0.0039329825013133535
3.98,0.0037188452877081613
4.0,0.0036504025439272336
4.0,0.003991377491577963
4.0,0.004751817738260833
4.02,0.004858317673110402
4.02,0.005043123787576431
4.04,0.0033036479715645717
4.04,0.004204477300663201
4.06,0.0038502138052012302
4.06,0.00420503444180742
4.06,0.0038783567682786346
4.08,0.006733623332588423
4.08,0.003276021789870631
4.1,0.004226515095594352
4.1,0.0038437878148501747
4.12,0.0042958345427848155
4.14,0.006309070579196829
4.14,0.004844592519462565
4.14,0.004306319329124952
4.16,0.005369079245888808
4.16,0.0037089164523571583
4.16,0.0037617222125497785
4.18,0.0050179331464039745
4.2,0.004298384816943224
4.22,0.004103709402501821
4.24,0.004767828888127212
4.26,0.004391975220535582
4.26,0.004174293519819572
4.26,0.004200601200561649
4.28,0.0045150259106343515
4.28,0.0038579697078694464
4.3,0.0037837290986891814
4.32,0.004757825010995198
4.32,0.0049804954995543715
4.32,0.004467226975921168
4.36,0.003689883101250402
4.36,0.004175701443896562
4.36,0.007567567609138237
4.36,0.004743446642522353
4.38,0.003697810133168833
4.44,0.0039771894984668155
4.44,0.00361217085504717
4.44,0.0032672172272357747
4.44,0.004783863108257624
4.46,0.0068309804352859604
4.48,0.004128362383285955
4.5,0.004683236117482004
4.5,0.004293668574770426
4.5,0.00488187041689403
4.5,0.004762816973309825
4.52,0.008433081715740753
4.54,0.0041020078004692095
4.54,0.004126473220744775
4.54,0.0033481661713370414
4.54,0.004056294539563243
4.56,0.003856506248468783
4.58,0.00456432541815599
4.6,0.004127954060518246
4.62,0.0046353631516163896
4.62,0.00457990884334436
4.64,0.004296481429270638
4.64,0.005432538054607972
4.64,0.0027141032472334237
4.64,0.0033616445750580537
4.66,0.009677528650276046
4.68,0.006400165234261013
4.68,0.0038363535757456324
4.7,0.007726530953976796
4.72,0.0038732075607027516
4.74,0.005882105331249776
4.74,0.003616793231689397
4.74,0.004290701356622018
4.74,0.005027907995660774
4.76,0.0045280628296388015
4.76,0.0037763305781252088
4.76,0.0036141958772152316
4.78,0.005154638145272394
4.78,0.0038365153866749546
4.78,0.0025846682714035785
4.8,0.004266962985661205
4.82,0.004423454901375967
4.82,0.0038108880377324406
4.82,0.00418109229245045
4.84,0.004779133390164447
4.84,0.004495375191807649
4.86,0.003567779039785446
4.88,0.004496018476647046
4.9,0.003874034962159767
4.92,0.004056901778533795
4.92,0.0051089388769601785
4.96,0.0036994443176211478
4.96,0.0038265936288599534
4.98,0.008720122166305577
4.98,0.004610621187679409
4.98,0.005135437786668362
5.0,0.0039593073729615735
5.0,0.003478051083654621
5.0,0.004129215386435625
5.0,0.007520927429582436
5.04,0.0033597497411411714
5.04,0.004152401353561985
5.06,0.004047205661539821
5.06,0.003492673831552162
5.08,0.004695383004618581
5.08,0.00498707184774505
5.08,0.003795580990465619
5.12,0.003473238613234453
5.14,0.00844509042033259
5.14,0.003444324626225237
5.14,0.005497575904124807
5.14,0.003212523865728234
5.18,0.0054918575069056175
5.22,0.003782704435166373
5.22,0.004316675371411227
5.22,0.0045314083225087565
5.26,0.004559623788611633
5.26,0.003299840484388805
5.26,0.002718100948032376
5.3,0.003929767025406372
5.3,0.004456327249979797
5.3,0.004280477320267817
5.32,0.00389307140084183
5.34,0.0036149229844455455
5.34,0.0036235042389549665
5.36,0.00413476415124836
5.36,0.004025279400612369
5.36,0.003999994004081575
5.38,0.0060300125350534195
5.38,0.004322642821928957
5.38,0.0033852191654871744
5.4,0.003780633501055952
5.4,0.003809159016419983
5.42,0.005888250554969998
5.42,0.003601049902651199
5.44,0.004453643966854215
5.44,0.0036689134301975956
5.46,0.00407017917154795
5.46,0.0043060112159197805
5.46,0.0044526557524984245
5.48,0.008328479048657966
5.48,0.005078239021077402
5.48,0.00461275129442662
5.48,0.002296076817966397
5.5,0.0041986734804911885
5.5,0.0033502619743458473
5.52,0.003750054463513397
5.54,0.004810079374359177
5.56,0.005092770348993247
5.6,0.004656384838810368
5.6,0.0034237424747277645
5.6,0.005470224121846834
5.62,0.004878284569121205
5.62,0.004156798455599242
5.64,0.004306207661305961
5.66,0.00364040054069803
5.66,0.003754860383087033
5.66,0.0034999459342826
5.7,0.0035176645506274085
5.72,0.004009821362446764
5.72,0.004436721634523355
5.74,0.006758847226070452
5.76,0.003752631296759623
5.76,0.004077775240118431
5.76,0.0038704853417975693
5.78,0.004376308956443031
5.8,0.004375371309744414
5.82,0.005134698133948401
5.82,0.005793998678379153
5.82,0.0034163215098967914
5.82,0.005082619854009041
5.84,0.0032377319789947956
5.84,0.00381428124824279
5.84,0.0035175197953719595
5.86,0.004237115872876007
5.86,0.00479210238605321
5.88,0.0056847809983714415
5.9,0.0035258237187163477
5.92,0.011222016537069224
5.96,0.004140935114937183
5.96,0.004391798196643815
5.98,0.005210574389913236
5.98,0.0036876634456235458
6.0,0.0029289706501691715
6.0,0.004682184490070185
6.0,0.0036751655780959958
6.02,0.005411510976038425
6.02,0.006000660044224948
6.06,0.0032017903849476115
6.08,0.004330713270874975
6.1,0.003662853810854405
6.12,0.004158453941180418
6.14,0.01047540845199657
6.14,0.0033158960917869518
6.14,0.0037461523589680246
6.16,0.004188836295875631
6.16,0.003381891943055604
6.18,0.00713366525626058
6.18,0.003933783807359648
6.22,0.003821122608820837
6.24,0.003306244442100037
6.24,0.005852782655748179
6.26,0.0032639094520535705
6.26,0.007719398165452418
6.26,0.0035851402467540483
6.28,0.004299214064970802
6.28,0.0077756326332881764
6.28,0.004145727891108009
6.3,0.004420710901619218
6.3,0.003003186820660031
6.32,0.004575474894398024
6.32,0.004280006493825206
6.32,0.0032780611473861576
6.32,0.005364116539545827
6.34,0.004531284841159389
6.36,0.0042220313666168074
6.36,0.0035748614740301887
6.38,0.0054588172484547615
6.38,0.00403417065002043
6.4,0.004346705291119579
6.4,0.0038144549533517536
6.4,0.004103525859104562
6.4,0.003934638522348766
6.42,0.002612679266324358
6.44,0.0027718688699811533
6.46,0.0037784860712736235
6.48,0.0038300693955658494
6.48,0.003875202868505623
6.5,0.003948375296304207
6.5,0.0031781365736369693
6.52,0.004367540826096361
6.52,0.003320391881988405
6.52,0.0047817502391968025
6.52,0.0036161856922112268
6.54,0.003941555784140793
6.54,0.0037795359440664367
6.56,0.003968819938695023
6.56,0.0038071743943668412
6.56,0.006405805230185968
6.58,0.0037771210861575755
6.62,0.0038917696583740113
6.62,0.004933593756262011
6.62,0.0037386102771513885
6.64,0.004395198282566182
6.66,0.004123494323239996
6.66,0.004692511238993946
6.66,0.003390007630316827
6.66,0.0036766701570559723
6.68,0.00467695016694003
6.68,0.00424164464384158
6.7,0.003977970327990854
6.72,0.004590174725710439
6.72,0.004359941972865156
6.74,0.00642430962434315
6.76,0.004018019687925589
6.76,0.004159790797044205
6.78,0.00844574001747922
6.78,0.0037760979635116376
6.78,0.004513417580690349
6.78,0.004246238418108006
6.8,0.004446666026375001
6.8,0.004541807323688363
6.8,0.004341217940951769
6.82,0.003122594862537631
6.82,0.004267972713507651
6.82,0.004104955418584577
6.84,0.003462738465300985
6.84,0.0036634123147791797
6.84,0.002910308390854377
6.86,0.0035760697248692352
6.88,0.0028491769320290183
6.9,0.00418034424438285
6.9,0.0034937863584584283
6.9,0.0038912917187770013
6.92,0.004659205221530183
6.92,0.0033259455859904197
6.92,0.004489687644349205
6.94,0.004033103561002838
6.94,0.00428854719801719
6.96,0.004200370465324843
6.98,0.004471115395802028
7.0,0.021238415308549752
7.0,0.003995080208054946
7.02,0.0034095387154772228
7.04,0.004784689248999996
7.06,0.0042626334625948115
7.08,0.0037471488709232004
7.08,0.0032740200207528325
7.1,0.004626232985803558
7.12,0.0044415211273686195
7.12,0.005816086133620835
7.14,0.003933418993190441
7.14,0.0037627306530292337
7.16,0.00544799513672245
7.16,0.0039016142078808214
7.18,0.007468278647949189
7.18,0.007482926660616007
7.22,0.005111924589834782
7.22,0.003972745020412005
7.26,0.003943879034894016
7.26,0.004466748101063622
7.26,0.006440474424531217
7.26,0.0030905399474704387
7.28,0.006915259085090386
7.28,0.003078671440059577
7.28,0.003953304741233232
7.3,0.0035294211008671805
7.32,0.006413305253417989
7.32,0.0032635104586196118
7.32,0.004100015654097011
7.34,0.005055936766451552
7.34,0.003792467032638025
7.34,0.004481816157848817
7.36,0.004290887224634776
7.38,0.006828023185670773
7.38,0.0042072937359648455
7.4,0.0031316611003483485
7.4,0.00391769392627439
7.42,0.012320019066312415
7.42,0.0028359124229071497
7.42,0.005673001595295379
7.44,0.004427733951210433
7.44,0.00416567459778483
7.46,0.005051116041691173
7.46,0.003473051457897558
7.46,0.004487504204918835
7.46,0.0030774555600964204
7.46,0.0033439883120319758
7.48,0.0041635871028053995
7.48,0.003870654837017984
7.48,0.004430461833861199
7.5,0.003987006313330821
7.5,0.003277597238544372
7.5,0.003993363631796032
7.52,0.004277159376222417
7.54,0.003955810034153018
7.58,0.004166759814808851
7.58,0.0040748766351591525
7.6,0.0041885357492119635
7.62,0.004972305167317392
7.62,0.0033218520845236243
7.62,0.004223105252890824
7.62,0.004421756293556789
7.64,0.00330266189061601
7.66,0.004729559443267584
7.66,0.004121632830949018
7.68,0.00843506558480056
7.68,0.0044458796595892025
7.7,0.0034882172358340346
7.74,0.0038449511503744205
7.74,0.004315729804744151
7.76,0.004690074674856826
7.78,0.007697167908009006
7.78,0.004129702657252765
7.8,0.005430779864372015
7.8,0.0067488897901819556
7.84,0.0043634585248397695
7.84,0.004399658590236388
7.84,0.004716531615894803
7.86,0.003818224472509568
7.86,0.0038581296349083916
7.86,0.0059949358111843765
7.88,0.004090303735951983
7.88,0.004340220512358384
7.9,0.003252572363511841
7.9,0.00400915309459382
7.9,0.0042160205542911555
7.92,0.00406406091616085
7.92,0.0035856195109456035
7.94,0.004898931645989757
7.96,0.00423175135974696
7.96,0.003727325701614048
7.98,0.004393128026895177
7.98,0.0040401885678034155
7.98,0.003800076985816414
7.98,0.003792592339710632
8.02,0.004851672901464044
8.02,0.0030821704100424396
8.06,0.004042829131873371
8.06,0.007919583344241254
8.08,0.004407656879000799
8.08,0.004190363735675051
8.1,0.003562815678575415
8.1,0.003674342266800412
8.1,0.004157650229742349
8.1,0.00518792525595535
8.1,0.006001043028788788
8.12,0.004497757773182398
8.12,0.004213634801234822
8.18,0.0032346745856933756
8.2,0.006057330552610818
8.2,0.004002260000000812
8.2,0.004132969222412242
8.24,0.007245628846967445
8.24,0.003325298240627439
8.26,0.003914435285200635
8.26,0.003906353716630617
8.28,0.006949168005551232
8.3,0.00406585842149676
8.32,0.0050610098411864035
8.32,0.00613428931723381
8.34,0.003397227451543028
8.34,0.004300732214878034
8.34,0.004451927796433552
8.36,0.004165507015038372
8.36,0.003943680708320629
8.38,0.003974424930191178
8.4,0.004632985525049205
8.4,0.004809718960685383
8.4,0.005072065999241149
8.4,0.004240584565868399
8.42,0.003971462309049434
8.42,0.003621274320826817
8.44,0.0036150692820200447
8.48,0.007907414223392362
8.5,0.0038680638865483674
8.5,0.004306850796290451
8.52,0.003701476894602207
8.54,0.0041897281886188464
8.56,0.00465586127886175
8.56,0.003656487133384956
8.56,0.003824352408484777
8.58,0.004376204996045185
8.58,0.005771969771618424
8.6,0.004007641616254554
8.6,0.003188835541136359
8.62,0.0042096645536896515
8.62,0.004473182044824164
8.62,0.0039024495908107637
8.62,0.0035724540486967715
8.64,0.004341517187993582
8.64,0.004018766335905588
8.64,0.0056093584624336
8.64,0.004314569080940411
8.66,0.004489635686271032
8.66,0.0029738249969023522
8.66,0.004031572805371586
8.68,0.004248508925377981
8.68,0.004813719864410038
8.68,0.004503009505602451
8.7,0.0032807536815956384
8.7,0.0043776000026132245
8.74,0.003943367734023817
8.76,0.00624724588956338
8.76,0.0039834956550561795
8.78,0.003601229124345573
8.78,0.004685520777587215
8.8,0.004439322451262551
8.8,0.004205289130835177
8.8,0.004651295816978762
8.82,0.006580893260193843
8.82,0.004159640261613973
8.84,0.0033623464888627996
8.86,0.004544821607716409
8.88,0.0039380433681466265
8.88,0.003660553321920834
8.9,0.0038747497721973723
8.94,0.009137449159541178
8.94,0.004838369844210821
8.96,0.00444112058455759
8.98,0.005364060281529581
8.98,0.005741329818784391
9.0,0.0036604227929275535
9.02,0.004113082215074448
9.04,0.003910017205841609
9.04,0.0035560986164243635
9.04,0.0033696083803024246
9.04,0.004052355239074434
9.06,0.0041204791570848
9.06,0.004390060255247574
9.06,0.003905832688290811
9.08,0.006028072707909615
9.08,0.0038073973696604035
9.08,0.00391643046191037
9.1,0.004672956424314978
9.1,0.0034196071664015504
9.1,0.0047431781422020425
9.12,0.004795373226578747
9.12,0.0038625056504739685
9.18,0.0039037122788202483
9.18,0.003977676258356211
9.2,0.004667013973074452
9.2,0.003650850470739986
9.22,0.004655591940536219
9.24,0.004161419689226786
9.24,0.0037066703243822108
9.24,0.004464035827386192
9.24,0.0042151750300724045
9.24,0.004643130636908577
9.26,0.004126244273189972
9.26,0.00382681174838595
9.28,0.0034540678751215914
9.28,0.0031526568873839755
9.32,0.004351792638767171
9.32,0.004739529069054393
9.34,0.0037017414986125763
9.34,0.004302635991597636
9.34,0.0039109541325700325
9.34,0.0034220522899699457
9.34,0.004340358605104955
9.4,0.0035436593707032227
9.4,0.004027740039657446
9.4,0.004255923763969216
9.4,0.005075094754020348
9.42,0.004393928172288786
9.48,0.0035139907906082124
9.5,0.004504250295595202
9.5,0.004087335938657177
9.52,0.00418478887683682
9.52,0.0051137052505993985
9.52,0.004437518377068961
9.52,0.003242780625072439
9.54,0.00488399290134045
9.54,0.005380089200530791
9.56,0.003488893698990414
9.58,0.004747510970562807
9.58,0.003778961282190796
9.58,0.004241662417497238
9.6,0.00357540496537323
9.62,0.0037235682898824063
9.62,0.0037069168004899566
9.64,0.003809207508265411
9.64,0.003692217682638388
9.64,0.003702273612483986
9.64,0.003696123416100039
9.66,0.004208541517549236
9.66,0.007063173757065999
9.66,0.0029644277355621584
9.68,0.003147147411198814
9.7,0.003506048017618557
9.72,0.0033506180522053786
9.72,0.003772754534136169
9.74,0.004556956397596568
9.74,0.0038982986510556206
9.78,0.0037212888439281944
9.78,0.0045157469461681865
9.78,0.00826894918429999
9.78,0.004206222759714051
9.8,0.005358669256845583
9.8,0.004720694861042207
9.8,0.0036012189546728024
9.86,0.004104871779540775
9.86,0.004074738841764014
9.86,0.005150239596853012
9.88,0.004184183899590854
9.9,0.003946089106880435
9.9,0.0036737284494819944
9.9,0.003750512733942002
9.92,0.004080709126823567
9.92,0.0041720789599908326
9.94,0.0032867206139117755
9.96,0.005408312683661598
9.96,0.0030696234084578444
9.96,0.004432418077394806
9.98,0.006224439015865224
10.0,0.004231020398554608
10.02,0.0038266555920194456
10.02,0.0037152672429408007
10.02,0.005211436899034028
10.02,0.004720033656785971
10.04,0.003942456183519627
10.04,0.0032378849503912344
10.06,0.0043410036335344016
10.06,0.003703910893847251
10.06,0.003816234990748013
10.06,0.004324072512011612
10.06,0.005369745706645168
10.08,0.004113307056657245
10.1,0.003791735472118196
10.1,0.005934894387264356
10.1,0.004139287824232785
10.12,0.003657214685393817
10.14,0.004542046262914989
10.16,0.0036646773113911957
10.16,0.00513112192095555
10.16,0.003690749300009233
10.16,0.003939961811033621
10.18,0.0037322473415472013
10.2,0.005243821351041622
10.22,0.010198364968145968
10.22,0.004347506458786565
10.26,0.0037979964826555523
10.26,0.003123933958577574
10.26,0.0031228299172242346
10.26,0.00375678976108762
10.32,0.006428889820305761
10.32,0.0034353453729032424
10.34,0.003158453501988401
10.34,0.0039110742003364285
10.34,0.0042962690914776225
10.36,0.003728031231726825
10.38,0.003425573538458404
10.4,0.004377586891189611
10.44,0.0044344848268284
10.46,0.004076836868110778
10.46,0.004614967719852814
10.48,0.005215813640407352
10.48,0.0037216090545871827
10.48,0.003797681687002785
10.5,0.0037783559901132246
10.5,0.003923193637252798
10.5,0.004294168506480789
10.52,0.003143806057459786
10.52,0.003822788622166007
10.54,0.004439732638529814
10.54,0.003273328268550424
10.54,0.004248726392614421
10.56,0.0035104721209859857
10.56,0.0037688854692253804
10.58,0.004005769946412441
10.58,0.003951423931428555
10.6,0.003201840875284412
10.6,0.00426603137774495
10.6,0.003587998931806391
10.64,0.0036235416281034105
10.64,0.005031534383452052
10.64,0.003938391457365631
10.64,0.004450220455137988
10.66,0.002677781004985169
10.68,0.004413391681381551
10.7,0.0036964867429951642
10.72,0.0035682082648870184
10.72,0.004453602319956618
10.72,0.0037112439621935778
10.72,0.0041310205201203765
10.72,0.0034098569483476115
10.76,0.00695040098225963
10.76,0.0032378808889284016
10.76,0.0033376964876059567
10.76,0.004582373086208791
10.78,0.0063760813375384195
10.78,0.004109150055510047
10.8,0.004571483255401576
10.8,0.003956546290514784
10.82,0.0036332672431700352
10.82,0.0038155710098591866
10.82,0.004153280939014792
10.82,0.004020836253386784
10.86,0.0036314147353802007
10.88,0.004324955593766777
10.88,0.004448358525013241
10.9,0.0043952761546376395
10.9,0.005190058022478183
10.9,0.004582160155340631
10.9,0.004480271293131222
10.9,0.0047264293986007955
10.9,0.004435219042069449
10.9,0.004172602941887593
10.9,0.004346936039347549
10.92,0.00434690794727044
10.92,0.004171496143179243
10.92,0.004555171390417834
10.92,0.0037982778269908257
10.94,0.0040174788986098164
10.94,0.004567158532667426
10.96,0.004003301559907579
10.96,0.00406897165016995
10.96,0.003428201396679209
10.96,0.005646906602803203
10.98,0.004245519984762747
11.0,0.0037704276098812217
11.04,0.0033193717319209837
11.04,0.0036520420668836318
11.04,0.00407722401752364
11.06,0.0037169761646967947
11.06,0.002997741221863248
11.08,0.003723904140624179
11.08,0.0036712570136083755
11.1,0.00419327318781737
11.1,0.0036537061953644256
11.12,0.004748468102296455
11.12,0.0030801027212014054
11.14,0.004202912369340561
11.14,0.0034687313413783727
11.14,0.004438760659537411
11.16,0.003207424386524438
11.16,0.004373696640846192
11.16,0.006328970269377954
11.18,0.0034842207632903577
11.18,0.004207588842071619
11.18,0.004334323384238448
11.2,0.0063662621705573574
11.22,0.003605329951592351
11.22,0.004099121989305399
11.22,0.0061323389085927715
11.24,0.004390384394017954
11.26,0.0037201357930719547
11.26,0.004120093014517989
11.28,0.004408080915900614
11.28,0.004311470508245985
11.3,0.003920291218553196
11.3,0.003308483284427566
11.32,0.004021931365308817
11.32,0.0034043323107874057
11.32,0.0045190492734648036
11.32,0.003993254360238452
11.32,0.003914516673376833
11.34,0.004005056060608414
11.34,0.005142780319030815
11.34,0.003328805293922432
11.36,0.0037685619915731605
11.38,0.00507222224530357
11.38,0.003668102258060024
11.42,0.00307189371447536
11.42,0.0038621398648563954
11.44,0.004303221676687619
11.44,0.004176414243242443
11.46,0.002848673605019947
11.46,0.004482624972087179
11.48,0.003631156970845595
11.48,0.004441695199541629
11.5,0.004365142909637965
11.54,0.0036301522101638284
11.54,0.0036699806940303503
11.54,0.003917853464716403
11.54,0.0033776217359161587
11.56,0.004275732334828031
11.58,0.003932530074450047
11.58,0.004295080145540364
11.58,0.0045744841410636505
11.58,0.004399107845181605
11.6,0.005275338154600573
11.62,0.003401827497763188
11.64,0.005292540402869639
11.64,0.004128851300061243
11.64,0.004677171815554604
11.66,0.003654438776541591
11.66,0.0033549720170106268
11.68,0.0035145152847030348
11.68,0.0035429172637904127
11.7,0.0045124471376399855
11.72,0.0042496876681408224
11.72,0.004785403650436226
11.72,0.0034541993791136205
11.72,0.0034641870202527514
11.72,0.0049000362343355475
11.74,0.0045423880465531585
11.74,0.0037959130160047927
11.74,0.0033377989450807943
11.74,0.00464375697370123
11.76,0.0030802946433295952
11.78,0.0039960358573991606
11.78,0.004055042973100775
11.82,0.0038914448655266165
11.82,0.0039022498883648504
11.82,0.0047810155466395665
11.82,0.003591880948698556
11.84,0.007889534968965384
11.86,0.004436173027324575
11.86,0.0032408785324612444
11.88,0.00467489113769437
11.88,0.003998391683666558
11.88,0.0037177508297303596
11.88,0.00490638498282725
11.9,0.004723689300433986
11.92,0.004116185540914197
11.92,0.004148224290888791
11.92,0.0038091541162258435
11.94,0.009665156691552768
11.94,0.004356826529796964
11.96,0.004657800654733646
12.04,0.004765483543711757
12.04,0.003758481673835634
12.08,0.0028515800024282445
12.1,0.00450723758053162
12.1,0.004371636450106187
12.12,0.00389584365712925
12.14,0.0041165423804288
12.14,0.0035625599401005736
12.14,0.004989549729602416
12.16,0.004314315956693182
12.16,0.0035896810850459815
12.16,0.004007600547952794
12.22,0.0037162360378427683
12.28,0.004985138357875174
12.28,0.004119061345519204
12.3,0.005186687097642029
12.32,0.005593254244530832
12.32,0.0036046973133145865
12.32,0.005017478720573232
12.32,0.004583612045171215
12.34,0.003757624593469955
12.36,0.007644773785857151
12.38,0.0035528866516564284
12.38,0.00460317860255921
12.4,0.004291231183033983
12.4,0.004364654936130363
12.4,0.0036907589017751707
12.4,0.0045123771191447615
12.42,0.004865940437378424
12.44,0.003414676237515568
12.44,0.00443162170494138
12.44,0.004002211289981794
12.44,0.0037756316520030087
12.46,0.0043442587897856155
12.46,0.0036483814779519896
12.46,0.004631124316211044
12.48,0.005221669668383555
12.48,0.0048960148537016135
12.48,0.004533979929171594
12.5,0.0037638776350655823
12.5,0.0047778826146416264
12.52,0.003611594283797648
12.54,0.0027143417725340457
12.54,0.005977758566724223
12.56,0.004889149861214803
12.56,0.003258842976836429
12.56,0.004397839646050228
12.56,0.003971352314545595
12.58,0.004467117682605215
12.6,0.0045056056636876285
12.6,0.003365911076409822
12.6,0.004448048082159151
12.6,0.004457906220256769
12.62,0.004671380135209624
12.64,0.0043832458810931785
12.64,0.004849916483047556
12.64,0.0038019769298653916
12.66,0.016982073643597162
12.66,0.006552005033849562
12.68,0.003857445291770789
12.68,0.005305104341556399
12.7,0.005619224021954361
12.7,0.0036179830426745774
12.72,0.005487431183293756
12.74,0.006086357072062176
12.74,0.008020226451438184
12.76,0.003978828829242387
12.78,0.0034921888077136254
12.8,0.0029210462988652486
12.8,0.005272845577974028
12.82,0.0057101476546368435
12.84,0.004927222298442002
12.84,0.003734168130690829
12.86,0.004080127576461812
12.86,0.0038365450937344336
12.88,0.00520974765481963
12.88,0.003289699113901201
12.9,0.003618259106278776
12.92,0.005034940591150949
12.92,0.0036775927419340215
12.94,0.00381360378531459
12.94,0.0051752641002758
12.96,0.0036692018151207595
12.98,0.00374654098563576
12.98,0.003840854449965958
12.98,0.006275248450007043
12.98,0.005310159615915633
12.98,0.0033760808735635583
12.98,0.0037078855454719672
12.98,0.00363171910189497
13.02,0.0078027511347620315
13.02,0.004428443644798552
13.04,0.004453516186952999
13.06,0.00478060416755044
13.08,0.004568234696085249
13.08,0.003649223582161576
13.08,0.00399793264291759
13.08,0.0035366107984623474
13.1,0.0037466111141130076
13.12,0.0034892123127872043
13.12,0.003607789548688567
13.14,0.0034435778310734078
13.16,0.003709564126060383
13.16,0.003101891056429995
13.2,0.0039432935417371695
13.2,0.003984601233857243
13.2,0.0041024835029693785
13.2,0.004217145431256619
13.22,0.003786973007182004
13.24,0.004318216822254972
13.26,0.007061015839120444
13.26,0.0038529902751379685
13.28,0.0032605178964257853
13.32,0.003762414644731149
13.32,0.004960081323067578
13.34,0.008446042687873967
13.34,0.0038846160723567946
13.34,0.003485701124696816
13.34,0.00418510145192541
13.36,0.0036959716159612466
13.36,0.0062130359633337795
13.36,0.0040027632313648365
13.36,0.003568803264723641
13.36,0.0057785346384156
13.36,0.0042082654428812205
13.38,0.006038079488943193
13.38,0.003907325096341618
13.4,0.003755094161204786
13.4,0.0033405252239223637
13.4,0.004545695642841241
13.4,0.003921722292330787
13.44,0.004203858421083395
13.44,0.00346824662284817
13.46,0.0071596413220096355
13.46,0.004814674251592432
13.48,0.004506473794546384
13.5,0.004392436047964243
13.52,0.006164583429677628
13.52,0.003959486364847775
13.54,0.003602772421618994
13.56,0.006177201105809993
13.58,0.004912032626278373
13.58,0.0045977181036716
13.58,0.004011880740154239
13.66,0.0041182464228212146
13.66,0.00408087556746084
13.68,0.003594981520711804
13.7,0.004051075058515652
13.7,0.005043677700852234
13.7,0.0034606192667075986
13.74,0.006818967483042004
13.74,0.003876306261729412
13.74,0.00330410754211119
13.76,0.004299483011260041
13.76,0.004165425566800551
13.76,0.004358216998321174
13.76,0.004450313423388641
13.8,0.004025083652434369
13.8,0.003649641441494045
13.8,0.004746144156287602
13.82,0.004084164075545238
13.82,0.003148392580699211
13.82,0.0036745694256580252
13.84,0.004400905113890574
13.84,0.0036239807385024525
13.84,0.0036689998958744363
13.86,0.0038587960739647764
13.88,0.003115179537061974
13.88,0.004701373773514761
13.9,0.004225062254049172
13.92,0.003169170457358761
13.92,0.0033082042308260062
13.92,0.005256610598283196
13.94,0.003337694807334368
13.94,0.004060862630160811
13.96,0.004155510847777211
13.96,0.003774286767447399
13.96,0.0030148101969611485
14.0,0.005320824118125178
14.02,0.00521138157106138
14.02,0.004352557807859592
14.02,0.006184936738506397
14.02,0.0036848687209023456
14.04,0.0037244688296500517
14.06,0.004094012104160383
14.06,0.004195224982380452
14.08,0.00396248428487922
14.08,0.003707235607972814
14.1,0.004041060894855231
14.1,0.006871992625945844
14.1,0.003951214981559037
14.12,0.004763496749491836
14.12,0.006846558136906378
14.14,0.0040902520917551755
14.14,0.004180202056048965
14.16,0.0042983917983188125
14.16,0.004313356745408559
14.16,0.004167369952635003
14.18,0.0037118068592831843
14.18,0.00897482498321378
14.18,0.0033888550663470074
14.18,0.0038119030515868513
14.2,0.0038196850919234304
14.2,0.004015574912565545
14.2,0.003457322621076786
14.22,0.004317484684492778
14.22,0.004034350299758405
14.24,0.003287207316829188
14.26,0.007581976910590815
14.26,0.003206309589126377
14.28,0.005085221813673435
14.28,0.004128836693290006
14.3,0.003757825534807968
14.3,0.004304289974493392
14.32,0.004342145059437419
14.32,0.004827966810966977
14.34,0.003138780095690352
14.34,0.0036571106894855987
14.34,0.003320652559613557
14.38,0.003711273643352442
14.38,0.0039850152928812
14.4,0.0043022096340228355
14.4,0.004359573582737641
14.4,0.00476681196265083
14.4,0.0038748464350549794
14.42,0.004233824483003246
14.42,0.004387627281746798
14.44,0.005086002182302818
14.46,0.00753781137591325
14.46,0.0040153619318243905
14.46,0.005071937483054789
14.46,0.004940661428847193
14.46,0.00481521628955317
14.5,0.0037096154182095775
14.5,0.003825015963993761
14.52,0.004474288821109562
14.52,0.004593132512530351
14.52,0.0038140681105868213
14.54,0.004086432780583404
14.56,0.004179935231485632
14.56,0.003394563597987177
14.56,0.0065730322290907806
14.58,0.005080682085767396
14.58,0.00393378947740064
14.6,0.00433154674245817
14.6,0.004573101291704629
14.62,0.004317431115750225
14.68,0.005783074542147215
14.7,0.006712560817366597
14.72,0.003980519238895197
14.74,0.003531490827446415
14.74,0.003723008018818197
14.78,0.004028561369678774
14.8,0.0034935015173287454
14.82,0.003571491390494397
14.82,0.004028960379876434
14.82,0.004162602545476846
14.82,0.0033303199224108404
14.82,0.004552183297693579
14.86,0.004441512677684778
14.88,0.004081822953375225
14.92,0.006998648466993385
14.92,0.003026988104467554
14.94,0.004039453930789638
14.96,0.004555233837549966
15.0,0.005603103618245786
15.02,0.004305699275386821
15.02,0.003928072333379995
15.04,0.0034434035733947876
15.06,0.004359528581502015
15.08,0.003971962784133809
15.08,0.0043521122856784444
15.08,0.005143016983634396
15.08,0.0033654189063535567
15.1,0.0047143302884555816
15.1,0.0037900164225431743
15.12,0.0047844899953177755
15.12,0.003790610302079611
15.14,0.002528324455632003
15.14,0.004110655961837795
15.14,0.004279062243896181
15.16,0.003754765520215586
15.18,0.008455047867947152
15.18,0.0036910938301571994
15.18,0.0036379665940029504
15.18,0.003368881369906207
15.18,0.0036277171971743627
15.2,0.007306950589695549
15.2,0.003991794042290775
15.24,0.003365222051995409
15.24,0.004539297573127654
15.26,0.004764270199297593
15.28,0.010216731638804766
15.28,0.004043050118771152
15.28,0.0044156001723469895
15.28,0.004394639907364439
15.28,0.004433293476939548
15.3,0.006460783722407215
15.3,0.003791674616476448
15.3,0.0037195303803425617
15.32,0.004118127431182228
15.34,0.004327757218236639
15.36,0.0041907471083507675
15.4,0.004016390097758005
15.4,0.0038674905787612346
15.4,0.004837488660554445
15.44,0.003994125342479227
15.44,0.0040132313691709776
15.46,0.004321361362791154
15.46,0.0054207294532016
15.46,0.004047493245807554
15.46,0.0044934812064447716
15.48,0.004326361902983966
15.48,0.0038378540854984156
15.5,0.004505643755371436
15.52,0.005429536096251963
15.52,0.004228749656433051
15.56,0.00428179154465802
15.56,0.0032346329662690243
15.56,0.00403968444043501
15.58,0.004603078797716376
15.6,0.0036075005243542124
15.6,0.0031400449674712227
15.6,0.00248909614372117
15.62,0.0033729345192827775
15.66,0.0033400866532159457
15.66,0.008288184101347351
15.66,0.004438624720536799
15.68,0.0037362068857046404
15.68,0.0040575210790317895
15.7,0.004248376496202577
15.7,0.005185410009478364
15.72,0.004438202361282451
15.74,0.00385733602354299
15.76,0.004736534823215233
15.76,0.003326564439060209
15.76,0.004178768630514362
15.78,0.005433823406864824
15.78,0.004359503216088023
15.78,0.004250893988301807
15.78,0.003544301615611367
15.82,0.004102058708225553
15.82,0.0034545669335678264
15.86,0.0037980792992460266
15.9,0.0036820475628391858
15.9,0.003862597670016621
15.92,0.003384498249797585
15.92,0.0038094549844424064
15.94,0.0040833112453652065
15.94,0.0044227537063747935
15.96,0.004145217488494168
15.98,0.004602847639166963
16.0,0.004406855253661579
16.04,0.005053151509524234
16.06,0.00392474692639877
16.06,0.004083461578751613
16.08,0.004226967729250797
16.1,0.00800240387417639
16.1,0.004631293522398772
16.1,0.003220063972625198
16.12,0.0038007853784830514
16.12,0.0032199924798815838
16.14,0.004222795479734032
16.14,0.0033520396176521805
16.18,0.004391220239428839
16.18,0.004884459277860409
16.2,0.007566407447415768
16.2,0.0038755282363336363
16.22,0.004044986094255187
16.24,0.004283915691099205
16.24,0.004156330739749969
16.26,0.005689198182636024
16.26,0.006680787865223969
16.28,0.003224065157122036
16.28,0.008147335784759235
16.3,0.004502535197856816
16.32,0.006553358059083192
16.32,0.0037579980369869537
16.32,0.003599278122060956
16.32,0.004028080665992584
16.34,0.004525475375291799
16.34,0.0030354336696691853
16.36,0.0038754004726854197
16.36,0.004130425503318991
16.42,0.0036813621126051688
16.42,0.004425715737163993
16.44,0.0029859852070326376
16.44,0.0031632012536148
16.46,0.004167289607125979
16.46,0.004198390287358578
16.46,0.0036864406396129867
16.48,0.004129754893579252
16.48,0.0026437535128341905
16.52,0.004034653128527577
16.54,0.0037185091606753984
16.54,0.002595823437579581
16.54,0.004368335671493195
16.56,0.00393176903052217
16.6,0.004293426754870211
16.6,0.0074072285069030075
16.6,0.0038262182274454437
16.6,0.003587155563054001
16.7,0.003098538803097628
16.7,0.004072117704057243
16.7,0.00320935150128443
16.72,0.0034599261470772413
16.72,0.004572241232110752
16.72,0.0035338529405162245
16.74,0.003912340172660844
16.76,0.003317712783667992
16.8,0.0040421504081732396
16.84,0.00404038685386876
16.84,0.003229011168583762
16.86,0.003986640194389546
16.88,0.004120816110690817
16.88,0.004195120493279969
16.88,0.003821865993158813
16.88,0.004104076620992769
16.9,0.005630782336392026
16.9,0.0038063319463231826
16.9,0.0038301455696020392
16.9,0.00602777769492957
16.92,0.005114287502873793
16.92,0.004055646289230386
16.92,0.0036809247004440104
16.94,0.004519133415036847
16.96,0.004769370305838794
17.06,0.003362722858866962
17.06,0.004255379173010776
17.08,0.0048956381540700145
17.08,0.003792872604543196
17.1,0.005351090889115562
17.1,0.003993639912433178
17.1,0.002665867833725355
17.1,0.003695962241990758
17.1,0.002817769381232571
17.12,0.004043575569885771
17.14,0.00416433406283645
17.14,0.004642042175766026
17.16,0.003812809260046013
17.16,0.004065384495426372
17.16,0.00453311638945042
17.16,0.005120011938521407
17.16,0.00831576225513575
17.18,0.006775768806995375
17.18,0.004665579671588427
17.18,0.004341014622616379
17.2,0.004827632460299602
17.2,0.0037784795233234414
17.2,0.004137778957933991
17.22,0.003146588276973561
17.22,0.0049224899186636195
17.22,0.003548186573118839
17.22,0.005302370483349028
17.26,0.010520434447205185
17.26,0.003353979391790829
17.26,0.003935334978777627
17.26,0.003538106280951192
17.28,0.0038709521818292014
17.28,0.003894603016027398
17.28,0.00393602413490779
17.28,0.003953096530989186
17.32,0.003964268614746969
17.32,0.007882383631158785
17.36,0.0038587553756923576
17.42,0.004421299425699576
17.42,0.0034771698730947653
17.42,0.0036081838909015618
17.42,0.0044451050713063545
17.44,0.0044462283342867615
17.46,0.004165822312156009
17.46,0.004080753245648161
17.46,0.004265020043488832
17.5,0.00427442957117985
17.5,0.004115081409384436
17.52,0.0035793858013567492
17.52,0.004321719564572835
17.52,0.0038759808532311535
17.54,0.00709533564073439
17.54,0.003643003777592635
17.56,0.004588070398971578
17.56,0.0037634397674813913
17.58,0.005852168819035608
17.58,0.004155897210026627
17.58,0.004401682089166359
17.6,0.0047128222012323695
17.6,0.004243632380355966
17.6,0.0037846381606427837
17.62,0.0045803796253883755
17.62,0.003585129803419629
17.62,0.002849744791472597
17.64,0.0033679804707583694
17.64,0.005233945389251593
17.68,0.004187462439478984
17.68,0.0054548050811071835
17.68,0.009865409303566053
17.68,0.004315851701386375
17.7,0.0030705735981193527
17.7,0.0037251414273800076
17.7,0.0032271552276710302
17.7,0.004902193533671051
17.72,0.003545858972306748
17.72,0.003271990738796582
17.72,0.00435885827070881
17.72,0.004391849412368809
17.74,0.005634879135747228
17.8,0.0054153273331107865
17.8,0.003510154035665236
17.8,0.004236897309026766
17.84,0.004392755239772228
17.84,0.0036732970034711876
17.86,0.0040477247169493635
17.86,0.003919811425798447
17.88,0.003978320473810415
17.88,0.004453183908916358
17.9,0.004290951082082217
17.9,0.003931773251754644
17.92,0.0055473615376056
17.92,0.004381348209226754
17.92,0.003911501396548389
17.92,0.004034137674063243
17.94,0.004490692866631174
17.94,0.004942623723948603
17.94,0.00435793906309323
17.96,0.003573189608499616
17.96,0.0035618160472647986
17.98,0.0044433442937571455
17.98,0.003881485821115249
17.98,0.0035222945762656277
17.98,0.004160891079972973
18.0,0.003570272920498052
18.02,0.0037317851270866065
18.04,0.003488909018745212
18.06,0.003739205323760819
18.08,0.0034817075290908273
18.1,0.0036052712540936005
18.1,0.0044654215907603545
18.1,0.0035543962058659506
18.14,0.003445075216193194
18.14,0.003812333144704416
18.16,0.0031000748675183987
18.18,0.004422834173103407
18.18,0.003376061358429827
18.18,0.0032074907729684465
18.18,0.004286587884726578
18.2,0.0036748179262962033
18.2,0.004584442506245234
18.22,0.00366777995240275
18.24,0.004025299751784006
18.26,0.004771242427082378
18.26,0.003868856515289565
18.28,0.0040660139803088136
18.28,0.0038988788547071884
18.3,0.0033869630236872394
18.3,0.0033993680439922125
18.3,0.007084402796890377
18.3,0.004614043544679647
18.3,0.0035009545361259775
18.3,0.004472426396476048
18.32,0.00551525236588879
18.34,0.004407696033892017
18.34,0.0036062243793676396
18.36,0.0033756606099916153
18.36,0.004949399299950419
18.38,0.0038895814216316493
18.38,0.0035702836683839667
18.38,0.0036616566381048044
18.4,0.003985421418491231
18.4,0.004275636141421235
18.4,0.004129328135622612
18.42,0.004366492106090414
18.46,0.004039377998555804
18.48,0.004872665379188401
18.48,0.00494402191527199
18.5,0.003932514576085566
18.5,0.0040367359999468055
18.52,0.0033262845327090007
18.52,0.003382739436851634
18.52,0.004519825637262609
18.54,0.004044596946016554
18.54,0.00503299989445638
18.54,0.0035880717532076334
18.62,0.003996428180506051
18.66,0.004323499276758347
18.66,0.0037604473240560043
18.66,0.0036273095621848217
18.66,0.004208023023317242
18.68,0.00470834141640919
18.68,0.008121936316832556
18.68,0.004153698423827179
18.68,0.004141286533359545
18.68,0.004095521367432853
18.68,0.003895412384771979
18.68,0.005790264491779773
18.72,0.0035403822480813973
18.74,0.0037699734401571705
18.74,0.0037564161782631666
18.74,0.004619424673106387
18.78,0.004146590411960416
18.78,0.003075047652375984
18.78,0.007333656968493973
18.8,0.005575828627589985
18.8,0.004066402761856214
18.8,0.003602457737865161
18.82,0.004123174968264642
18.84,0.003938363319939575
18.84,0.008824094205683974
18.84,0.0040860585047394204
18.86,0.0038407779541056453
18.88,0.009185170346178051
18.9,0.0045572260898467665
18.92,0.0033742793394432313
18.94,0.0035258173948712335
18.94,0.003901311988266043
18.94,0.004293431090318767
18.96,0.0036246562138716465
18.96,0.003683335801521581
18.98,0.004315679521094573
18.98,0.0037171919872678316
19.0,0.010993409541122157
19.04,0.0036127291071780254
19.06,0.004986457713379355
19.06,0.004144297711546785
19.08,0.005214910634773751
19.08,0.00423398445266121
19.12,0.004484493393342559
19.12,0.004320812424777221
19.12,0.003281729159949842
19.14,0.0032953276188127933
19.16,0.004137527193606827
19.18,0.004076514502542761
19.2,0.0044422316543824
19.2,0.003994501974669551
19.22,0.0037285440482444088
19.26,0.003532558928892815
19.28,0.005062562694692407
19.3,0.0025959259503656185
19.3,0.0038946652571552054
19.3,0.004059829472666587
19.32,0.003915876965335019
19.34,0.0043197605052334165
19.36,0.004770538956986203
19.38,0.003957865485868406
19.38,0.005691033946464974
19.4,0.0038293875106255593
19.42,0.009641124090091213
19.42,0.004342842724289975
19.44,0.0039557305725888
19.48,0.004285099726584418
19.48,0.0044275258983241805
19.48,0.004480028268058378
19.48,0.002841516759915619
19.5,0.005013292046735396
19.5,0.004221210181976409
19.52,0.0038124595606400247
19.52,0.003208091322967621
19.56,0.0037729261250017965
19.62,0.00694538554943358
19.62,0.0036060236213651953
19.62,0.003960110954973173
19.66,0.0044100452135124035
19.68,0.0030972599444162308
19.68,0.004856295991130799
19.7,0.008245464766675759
19.72,0.0049787742895536224
19.74,0.004015379421542953
19.74,0.00446746990521496
19.74,0.0036810517862420067
19.76,0.005215352666793183
19.78,0.0042213971352226265
19.78,0.004320660517800001
19.82,0.0044368329826920405
19.82,0.003970149236779186
19.86,0.004795630627521641
19.86,0.004698041792193242
19.88,0.0037715962095268285
19.9,0.004066034796350371
19.92,0.004029382217889177
19.92,0.004025096550298368
19.92,0.003603920464550381
19.92,0.004677795942128804
19.94,0.0042475221276709885
19.94,0.004203407748675225
19.96,0.004038126650556806
19.96,0.0035774973699695956
19.96,0.003986570739080819
19.98,0.0034068633662586167
19.98,0.004669868121853216
19.98,0.0030615384970243964
20.0,0.003981438577109198
20.02,0.004390672168873011
20.04,0.003378318202369779
20.04,0.003534550705894368
20.06,0.003789968197454807
20.08,0.003990245287732619
20.12,0.0036455060180348164
20.14,0.00419670654623161
20.14,0.004288463080148852
20.14,0.0027807497751337618
20.16,0.003403634836713576
20.18,0.0032822932070240007
20.18,0.004114159180252375
20.2,0.003559006490140848
20.2,0.004664129708379372
20.22,0.004516866161866195
20.22,0.005240643544275558
20.22,0.003015069344640353
20.24,0.004408546091121623
20.26,0.004124059329380425
20.28,0.0066263431588515775
20.28,0.0036706085310633796
20.28,0.004532435079285579
20.28,0.0035343683357628164
20.28,0.0041651802328022125
20.3,0.0032634438163675616
20.3,0.0034985974308787693
20.3,0.003762307057072367
20.32,0.004213548439231052
20.32,0.0036497872847649493
20.36,0.003505560046770828
20.38,0.004791141326274007
20.38,0.0042288273776254215
20.4,0.00420577530017896
20.4,0.004351266010502619
20.4,0.005643501551287233
20.44,0.0042164007268844506
20.46,0.005052265982765758
20.48,0.004264231154164855
20.5,0.003806309186154433
20.5,0.004052305093930397
20.5,0.0034199811583092155
20.52,0.004676064060033958
20.56,0.006881482005142381
20.58,0.008383967441094375
20.58,0.005409234228455184
20.58,0.0039045268681687784
20.6,0.0045335617990044375
20.6,0.004089804499259997
20.6,0.004417478709717648
20.6,0.004270755485669575
20.62,0.0036653835977226157
20.64,0.0028905002653859535
20.66,0.0037523094305710325
20.66,0.004067604489323973
20.68,0.004247646142070405
20.68,0.004883013471089437
20.7,0.004094992798467367
20.72,0.005025502703590812
20.72,0.0037905644405415995
20.74,0.003836840344288439
20.74,0.003740324103486792
20.76,0.0037777107645929897
20.76,0.004017417745225238
20.78,0.004418309864726799
20.8,0.004089469543762214
20.82,0.007764207780409982
20.84,0.005586704627667194
20.84,0.004514573849869197
20.84,0.004314843427429604
20.88,0.00590620057137603
20.88,0.004244114400256405
20.88,0.003991007446292993
20.88,0.004216126729377989
20.9,0.00980629521812959
20.9,0.005024697391488808
20.9,0.0037777303892612135
20.9,0.0037814869837645704
20.9,0.0032906267545900203
20.94,0.004463570773426184
20.96,0.010147852739019192
20.98,0.003966155112409608
20.98,0.0041987246204188144
21.0,0.003759350201739231
21.02,0.0046147824445608165
21.02,0.0038764203485007753
21.04,0.0043350840112453826
21.08,0.004018320432295219
21.08,0.003583341128117201
21.08,0.0036615491967412206
21.08,0.0036298068695318486
21.1,0.003613603360016593
21.12,0.007281455457419206
21.12,0.004028219955547252
21.12,0.004507364812417647
21.12,0.0036797270554413952
21.12,0.007765597501475652
21.14,0.004338188578350999
21.14,0.0040678965711256065
21.16,0.0032783634836436315
21.18,0.004203207319535607
21.18,0.00419114118885322
21.18,0.004397281370793205
21.2,0.0031735450311948243
21.22,0.0038690141133548295
21.22,0.0036207199639032295
21.22,0.006883014542263588
21.24,0.007781497545501614
21.24,0.0037920736753559448
21.24,0.004723178724682753
21.26,0.0037394145301500314
21.26,0.003545188451226422
21.28,0.003689594595764789
21.28,0.004288188754842381
21.3,0.004648179433364041
21.3,0.004291070394034424
21.3,0.004138993208347763
21.32,0.007800004293414764
21.32,0.004982014138309232
21.32,0.003978444207945353
21.34,0.007590417135946437
21.36,0.005450824797339826
21.36,0.006967988059773167
21.36,0.0039906418766287866
21.38,0.004118501113957396
21.38,0.004700759860584158
21.38,0.0037108668534060474
21.38,0.0036250415909303557
21.38,0.004530290506016166
21.38,0.0038370980799835586
21.42,0.0037243996820411907
21.44,0.004261802114131963
21.44,0.005180003946834155
21.44,0.0052897022194328125
21.46,0.0038408493639218166
21.46,0.009053040350836428
21.48,0.004273258878614183
21.5,0.003570358583982025
21.5,0.0040898057506100205
21.52,0.0039828087229427656
21.52,0.0034066965197008248
21.54,0.006128905462585044
21.56,0.0028299399983715556
21.56,0.0039639300868096194
21.58,0.004095327292953033
21.58,0.0042500775128103685
21.58,0.004300597457663202
21.6,0.004196364736359759
21.6,0.005447679878308187
21.6,0.0034377408658458064
21.6,0.003990081064900397
21.62,0.0047988792359303645
21.62,0.0035452148114097914
21.64,0.0052929858619436
21.66,0.0061548389265417836
21.66,0.0037827781541776018
21.66,0.003899588612007232
21.68,0.006092631310188001
21.68,0.004289113501321551
21.68,0.0034329288511552036
21.68,0.003107142273524377
21.7,0.008391467030335997
21.72,0.00320661401600264
21.76,0.0033146670674711887
21.76,0.0032870451931588107
21.78,0.003110438745518418
21.78,0.0036359459225115964
21.82,0.003340227266982576
21.82,0.0032744654319484257
21.84,0.0037401109822652323
21.84,0.004512872710942806
21.86,0.00382462765006919
21.86,0.004695776076716007
21.88,0.004214187962098381
21.88,0.003843637277641254
21.88,0.004227996483489593
21.9,0.004058494735954987
21.92,0.0036015309230199577
21.94,0.004031277879194439
21.94,0.0034122536681056026
21.96,0.008139322313547193
21.98,0.003872013651813999
21.98,0.0035241165602776237
22.0,0.013108957926337594
22.0,0.004472841221687562
22.0,0.0032171188681372476
22.02,0.0035911059569235793
22.06,0.003739414482404557
22.06,0.003964282840067446
22.08,0.007552209871142801
22.08,0.003615073737476826
22.08,0.00524433962889681
22.1,0.0045266572668472005
22.12,0.0040073973010131825
22.14,0.004065329264128836
22.14,0.002588623389332634
22.14,0.004359007571235973
22.16,0.0038780000399569747
22.18,0.0033989908448511796
22.18,0.00460533018445497
22.18,0.003626481233015233
22.18,0.004310696668913039
22.18,0.0056855426019836175
22.22,0.00405278346458704
22.26,0.004421653224885191
22.26,0.004404674016581178
22.28,0.00326221234892643
22.3,0.003927248322300403
22.3,0.003465540319833371
22.32,0.0048672242835368085
22.34,0.00401149164764758
22.34,0.004204193992476402
22.4,0.003897291741209785
22.4,0.005988776257157213
22.42,0.003624335832385972
22.44,0.0045574164135208095
22.44,0.00496507859436357
22.44,0.003911318510497974
22.46,0.004359668290592755
22.48,0.004819770571095949
22.48,0.003951893058854017
22.5,0.003794372916149813
22.52,0.005464920637117232
22.54,0.0040507176269803935
22.54,0.0040181976001257835
22.54,0.0038472571488665785
22.56,0.0035326593133707673
22.56,0.004278626463339208
22.58,0.003444474977989609
22.6,0.00378197124330637
22.62,0.002657321134800439
22.64,0.004764837167913982
22.66,0.003893362941050804
22.66,0.005207255096159158
22.66,0.0038170906960534046
22.66,0.0049097316503261546
22.66,0.013403569796122783
22.68,0.0038347770775931656
22.7,0.005561362330247177
22.7,0.003857060687496583
22.72,0.0038332173550680304
22.72,0.004143917222123816
22.74,0.0059439495284427935
22.74,0.00385256779721721
22.78,0.0038107475628833543
22.78,0.0036434087516992175
22.8,0.0036244332784494127
22.82,0.0046566837941631745
22.82,0.0038971030266206075
22.84,0.003676210863646001
22.88,0.004368850601891627
22.88,0.003849962292472364
22.9,0.0038171527963164475
22.92,0.003719696628935565
22.92,0.0032360883128391693
22.94,0.003510313629448425
22.96,0.004562254383330244
22.96,0.00392244238530437
23.0,0.004223989625107394
23.0,0.004066226545638818
23.04,0.0031970446345643833
23.06,0.006808843804285036
23.08,0.00435073063321556
23.08,0.0037338390541852284
23.08,0.004200952568524041
23.1,0.0034025627127312053
23.1,0.00405905845873078
23.14,0.00953565901117559
23.14,0.0041908068607315885
23.14,0.0037993442315605863
23.14,0.004440030856146415
23.14,0.0038781605719639956
23.14,0.004756133997374401
23.14,0.004928550545486243
23.14,0.003968405833596034
23.22,0.0037802215033827524
23.24,0.0031389402503412267
23.26,0.003502445420179967
23.26,0.00397248627718938
23.26,0.0031909476659364167
23.3,0.005414739250136025
23.3,0.0042978658853704
23.34,0.003370905809089164
23.36,0.0034871422946004538
23.38,0.0033650212696739734
23.38,0.0032385807370287623
23.4,0.004505303509090841
23.4,0.003272606554435953
23.4,0.003875814310728809
23.42,0.003770824255972749
23.42,0.004733761239461232
23.44,0.0033441628236520193
23.46,0.0035148078676974226
23.48,0.004911824921632557
23.48,0.003948520457585203
23.48,0.004450532232926796
23.54,0.003556151045873368
23.56,0.004767702698929233
23.56,0.003821831353480354
23.58,0.003396479695161214
23.58,0.003831866291202801
23.6,0.003827976012453993
23.6,0.004039043977096424
23.62,0.0031314151527316314
23.64,0.004378048569010806
23.7,0.004013571272197369
23.72,0.003954692867757181
23.78,0.00424203060453221
23.78,0.003846934113632794
23.8,0.004608368982623401
23.8,0.00392380815332205
23.8,0.0033202539026345734
23.8,0.003915998038215629
23.82,0.0037995165568691647
23.82,0.004047170712624615
23.84,0.004838155982874959
23.86,0.004944146296013252
23.86,0.0037189855978639885
23.86,0.003826226231797958
23.86,0.004387786453096232
23.88,0.0046112607085008195
23.9,0.003620871930174796
23.9,0.0037176365982601878
23.9,0.003272387026041601
23.94,0.003502013374923618
23.94,0.0041345559553723765
24.0,0.0040319136930110355
24.0,0.004552374105937229
24.02,0.004140343272617253
24.02,0.003614068846055196
24.02,0.0037985104636547584
24.04,0.004923457755199645
24.06,0.0039700642145139575
24.06,0.004599824439358358
24.08,0.004057445616592048
24.08,0.008974978965701208
24.1,0.0038200705743259844
24.1,0.004217957767513436
24.14,0.007434671784758762
24.14,0.005278106657684023
24.14,0.0036441920959772167
24.16,0.004403681677122573
24.16,0.003996731204970794
24.16,0.0038205169938310135
24.2,0.004600952985578055
24.22,0.004490952517192004
24.22,0.0038079509618700325
24.24,0.0036487868507496524
24.24,0.004630747289915194
24.24,0.0033848759417366425
24.26,0.0040462070308520115
24.28,0.003631464422173991
24.28,0.0034690613870363984
24.28,0.003670113909681416
24.28,0.003453282660463186
24.3,0.004264865019396158
24.32,0.0034541670395875634
24.32,0.004566046243500987
24.36,0.004086974112631592
24.38,0.007601670130802818
24.38,0.0037554290350649833
24.4,0.004190471812189234
24.44,0.017724865188724404
24.44,0.004458112534283187
24.46,0.004361794860033963
24.46,0.003699336081993798
24.48,0.003617426234362453
24.48,0.004045755153017971
24.52,0.003971969482068793
24.52,0.004579329291331979
24.54,0.005059860579262443
24.54,0.003951976480252806
24.56,0.003671985589330018
24.58,0.008115606378623963
24.58,0.004800269457250761
24.6,0.0036864066060635636
24.62,0.00427220644114279
24.64,0.00479324752372523
24.64,0.003645452905034041
24.68,0.004194556744196554
24.68,0.00413794356175845
24.68,0.0034754289496727875
24.68,0.003956593289722421
24.72,0.0040281679338584064
24.74,0.0043907901596638155
24.74,0.003586970620555019
24.74,0.004125226238326007
24.74,0.0044517064973391696
24.74,0.005195827680416376
24.76,0.00316782011836525
24.76,0.004444141031741955
24.76,0.003907128860567988
24.76,0.004044573655183181
24.76,0.004440010664876426
24.78,0.007756635266706002
24.8,0.004098069450888198
24.8,0.0038731411151288198
24.82,0.004547975737962839
24.82,0.004263561515175152
24.82,0.00370326576165958
24.84,0.0038130336614955462
24.84,0.004063197848548361
24.86,0.0047589920495639815
24.88,0.0032959031986348197
24.88,0.0043389602281366235
24.92,0.0045179571139404295
24.92,0.00312696731460238
24.94,0.0036371474063847664
24.96,0.0035630372066529636
24.98,0.003600980073740212
24.98,0.0037863522846219855
25.02,0.004710589720251845
25.02,0.0038566062788951694
25.02,0.003910587027807222
25.04,0.004568373165229955
25.04,0.0041595134098979525
25.06,0.004300765490422576
25.06,0.003649513772984392
25.12,0.007663752247841771
25.12,0.004245652611313155
25.14,0.0037367609876511887
25.14,0.004101857751128368
25.14,0.002939821804434639
25.2,0.007430424639500055
25.2,0.004886675866138224
25.2,0.007478074661899647
25.22,0.0053982803167570426
25.26,0.005186889049316412
25.26,0.005055844690800448
25.28,0.004462284158846641
25.3,0.007476034000137188
25.34,0.004403453598047391
25.34,0.004055786372912373
25.36,0.00405845046770803
25.36,0.003433728199533581
25.36,0.0054869835118912524
25.38,0.004420887577275989
25.4,0.004073834250034825
25.42,0.0038285203415168167
25.42,0.00458240784705799
25.42,0.003603658538583576
25.44,0.00411827284928501
25.46,0.0042805130685855675
25.46,0.004798657639663806
25.46,0.003915344534244802
25.48,0.003307406547824021
25.52,0.003997154036766815
25.52,0.003088557344819387
25.54,0.004639553527046036
25.54,0.004544912065758022
25.54,0.004793903329792015
25.54,0.004482315403424808
25.56,0.004278629953380797
25.56,0.0039520426031594
25.56,0.003312692083479618
25.6,0.0036407425023572415
25.6,0.01098693598246736
25.62,0.023029844059037963
25.68,0.003916810932596215
25.68,0.003912798875833179
25.7,0.004312054231887963
25.7,0.003929311100628774
25.7,0.003221363048126369
25.72,0.002934804384466805
25.72,0.004662620217878
25.72,0.004050532100603577
25.74,0.002932445249589355
25.74,0.004079345150356795
25.74,0.00426783588061963
25.78,0.00407236472735939
25.78,0.004534089479351411
25.84,0.0036688932671999908
25.84,0.0035421720443540305
25.86,0.0034994858689484376
25.86,0.007545626459268817
25.86,0.004431033918456784
25.86,0.005371196944413015
25.88,0.0061423198519166
25.88,0.0038139905330609736
25.9,0.004636288986014758
25.9,0.0038102489938227624
25.92,0.006325004863949157
25.94,0.004136783187261184
25.94,0.004032884389161384
25.94,0.004152212153571422
25.96,0.0034851854562180096
25.96,0.004843917998658798
25.96,0.0037057450138096026
25.96,0.003331935721566759
25.98,0.003737946578875606
26.0,0.004007533661856799
26.0,0.00668284255817142
26.0,0.004303758356725584
26.02,0.004424358491102787
26.02,0.005587090950047613
26.02,0.003720067922437953
26.02,0.004740107041717789
26.06,0.004112544213609182
26.06,0.003793205243119213
26.06,0.0036191825917577525
26.06,0.0032048806370683636
26.08,0.004100175490368785
26.1,0.003911568255815401
26.1,0.004446360610025568
26.12,0.00832828308953637
26.14,0.003922481840011649
26.14,0.0037750367959785702
26.16,0.003554992221626363
26.18,0.0041135820275486346
26.2,0.005165557783780805
26.2,0.0037871714039672266
26.22,0.0038234133789103453
26.22,0.004841892390768376
26.22,0.004314120252556397
26.24,0.005359511177492449
26.24,0.0038393232686392276
26.24,0.005440263772069631
26.28,0.004058843080480434
26.28,0.0032796153237135695
26.28,0.004393457947745039
26.3,0.0038186114913175695
26.32,0.004476326707109957
26.32,0.004132537539790038
26.34,0.006406145996180834
26.34,0.004292255398703149
26.34,0.003916524476084038
26.34,0.004021644854690809
26.36,0.004804029937264032
26.38,0.003644878768243154
26.4,0.004495617357671233
26.44,0.006072076940640825
26.44,0.004366744362085839
26.44,0.004047370455800614
26.46,0.0033944850989944264
26.46,0.003949594008924362
26.52,0.004844070958926805
26.52,0.0042814697427755455
26.52,0.003090392868363767
26.54,0.0023818787653542284
26.58,0.012148137174930795
26.6,0.003978179015946215
26.62,0.004727209392214604
26.62,0.0031874208235431745
26.64,0.008420019702804815
26.64,0.003656032928373576
26.66,0.004073327662665993
26.66,0.0037079067735957816
26.68,0.0036349597615064067
26.7,0.003479198177133047
26.72,0.0042161957261489524
26.72,0.0036452129833396407
26.76,0.004792220021870963
26.76,0.004692863949000814
26.76,0.0033530905748674344
26.76,0.0034108624244384433
26.78,0.004391294765018761
26.78,0.004654996116217225
26.8,0.004394215843400384
26.82,0.0041250324181996145
26.84,0.0039019159104152212
26.86,0.00504420917409143
26.86,0.004391388248695005
26.88,0.003565308781543375
26.88,0.0038231949887773675
26.9,0.0029069331743207805
26.92,0.00407050166324785
26.94,0.004606768615406431
26.94,0.00825727108368901
26.96,0.004465032675412761
27.0,0.004656430945732426
27.0,0.004503642829990384
27.02,0.005153379179595352
27.02,0.004062194383406048
27.04,0.004092948606647551
27.08,0.0035413998229292254
27.08,0.00373385340052923
27.1,0.015533302500730373
27.1,0.004357859932712649
27.1,0.004252363059775388
27.1,0.004323678615869353
27.16,0.003456371599179775
27.18,0.004385677673278021
27.22,0.004322450492026841
27.22,0.003906789111476794
27.22,0.0032847865946203925
27.26,0.004665356056607561
27.26,0.003980760300105968
27.28,0.003441429628198822
27.32,0.004795864033768638
27.32,0.008070750413108785
27.34,0.0073831046108076
27.34,0.0040852562321104235
27.36,0.005001040715480021
27.38,0.002858315828756841
27.38,0.003913450102393634
27.38,0.004963086966572439
27.38,0.004048158412668368
27.4,0.0033224481162565933
27.4,0.004508203008213418
27.4,0.003793099976237446
27.42,0.004224361076006433
27.42,0.003503891198086362
27.42,0.005272619086471586
27.44,0.007815506262501049
27.44,0.004838396646404397
27.44,0.004113346937983153
27.46,0.003761288039282551
27.48,0.030845087417426642
27.48,0.0030027272543939887
27.48,0.004013728934757821
27.48,0.0033884838430952025
27.48,0.004647822311840244
27.5,0.0037993039782532323
27.52,0.004217390042032809
27.52,0.00589915203130742
27.52,0.003691107328549159
27.52,0.004243427807333222
27.52,0.0034773580467888365
27.54,0.016011495661805597
27.54,0.0038026409850375753
27.54,0.00402456540513596
27.54,0.005105288129202412
27.58,0.0037417250833001736
27.6,0.004833631570491548
27.62,0.004470730188495753
27.62,0.004558555285455235
27.64,0.004116709403192753
27.68,0.0045727364416073835
27.72,0.004156786522883205
27.72,0.0040895635902683525
27.74,0.003334366884813811
27.76,0.003846939234860014
27.78,0.004202005311500834
27.78,0.00430114728470099
27.8,0.003776652623690979
27.82,0.002764190730893401
27.82,0.00367495052512401
27.82,0.004200683015253448
27.84,0.004477041781652202
27.86,0.004489706421029638
27.86,0.003688851995075626
27.86,0.003529837511685563
27.86,0.00386053829546118
27.86,0.003845769840255975
27.88,0.00350842027320597
27.9,0.0036929793936504307
27.92,0.0038354039193684297
27.92,0.004334712829188181
27.96,0.0029546781369795827
27.98,0.0038921759306631554
28.0,0.004761668577726419
28.0,0.0030856012954203482
28.0,0.005174664536016449
28.02,0.003819675165214975
28.06,0.0035554590145080445
28.06,0.0034790082170967906
28.12,0.004496557504996002
28.14,0.004264969802253216
28.16,0.0032152707600672237
28.16,0.0035148289455215753
28.16,0.0039102372136268215
28.18,0.00531561293229621
28.18,0.0033975492369145988
28.2,0.003792683480883574
28.22,0.003556187964469437
28.22,0.004235181763332596
28.24,0.004386108703757219
28.24,0.003633838271337564
28.26,0.004564987269159992
28.3,0.0031535360368831755
28.3,0.0043188067004144015
28.3,0.0047073699157119675
28.3,0.005160684239228774
28.3,0.0031982682283886454
28.32,0.004471392934989216
28.32,0.0035802004091052275
28.34,0.003664012235369607
28.34,0.004525619812406623
28.34,0.0043482995089811904
28.36,0.004784851310875582
28.36,0.005693785876080382
28.36,0.0034431432348835944
28.4,0.004187584274582212
28.4,0.0039765718170223785
28.42,0.0037040797396233893
28.42,0.003612240126723787
28.44,0.003912723449002842
28.44,0.003568985881053255
28.46,0.004578053228595946
28.46,0.0042294180317580254
28.48,0.0041264334399984115
28.48,0.004008420111390576
28.48,0.003910391140217628
28.48,0.003313319205865972
28.5,0.003706503139065176
28.5,0.004469529363782976
28.52,0.004388502652446835
28.52,0.004096369915863596
28.54,0.004053122055670766
28.54,0.004293748490153182
28.54,0.004862543684043041
28.54,0.0037001255514588216
28.58,0.004445029883226592
28.6,0.0046875614579328095
28.6,0.004758669040073604
28.6,0.0037134488773123975
28.62,0.004197951825530177
28.64,0.00402980695613242
28.64,0.004663089563852418
28.66,0.0043453647338947965
28.66,0.0038673716443071715
28.68,0.003046844294604556
28.7,0.003259525492019355
28.7,0.004695861937302981
28.7,0.004324719805238408
28.72,0.004573018612307966
28.72,0.0032323012184052313
28.72,0.0034396592940147963
28.74,0.0038651892309568003
28.74,0.0036837189088143596
28.74,0.004202985686268201
28.8,0.004318971567843999
28.8,0.003809440324449187
28.8,0.0047442412603192485
28.84,0.003397035299533835
28.84,0.0032483972846557574
28.84,0.0034682865305319943
28.86,0.007272853477807151
28.86,0.0033027790350920183
28.86,0.004812467609775828
28.88,0.004698987475156624
28.88,0.00407218009889776
28.9,0.004567877450278979
28.9,0.003257365623933195
28.9,0.003957364434561184
28.92,0.0031665174628380255
28.94,0.003331523934846037
28.94,0.004578713372231147
28.96,0.005085331920578806
28.98,0.008856386558816043
28.98,0.004004282970921036
29.0,0.003363743439506406
29.0,0.004052142721787222
29.02,0.0036924904834629846
29.04,0.004107947489129016
29.06,0.003967607910073445
29.06,0.00446688716159116
29.1,0.003645704815278372
29.1,0.004528423019326433
29.12,0.003898997265380788
29.12,0.00333389950730556
29.14,0.004686304425649768
29.16,0.00462893327600522
29.16,0.003247988532857571
29.18,0.007634830352671207
29.18,0.003701260049608357
29.2,0.004220700095389995
29.22,0.004775441334827213
29.22,0.0035103537511942395
29.24,0.003789382314273171
29.24,0.005172717188375198
29.24,0.0038912559549943992
29.26,0.0031419897765292415
29.3,0.004382716977620382
29.3,0.0035933630486983947
29.3,0.003345081946561246
29.32,0.003005998509900576
29.32,0.005134726792329958
29.34,0.003451418772881243
29.36,0.0026503516927000037
29.36,0.0038738962590989523
29.36,0.003925280016810029
29.4,0.003457727187356152
29.4,0.004217790879422756
29.4,0.0035869864844617627
29.42,0.004125689556951029
29.42,0.003970702866565645
29.44,0.004475069996732195
29.46,0.0029385123657433843
29.48,0.0039019963956555825
29.48,0.003553102043128642
29.48,0.009108331895801958
29.48,0.0031615432286919987
29.5,0.004091987466045999
29.54,0.003817981060018405
29.54,0.0034841553702483763
29.56,0.01464866532747422
29.56,0.004115741708862641
29.56,0.003382756832429168
29.58,0.003652589124744754
29.6,0.004135142992722551
29.62,0.003821469402316202
29.62,0.004817883335415218
29.62,0.004331424495572556
29.66,0.004339626979741218
29.7,0.004984382653624775
29.72,0.003836486656569993
29.72,0.004556410096377639
29.74,0.003600123198591376
29.76,0.006134386683954385
29.82,0.004438779354470235
29.84,0.003786287670336952
29.88,0.0028098404800067645
29.88,0.0032670495626812013
29.9,0.003670178266781954
29.9,0.005294726775713965
29.92,0.003377274675818831
29.92,0.003773523518995181
29.94,0.0036793274148876343
29.94,0.004233878422149617
29.94,0.004515372202943957
29.96,0.0036437765422764334
29.96,0.004220280332730808
30.0,0.0031482123297276177
30.02,0.004434271525114775
30.02,0.0035481468804166028
30.02,0.0037843062965523533
30.02,0.004308070851435586
30.04,0.004052626575536844
30.04,0.003538317116030032
30.06,0.004843201445950629
30.08,0.0038914640317839755
30.1,0.004276955401844362
30.1,0.004475989305164019
30.16,0.0031418707029603476
30.16,0.0035705080218217944
30.2,0.003719125501354781
30.22,0.0040498445903461855
30.22,0.004308933566144368
30.22,0.004664265581433624
30.22,0.004105541532641643
30.24,0.006671747396647554
30.26,0.0038150945015683613
30.26,0.0043438553083235965
30.28,0.0037078642992104394
30.3,0.0036445817486373544
30.32,0.006856341221968432
30.32,0.004206796657776235
30.34,0.004836226581052205
30.34,0.00478180128367045
30.34,0.003997158244945953
30.34,0.0035367275352465866
30.36,0.00406452617573505
30.42,0.004298736487075239
30.44,0.003929431213231194
30.46,0.00446468795971644
30.46,0.004494804566984367
30.48,0.004240904473358564
30.5,0.007723923513124453
30.5,0.00475425249227257
30.5,0.006273166061912416
30.5,0.005732299046202205
30.52,0.003814000638820758
30.52,0.004239172600007168
30.52,0.0032438040952628144
30.56,0.004867991908077185
30.56,0.004267241001776223
30.56,0.004114715861178397
30.58,0.003770142191714565
30.6,0.004156986106765959
30.62,0.007927576982473594
30.62,0.006689678094722762
30.62,0.005893374881637992
30.64,0.0041632203377616195
30.66,0.0031370465693404403
30.68,0.00430802482858561
30.68,0.0038519021829808153
30.68,0.0033575225376187845
30.7,0.0041229343094614235
30.7,0.004296952361928397
30.7,0.0032440611576239897
30.72,0.005357169786287419
30.72,0.0025899080985332112
30.72,0.004255113003466371
30.72,0.004400731468015229
30.72,0.003015803187567223
30.74,0.003313722934646046
30.74,0.0027810770983524025
30.74,0.004401567534715545
30.78,0.004241267359958445
30.78,0.005565125154400996
30.84,0.007696654668162384
30.84,0.006635901927804055
30.86,0.0072201332570212
30.92,0.0039656476729498236
30.92,0.003771809741311971
30.94,0.0036884166081901926
30.96,0.0036447663918371953
30.98,0.0040254570005251455
31.0,0.0038923724482992084
31.0,0.004342493427284766
31.02,0.0035820119828984254
31.02,0.0037334958328891776
31.04,0.0032169674719083607
31.06,0.007366287517771797
31.06,0.006389163451575364
31.06,0.0047276961674509455
31.06,0.003771449410698402
31.08,0.002656071912880753
31.08,0.004079867612385546
31.1,0.00464466797238805
31.1,0.004320293943262832
31.12,0.003162483976077546
31.14,0.002976466559481583
31.14,0.004776932496731168
31.16,0.0037741858598924205
31.16,0.0044095461291105975
31.16,0.00418056778346565
31.16,0.004108186713857154
31.16,0.0033652317706931445
31.18,0.007996725674825012
31.2,0.00317224965441798
31.22,0.004682268961616387
31.28,0.004193290932507199
31.3,0.004280869688811584
31.32,0.004088706575432366
31.32,0.005406961485307393
31.34,0.007767317119904749
31.34,0.004722421211133976
31.36,0.0043349154605781814
31.36,0.0031821558152977936
31.38,0.005301272954408187
31.4,0.003910139425472359
31.4,0.004566746981345626
31.42,0.00403066973293198
31.44,0.0038731038765281722
31.46,0.005198540582644795
31.48,0.003986298182630188
31.48,0.003620916844749633
31.48,0.005744651252729827
31.48,0.005964108824163206
31.48,0.005012867447838021
31.5,0.005146658696679962
31.5,0.003914088143886829
31.52,0.0038684029462775493
31.54,0.004763818239619244
31.54,0.007259227723357187
31.56,0.0036922668608412312
31.58,0.004762355238703164
31.6,0.004029468963426375
31.62,0.0035075162550863848
31.64,0.004098470069456628
31.68,0.00356134799379082
31.68,0.00381380755464078
31.68,0.00397206358758162
31.7,0.0037922497484508266
31.72,0.004558210162109555
31.74,0.004270646325286953
31.76,0.004723238305085586
31.76,0.003678341766786386
31.76,0.003973415679378811
31.78,0.005845553026901151
31.8,0.00481201628737804
31.82,0.003506722833677145
31.84,0.004106444021616751
31.84,0.003968181871283782
31.86,0.004351218827901571
31.88,0.004367650124849964
31.92,0.00288677883089139
31.94,0.004381524479231236
31.94,0.002569006672214047
31.94,0.005782360088916749
31.96,0.003930710185776398
31.98,0.0035316179954023585
31.98,0.0036765895131980475
32.02,0.004789094680331951
32.02,0.0039752222232596335
32.02,0.0037378563356179617
32.02,0.0041739653817391975
32.04,0.004045587196371603
32.04,0.004768484344576773
32.06,0.004391880295155026
32.08,0.0038304738898121693
32.12,0.0039616995519854425
32.12,0.0038088340970483525
32.14,0.002993677373637982
32.14,0.004163296995054355
32.16,0.007547956932616784
32.16,0.005053402217923164
32.16,0.004944894201945216
32.18,0.004320947290167632
32.2,0.0034486696444200327
32.22,0.003709164992086622
32.24,0.004014313525977586
32.24,0.0038339042043620264
32.26,0.004251470306470773
32.28,0.003959620922687979
32.3,0.0049863260349983785
32.32,0.004058345025516608
32.34,0.0077504559033060305
32.34,0.0037021364229191667
32.34,0.004050297139864822
32.36,0.003790914241959209
32.36,0.0031380816178864235
32.4,0.0038213708154686277
32.44,0.0047070754190216
32.44,0.0032405926524580186
32.48,0.004096352464392994
32.48,0.004171926747984833
32.5,0.005013696307054838
32.5,0.00401678193428423
32.52,0.008945556416775968
32.52,0.004809517173699596
32.54,0.005632019726970361
32.54,0.004613310236608381
32.56,0.004524318537008631
32.56,0.004173900087856786
32.58,0.008700661096334383
32.58,0.0042323474040212306
32.6,0.0035247566522755847
32.6,0.005396892926516017
32.62,0.0040458589669184475
32.64,0.0038479934039515884
32.66,0.0033757362516083633
32.68,0.004236701800025
32.7,0.0035397875025919845
32.72,0.009220959345834556
32.72,0.00345871758566485
32.74,0.004117085501500584
32.76,0.003884398171619008
32.76,0.003766696491666832
32.76,0.003590298884074361
32.76,0.003236608431795185
32.8,0.004305465267964048
32.8,0.003920496402828766
32.86,0.003991911563415607
32.88,0.004286956305511569
32.9,0.003573340543823633
32.9,0.0036986649563830465
32.92,0.006036007409206845
32.92,0.023146302300042776
32.94,0.0039161173601518495
32.96,0.004067972561161204
32.98,0.003701200652956982
32.98,0.004797751082156854
33.0,0.0037988865581883857
33.0,0.003985583183430452
33.04,0.003688105848970391
33.06,0.0063039910299713675
33.06,0.003917378308200825
33.1,0.003798878877259604
33.12,0.0031071741350133797
33.14,0.007771733497658806
33.14,0.0049642778259075815
33.14,0.004548039030225159
33.14,0.004424686449383208
33.16,0.00435166054981817
33.16,0.004565645616015579
33.16,0.004422567295806035
33.2,0.003418836893340993
33.2,0.004833663708030844
33.22,0.004808405603302424
33.22,0.005695188836728815
33.24,0.004563100306160028
33.26,0.003973031435071994
33.26,0.004546504283115205
33.26,0.0033504115926176192
33.26,0.004626645399909979
33.28,0.003960248074559636
33.28,0.004580899442818809
33.3,0.003886752647187186
33.3,0.0032737694398116135
33.32,0.0037207989350940274
33.32,0.004186599754628428
33.32,0.003724505827387592
33.32,0.005639969771835007
33.32,0.003858297895481977
33.34,0.004642801668191754
33.36,0.004108514595082435
33.4,0.004657186328163809
33.42,0.004305932384518374
33.44,0.003576696271603619
33.44,0.004170392810280754
33.46,0.00579319139070078
33.46,0.0037882235665416264
33.48,0.00345385164269163
33.48,0.004008328129225247
33.5,0.0036410721553395975
33.54,0.00391930409144603
33.54,0.004111780579950763
33.58,0.002444492534408038
33.62,0.004506811271655753
33.62,0.0037781655172366424
33.64,0.003974813985595849
33.64,0.0036569702427475814
33.64,0.00403469270908885
33.68,0.004034641482200008
33.7,0.004866124230356594
33.7,0.0038929166142032123
33.7,0.003188830526285824
33.74,0.0037874975279585943
33.76,0.005140448247001217
33.78,0.0037745762444280073
33.8,0.00475376537469796
33.82,0.008456601952051002
33.82,0.007403109717641798
33.82,0.0037942481292155827
33.86,0.005373023446887171
33.86,0.0038995991747108327
33.9,0.004781050264575648
33.92,0.00426492689063962
33.98,0.003757018716884053
34.0,0.004745023141957572
34.02,0.004210143084871554
34.06,0.004680966049865565
34.06,0.003906191135375603
34.08,0.005906186442238948
34.08,0.004187644611437613
34.08,0.003613765442512795
34.08,0.004353542127065957
34.1,0.003609045414550982
34.12,0.004000765141521034
34.18,0.00383983529524079
34.18,0.004319105027907555
34.18,0.0031815239448079735
34.24,0.004530989482694037
34.24,0.0037704324992999805
34.24,0.0032126799680703977
34.26,0.004419363066746951
34.28,0.0032288040101849935
34.3,0.004186143112770435
34.34,0.003452746386492178
34.34,0.00421027118058237
34.34,0.00389695469955198
34.34,0.0039470461457987716
34.36,0.004232856946768004
34.36,0.004198519537404799
34.38,0.0034722111375994347
34.38,0.004240801683859985
34.38,0.0037196872498147515
34.4,0.003965264195944007
34.42,0.0045066485526036315
34.42,0.0037210711693371756
34.42,0.003111449892944429
34.42,0.004133908154252852
34.42,0.004313487645050351
34.48,0.004317251791872367
34.48,0.0032321688617219513
34.48,0.003412938547441957
34.48,0.003416652571404777
34.48,0.004509316261834595
34.5,0.005057618676838849
34.5,0.004351180800013621
34.56,0.005319145299562011
34.56,0.004247996988310798
34.58,0.0046945663764431655
34.62,0.0029427802600652253
34.62,0.003446995347486159
34.62,0.0034374246802644226
34.62,0.003889867182789608
34.66,0.007699368715140764
34.66,0.0049965883427843805
34.66,0.004248075809382246
34.72,0.009594626722625232
34.76,0.0075913086489219905
34.76,0.003984159329086356
34.76,0.003593902371798796
34.76,0.0031348628417767754
34.76,0.004526927574246442
34.8,0.004023329235397832
34.8,0.004373731046792839
34.82,0.005678201812759243
34.82,0.004562381529495174
34.82,0.004054728635496385
34.84,0.004779901300744349
34.84,0.004108495624278841
34.84,0.003833958342489563
34.86,0.0039191921692863785
34.86,0.003235368330105848
34.88,0.003981016132750037
34.9,0.003884129241126022
34.9,0.0047550415201795815
34.9,0.0035061855317716217
34.9,0.002764311285285981
34.92,0.005337817826368774
34.92,0.00436595911558435
34.92,0.003870924082257976
34.92,0.0035265373512037845
34.96,0.0035500535018712087
34.98,0.003388352901578351
34.98,0.0034388963150492335
35.0,0.003908773948183564
35.02,0.004352803131700389
35.04,0.004156247771596178
35.04,0.0035776364463555588
35.04,0.008563815837809186
35.06,0.003941279158481192
35.08,0.0074939415248261865
35.08,0.0033851492493272017
35.1,0.005213032877979251
35.1,0.004631053299137378
35.1,0.004733842378735975
35.12,0.004045978446632792
35.16,0.0035338039336040294
35.16,0.004322425245748218
35.24,0.00437177251300036
35.24,0.0038082783741482107
35.24,0.0036929727605058416
35.24,0.0036636719736220513
35.24,0.003958664964915148
35.26,0.004390302521845579
35.28,0.0077464658768168215
35.28,0.005610833260449644
35.3,0.0036264328117220357
35.36,0.0035195128233259654
35.4,0.004457676300084978
35.4,0.004251818468641977
35.4,0.004741500908157614
35.42,0.0034819773056400383
35.44,0.003533308512795985
35.44,0.003701202679661564
35.44,0.004388720862790407
35.44,0.0041070445715115644
35.46,0.004308482345760423
35.46,0.005159039257680242
35.46,0.004529308724870007
35.46,0.00448434490987859
35.48,0.0034027755786883995
35.52,0.004031761772053555
35.54,0.007345721806213623
35.58,0.00468133509785762
35.58,0.003969834405744055
35.58,0.003751254472705967
35.6,0.003838018850833569
35.6,0.004952053872012585
35.62,0.0032812295064209573
35.62,0.004887242631895994
35.68,0.0037380849655970216
35.7,0.004807052071428175
35.72,0.004421359119875179
35.76,0.004676255696984044
35.76,0.004195928222265222
35.76,0.0037703407464332317
35.82,0.003998690575197417
35.84,0.003378156606309357
35.86,0.00443043767256035
35.88,0.0034180196199612434
35.88,0.004024002470487398
35.9,0.004503614711660164
35.9,0.004132614770914755
35.92,0.0044930261419605655
35.96,0.004448410667038383
35.96,0.00443758917359216
35.96,0.0040036278214987675
36.0,0.003805747063937548
36.0,0.0036659565454641996
36.02,0.030183707355411205
36.02,0.0037583378144664392
36.04,0.003521543765025781
36.06,0.004797233240050991
36.06,0.003831479212050848
36.1,0.010255814034226374
36.1,0.0037117314212475883
36.12,0.004551228543647978
36.14,0.004194936546963235
36.16,0.003835361166913187
36.18,0.0035246747751803698
36.18,0.0044015423335423964
36.2,0.0025231041668063448
36.24,0.005347908535114354
36.26,0.004544495663084347
36.26,0.00361391042700121
36.26,0.004307671681261227
36.26,0.0036343687584979856
36.3,0.006839826199118826
36.3,0.004538969662174819
36.32,0.007869350240771178
36.32,0.0031940931183968013
36.32,0.0036796082512547956
36.34,0.003702426761691968
36.34,0.003618569274881578
36.36,0.003947270749907417
36.38,0.003361898419302567
36.38,0.0037974092531584125
36.4,0.0046550545479896455
36.42,0.002430998045616417
36.44,0.004189489189615148
36.44,0.0031809690186643813
36.46,0.00422815963844958
36.48,0.004005438306350806
36.48,0.004108645650023224
36.5,0.0028415837878036365
36.5,0.003069738261343602
36.5,0.004822123134233247
36.52,0.005988557908297554
36.52,0.003993251862815628
36.52,0.004013686391178828
36.56,0.0032050908600381733
36.56,0.004224682404987634
36.56,0.004213451917360556
36.56,0.003914064064896028
36.58,0.004015670266350746
36.58,0.0040480283703437925
36.58,0.00459906127415477
36.6,0.0035498855905675697
36.6,0.003962749321431147
36.64,0.003856447578286959
36.66,0.003636275572365566
36.68,0.003938739383555601
36.7,0.00634488316525883
36.7,0.004633034173477157
36.7,0.004488422931360203
36.72,0.0049242173054520055
36.74,0.0049375303427605655
36.76,0.0031687379235699753
36.8,0.004745105733863442
36.8,0.003816927806975623
36.8,0.003157416599889995
36.8,0.004682156664166048
36.82,0.0038061900135542004
36.84,0.004544147924893771
36.86,0.0036005480815873847
36.86,0.004229691133306401
36.86,0.005695286509744046
36.86,0.004549983498380761
36.88,0.004213877964140855
36.9,0.003171684406939601
36.92,0.00431514291959878
36.92,0.003866604304934018
36.96,0.00447903365340685
36.98,0.004126080047796021
37.0,0.004018776621699582
37.0,0.0037672492320229845
37.02,0.003964476800254024
37.04,0.0032606362384564047
37.04,0.004211206881938767
37.06,0.003294800282548027
37.08,0.004604280488363366
37.08,0.0035838202377279638
37.08,0.004306490138885843
37.1,0.006255673953852403
37.1,0.004029912928265156
37.12,0.003489408870494981
37.14,0.004861686057536008
37.14,0.0045315686384503895
37.16,0.004290557544595841
37.16,0.0032106791999120254
37.18,0.004933183439396416
37.18,0.004064856095910008
37.18,0.0038727862578807892
37.22,0.004563663773763604
37.24,0.0043749174405047775
37.24,0.005249025643980776
37.3,0.003963473665515971
37.3,0.004519005391120046
37.32,0.003972248418371627
37.34,0.003640635194162578
37.36,0.003099744550722816
37.36,0.003203740063088434
37.36,0.003833788241296432
37.36,0.003809853320412393
37.38,0.0037818979996532276
37.38,0.003627124872412013
37.38,0.004169305580629223
37.4,0.004020222416445174
37.4,0.004210127289351995
37.42,0.004603375452754022
37.42,0.0036755726341289874
37.44,0.004144176050566828
37.46,0.0043188929604307535
37.46,0.003946950194568588
37.52,0.007410930442593999
37.54,0.0040828612493756244
37.54,0.003986206943500381
37.54,0.004477734958479029
37.58,0.006520138508558038
37.62,0.007360845840666985
37.62,0.004196599475906004
37.62,0.004469195531762837
37.62,0.0047730093978876065
37.62,0.005261169343785399
37.62,0.0033231491347144315
37.64,0.005600044554926242
37.66,0.004340353906645
37.66,0.004759222292742393
37.72,0.003839995454729017
37.72,0.003733062861769554
37.72,0.004284724248242
37.72,0.0035556877867359837
37.74,0.004360755058163357
37.74,0.0047602205767384165
37.84,0.004426689242942428
37.84,0.005566303902297398
37.86,0.004181847417611628
37.86,0.0045348513818922465
37.86,0.004271505079834981
37.88,0.003439549353772997
37.94,0.003920982392992989
37.94,0.003909711325269627
37.96,0.003987189340947217
37.98,0.0041754614708273685
37.98,0.0036515348315617757
38.04,0.004235924153090598
38.04,0.003957112914469985
38.06,0.0035043870217281725
38.06,0.00414117699389438
38.08,0.003798063782817218
38.08,0.0030172588955099666
38.08,0.004269755111094842
38.08,0.004705664983720825
38.08,0.003122515679098381
38.08,0.00521452998343519
38.1,0.0043530543371576025
38.1,0.004495667479054055
38.1,0.002704341292057655
38.1,0.0037905101180706335
38.12,0.0042048186651691966
38.12,0.0037899148752144063
38.12,0.0037887715355211515
38.14,0.004237269418089218
38.16,0.004950098430046346
38.16,0.0043468752590472
38.2,0.004492685589513767
38.2,0.004217328343645632
38.2,0.003964472710339617
38.2,0.0030109465224473775
38.22,0.007507708757693798
38.24,0.004584272424264402
38.24,0.003332239391099945
38.24,0.0032589763831347707
38.24,0.0040280375100496535
38.26,0.003402839320174378
38.32,0.0033687809121047962
38.34,0.007615998360485432
38.34,0.0036208815158883523
38.34,0.003744698914207145
38.34,0.008681278748246424
38.36,0.004126041037536998
38.42,0.003812082388565008
38.42,0.0034905889437247817
38.42,0.003392010920009958
38.42,0.0035756163322784307
38.48,0.004058923337968978
38.48,0.0031069687675168156
38.5,0.0038964311802601737
38.5,0.0037087555767514324
38.54,0.0035282781327884427
38.56,0.0032191172117855826
38.56,0.0057380705477028116
38.56,0.003980884182222755
38.58,0.004112044862115027
38.62,0.004341950613298562
38.62,0.004686950867837214
38.64,0.004359524099701972
38.64,0.0044719399303894125
38.68,0.00442606928642264
38.7,0.004133276120521612
38.7,0.0036766597517976507
38.72,0.0033527649475764143
38.74,0.0047369843103841625
38.76,0.0036080599746878272
38.76,0.002257798600413752
38.76,0.004503116462375778
38.78,0.003938486988805612
38.78,0.004392790548189196
38.8,0.004552339447306819
38.82,0.004697978525571411
38.84,0.004046104584638055
38.84,0.0030295400765784075
38.86,0.003943682734719789
38.86,0.005397366767876388
38.88,0.004541384400191584
38.9,0.004523878909904355
38.9,0.003432334973248019
38.9,0.0037961561030541713
38.9,0.0038250838656935793
38.9,0.003688823159480159
38.9,0.0046047495326487775
38.9,0.004186646908620362
38.9,0.004327738697397443
38.92,0.005606775809790188
38.92,0.003960577099186846
38.92,0.004238130238626847
38.92,0.004882766307797604
38.96,0.003529426143189629
38.96,0.005536511319816362
38.98,0.005633349472342397
38.98,0.004190980598277605
38.98,0.0039677704036056305
39.0,0.004843106995987223
39.0,0.004010578377077967
39.0,0.004405994601756391
39.02,0.008014330226862154
39.02,0.0038084750098760223
39.02,0.006773336631163196
39.04,0.004500431685889428
39.04,0.002948579889913039
39.04,0.003676554480213201
39.06,0.008134807000893973
39.06,0.004600171306003986
39.06,0.0046084315330438
39.06,0.004953568345324011
39.1,0.004033220291994044
39.16,0.003416638937255967
39.16,0.004017401453174196
39.16,0.006202149159618808
39.16,0.003709914212516985
39.2,0.004795811186380838
39.2,0.0038093958091097724
39.2,0.00432001757481959
39.2,0.0035513057895536493
39.2,0.0036153511314369613
39.22,0.004069730537038629
39.22,0.003561771131055047
39.22,0.00535996842023756
39.22,0.004518102508379251
39.24,0.004312787872724377
39.24,0.00423292528786845
39.26,0.003967323300089753
39.28,0.0049716302914182275
39.28,0.00462114119579804
39.3,0.0067112622993061866
39.3,0.003686296812990042
39.3,0.0050063989966584455
39.3,0.0054016329728657775
39.36,0.004963878403358213
39.36,0.0030758960102608146
39.38,0.00429681015584682
39.42,0.0033566706275801605
39.42,0.00528166994168755
39.42,0.004112536107623632
39.44,0.004334302685601976
39.46,0.003913422636374397
39.48,0.004097975936361631
39.5,0.0033632350049868087
39.5,0.0038825429026068115
39.52,0.004607323649630013
39.52,0.00361347878948981
39.54,0.003520695625639614
39.54,0.00388746648681515
39.56,0.00438274046467757
39.56,0.004069101721526747
39.56,0.005504431003304222
39.6,0.004101099455340762
39.64,0.004673303485027147
39.68,0.004702451478383218
39.68,0.004412154531869161
39.7,0.005128887354587164
39.72,0.0039213567860284515
39.76,0.011442660905236823
39.76,0.0037093368169272
39.78,0.0035482353571387737
39.8,0.004382901245175597
39.8,0.0040178878981720345
39.8,0.004534237408152841
39.84,0.0047779707312287645
39.84,0.003959148657062039
39.84,0.005077607853892441
39.86,0.00912916981215317
39.86,0.0040309582889104245
39.86,0.0038799509945651733
39.9,0.00612927868995361
39.9,0.003311500346296792
39.94,0.003904980467194785
39.94,0.0042794620443014075
39.94,0.00458569029981537
39.96,0.0040515410534549545
40.06,0.0036717689861279768
40.06,0.003693818230362411
40.1,0.004677206060688777
40.12,0.004446324536977575
40.12,0.0038679743707727976
40.14,0.0037684042121958194
40.14,0.004543285775434391
40.16,0.0031638746627508096
40.2,0.004520353196722837
40.22,0.0043881090042116044
40.22,0.004267839153581976
40.26,0.00575930599081842
40.26,0.004747748058230417
40.26,0.00442913157657876
40.26,0.003545085139514792
40.26,0.003165040193891633
40.3,0.003703719312454168
40.32,0.0045743418469955666
40.32,0.003352732683207238
40.36,0.005325799709974155
40.38,0.0038640593487424546
40.38,0.004394165964651364
40.4,0.003978524694686847
40.4,0.004354983119147948
40.42,0.0034207324910580095
40.42,0.003814608580731238
40.42,0.004394469945498747
40.44,0.004198761871957224
40.46,0.004007303805383167
40.48,0.003955873870846394
40.48,0.004184457905008765
40.5,0.0039951614193900475
40.56,0.004324570277551176
40.56,0.003274942430286587
40.58,0.00409770157065481
40.6,0.004174776963817406
40.62,0.0034596279466657665
40.62,0.004673274217938617
40.66,0.004609618383819569
40.68,0.0038646187424056233
40.68,0.0030513974286849876
40.74,0.0036355862597470257
40.76,0.0031511312751304477
40.78,0.0047040632485155776
40.78,0.00484331169829344
40.78,0.0035079800998215616
40.82,0.003869416376336754
40.82,0.007286003692494991
40.84,0.004780409805519192
40.84,0.004001622156302842
40.86,0.004517798937423434
40.86,0.004057743220697629
40.88,0.008133438238422386
40.9,0.004354588598038167
40.92,0.0038270685081446265
40.94,0.003618175895260811
40.94,0.003541458004685194
40.98,0.003935046970017231
41.08,0.004788553188089573
41.08,0.006688078052772828
41.08,0.004287820180998381
41.08,0.0038593547945667828
41.1,0.008581577485220038
41.1,0.0041523776379750466
41.12,0.004061147563390599
41.14,0.004176190271887648
41.16,0.005486484371542644
41.18,0.004174864700137948
41.18,0.0041451657000940445
41.18,0.004312787313644373
41.2,0.004546092496475751
41.22,0.0036287761177959954
41.22,0.0037999656053792075
41.26,0.004354094007487985
41.28,0.004102038968394228
41.28,0.005228342222503235
41.32,0.007424859214404389
41.32,0.003423088045008793
41.36,0.004686916402571573
41.38,0.004103522448227648
41.38,0.0032860030033019516
41.42,0.005610920719156809
41.42,0.0052731289119035685
41.44,0.004066426603219986
41.44,0.005696507068464807
41.46,0.004443042092276972
41.46,0.0044507993256439615
41.48,0.011919195965375051
41.48,0.0033535611687960376
41.52,0.00382562901107919
41.56,0.005048733777632819
41.58,0.006541614846855004
41.58,0.0037588464337604544
41.58,0.003912113397392614
41.6,0.003962074399683435
41.64,0.00381926502110419
41.66,0.0036578620368193926
41.66,0.0034370533627183786
41.68,0.0038684804304074394
41.7,0.003454930476745166
41.7,0.003536746119644052
41.72,0.003539405635093029
41.74,0.004507305041071552
41.74,0.004594517357904948
41.76,0.003186116491892821
41.76,0.003578000782694435
41.76,0.0035260621681260096
41.76,0.0037299204995208113
41.78,0.003740023891771971
41.78,0.0037907612066320207
41.8,0.004134075291374439
41.84,0.0036459870117634408
41.84,0.0036728542217749904
41.86,0.004556459898927834
41.88,0.0036944633201148047
41.9,0.0034937546250928264
41.9,0.003277301816923983
41.92,0.0036561400394840016
41.94,0.003977091362300844
41.94,0.0029719416623680273
41.98,0.005229819127015145
42.04,0.005415844180856388
42.04,0.004835389998663953
42.04,0.003145670229355413
42.06,0.004236365173236445
42.1,0.003823624302458417
42.12,0.0063108941529231855
42.14,0.004196997218219645
42.14,0.003556995145234776
42.14,0.004615660044307357
42.18,0.006491284145762388
42.2,0.004315125917117579
42.2,0.003079747120192766
42.2,0.004138532870553768
42.2,0.0038289186352336024
42.2,0.00442111957309399
42.2,0.003954910039901227
42.24,0.005193910685751146
42.28,0.0047986202271960154
42.28,0.0049542280155792096
42.3,0.003885600172689241
42.32,0.0069591156866284365
42.32,0.003756102535733996
42.34,0.006949402329240795
42.36,0.008276695756387231
42.36,0.0038066699088602496
42.36,0.0037167888597732235
42.38,0.004591919753907048
42.38,0.003654647311483239
42.4,0.004723736165182402
42.42,0.004866301764820391
42.42,0.004220614400413436
42.42,0.005193720903653998
42.42,0.004950630348624974
42.44,0.004733442103453611
42.44,0.0034731312492723987
42.46,0.0045402409137436095
42.48,0.004828687022634837
42.5,0.0037803218990339893
42.5,0.0035899850817500134
42.52,0.0032377315043737864
42.52,0.006307509633510566
42.52,0.003923900137433045
42.54,0.003830828211067394
42.58,0.0038981237043131944
42.6,0.004052130033234791
42.6,0.004574447361023193
42.62,0.005259489355389002
42.64,0.004076087304619613
42.66,0.003806660490629832
42.66,0.00447576333315336
42.68,0.003152942068471165
42.7,0.003647914675726227
42.72,0.004024996422204996
42.72,0.004418920393052361
42.78,0.004376720116442412
42.8,0.004737940653290362
42.8,0.0034936495857371686
42.8,0.003099429174477586
42.82,0.006320491984668775
42.86,0.003995776713547561
42.88,0.004054537647602219
42.88,0.0043532449480834234
42.88,0.0036047784159731755
42.9,0.003931784365086788
42.9,0.0036765300611227847
42.94,0.0032937384746796194
42.94,0.004004816817937185
42.94,0.0041302763121146
42.98,0.004030233684973239
43.0,0.004442160888200375
43.0,0.003675341606101612
43.02,0.0041018261324371474
43.04,0.008047956101154385
43.06,0.004932830750517203
43.14,0.0032903610102895664
43.16,0.004499349708910416
43.16,0.004101541580228241
43.16,0.00364965352877078
43.18,0.004150811238063601
43.22,0.0044330454532928165
43.22,0.003622832180681157
43.28,0.004537870626868612
43.3,0.02262915284209277
43.3,0.003790057420536397
43.3,0.004295569423157564
43.3,0.0061973295518955585
43.32,0.0030858535298757817
43.34,0.004172168623093997
43.34,0.0032479302951737843
43.36,0.0027690862392731885
43.38,0.004028340937995978
43.38,0.005363879179791642
43.4,0.004764343904836821
43.42,0.0033481026220135712
43.44,0.0035836369345731978
43.46,0.004203615145009221
43.46,0.003818650177295546
43.46,0.0042096081543747665
43.48,0.006382466050593227
43.52,0.004127444576966011
43.54,0.0068082537407612165
43.54,0.0033519441039689957
43.56,0.004222134742700834
43.56,0.0038416590821499508
43.58,0.0035933845557032384
43.6,0.0040235148629346185
43.62,0.003687252495403026
43.62,0.004313797624145188
43.64,0.00331665824827998
43.66,0.0067384126366824
43.7,0.003460063808261804
43.72,0.005041885228168175
43.72,0.0044204231048515785
43.74,0.004137899207534046
43.78,0.0029331872396499703
43.84,0.004529619818500641
43.86,0.004311497583727952
43.86,0.0033613353778667587
43.88,0.003045814236965594
43.9,0.002829943621617592
43.94,0.002744848846930381
43.96,0.00427400428193403
43.98,0.004403978783627416
44.0,0.004296676587043802
44.0,0.004169799895808346
44.0,0.003887328097462839
44.0,0.0031841169940519665
44.02,0.004722144583259147
44.08,0.003138257258887611
44.08,0.004087487978339799
44.12,0.004443111102440778
44.12,0.0025374729973601795
44.12,0.004204722904386227
44.12,0.0034919637228018052
44.14,0.0033380419429915875
44.18,0.0036961430254095484
44.18,0.0031881040505059577
44.2,0.003613219017957192
44.22,0.004103254933855771
44.26,0.004144671596469585
44.26,0.0036112667476068117
44.26,0.00366268497588762
44.28,0.003845124952187362
44.3,0.0033927397711204232
44.32,0.0035684645480722477
44.32,0.004135554100633376
44.34,0.0035838115341999544
44.34,0.003941186503020777
44.34,0.0031901709616459772
44.38,0.004444117597749431
44.44,0.004352620658846562
44.46,0.003324873788093652
44.46,0.006014435057343226
44.46,0.0034516789430871775
44.48,0.007058972701328825
44.52,0.003778160288626764
44.52,0.003625481897660432
44.54,0.0036714957211692045
44.54,0.00368595268129035
44.54,0.0040928212547491905
44.54,0.00407428732386117
44.56,0.0035009654027687853
44.58,0.00459663018810319
44.6,0.004351286982123392
44.64,0.003966149435598365
44.66,0.004971014446215838
44.66,0.0035754534159180285
44.68,0.00401771592240685
44.68,0.004201798378327792
44.7,0.007939193228319819
44.7,0.004936937235746952
44.7,0.004512465979924052
44.7,0.005229484175010568
44.72,0.003430602072898803
44.72,0.0036142051937295694
44.72,0.0038502602930128305
44.72,0.005083660999407158
44.76,0.003959871452527408
44.76,0.004097255001039191
44.78,0.0032743282999752044
44.78,0.0040879756264652345
44.8,0.003513813728241999
44.86,0.0044392051968583646
44.9,0.0026868573563811893
44.92,0.0037195781305355835
44.94,0.0036076213693055914
44.96,0.004131949475743246
44.96,0.0030308264807897833
45.0,0.004892825618475594
45.02,0.003944778853099629
45.04,0.0042496265009546175
45.04,0.0036051470630692473
45.06,0.004677040296471424
45.12,0.003373817658690381
45.12,0.0038823518401743806
45.14,0.003562169517085989
45.14,0.005284474926104621
45.14,0.002597433822739248
45.14,0.004523970089867602
45.14,0.0040403732159616235
45.16,0.007722668838740621
45.16,0.004711346598391231
45.16,0.0035285560123565762
45.18,0.0043175125780420265
45.22,0.0034491435134283988
45.24,0.004531624199120454
45.26,0.004469957712033179
45.28,0.004747914348455562
45.28,0.004497446510774772
45.28,0.005529144245177586
45.3,0.004494362442080013
45.3,0.004489273734718413
45.3,0.003084698502886951
45.34,0.006171350692206756
45.36,0.0035125333089384148
45.36,0.003812745150403418
45.38,0.006216616566357969
45.4,0.003771987932861043
45.4,0.0035032114446907903
45.4,0.0040442730604549615
45.44,0.004851910014727623
45.44,0.0044531966596855765
45.48,0.0038995252995915886
45.52,0.003936328589757565
45.52,0.003673901131562629
45.54,0.0034916316178129625
45.54,0.0046479651766767605
45.54,0.009098178969169979
45.58,0.0033369507051503877
45.6,0.0030637393304198124
45.64,0.003808489031055795
45.64,0.004441070247865997
45.64,0.004821653185026031
45.64,0.004011742343999147
45.64,0.0025786611956811756
45.64,0.0053675274185251975
45.68,0.004601205871442415
45.68,0.0048695804024265765
45.7,0.0038814016092519887
45.7,0.00375501277169199
45.7,0.004435212608443595
45.74,0.004053560682537594
45.74,0.0039840163846691645
45.76,0.004021051630007988
45.76,0.004802311770303214
45.76,0.0024907503510523954
45.78,0.0036904339162747712
45.82,0.0046135040485379974
45.84,0.004770177499320405
45.84,0.003524835826188455
45.84,0.004953105941005953
45.86,0.003972309120660378
45.88,0.004034210027777596
45.88,0.0045473829734697935
45.9,0.0029108737494991654
45.9,0.004263552382285152
45.92,0.004106981510077379
45.92,0.004551913339440605
45.98,0.003969362540193977
46.0,0.0032750456710394227
46.0,0.003330410853154442
46.02,0.003453844788557592
46.04,0.004446929275507605
46.06,0.003653724476465947
46.06,0.004155398465879645
46.08,0.0038858136863103576
46.1,0.003657494361927416
46.1,0.00440627852372677
46.12,0.004209038491571837
46.12,0.0044701656492945885
46.14,0.003935336117112831
46.16,0.004983724944108037
46.16,0.003674385803644209
46.16,0.004397441643744782
46.2,0.0036282374179236188
46.2,0.004675162566487812
46.22,0.009879154730244588
46.22,0.0038887234680315963
46.22,0.004324773644837188
46.22,0.00512927985424505
46.24,0.003546297945218768
46.26,0.003865519531513595
46.26,0.0035794232099312095
46.3,0.004012029506292203
46.3,0.004153147112759048
46.32,0.0037486816055920524
46.32,0.003313771147616773
46.34,0.004166846480312847
46.36,0.004623280493797233
46.36,0.003939679044984379
46.36,0.0053583028903555485
46.38,0.0030130260042385837
46.4,0.003979171280475979
46.42,0.004082730605975193
46.44,0.004308322722614388
46.48,0.0037755202858308357
46.48,0.0031652996263351607
46.48,0.0038353555749104373
46.5,0.003976125663281205
46.52,0.008000614782422755
46.54,0.0036171023236919453
46.54,0.004539864517476455
46.56,0.0051005787862832275
46.58,0.004106131231149446
46.58,0.0044607994313300425
46.58,0.0038585309359637776
46.6,0.004698167150158361
46.62,0.005024729119080806
46.62,0.004716055343351622
46.64,0.0035577889263613827
46.66,0.004004913624974793
46.7,0.004580578698209603
46.7,0.005542719829518816
46.72,0.0036708095158082266
46.72,0.0038021199333320155
46.76,0.004520118936398032
46.78,0.0039287536326158
46.8,0.004292910743705636
46.84,0.004068476738696036
46.88,0.0037719419650141806
46.9,0.004530709310647585
46.9,0.0036361782937027742
46.92,0.004416054365557587
46.94,0.004263908966655405
46.94,0.0038129289962729462
46.94,0.004413480863944552
46.96,0.0033567428846251746
46.98,0.004717327378949809
46.98,0.0039006666407553903
47.0,0.0033488082450926493
47.0,0.0039592164842595645
47.0,0.0034792920176232034
47.02,0.0038938383267324017
47.02,0.0038971393437956525
47.02,0.0029542868260897803
47.06,0.0037998346065486466
47.06,0.0030225722655089493
47.08,0.003317689308502625
47.08,0.004472988978476589
47.1,0.004579185097896454
47.1,0.003981924697949224
47.1,0.004377336752397598
47.12,0.004103808020532007
47.18,0.006573868073967648
47.18,0.004360022488058002
47.2,0.0043559896319259606
47.22,0.0034156127023523553
47.22,0.004094096772699007
47.22,0.0051998900834500095
47.24,0.004196354179638373
47.24,0.004067035223297211
47.24,0.0037508515717328272
47.26,0.0037755256682747707
47.26,0.0034507925532939465
47.26,0.003249292072530996
47.28,0.0041386401174979826
47.28,0.002678114892710748
47.3,0.005133179789910014
47.3,0.0034264511926950236
47.32,0.004480538764139563
47.32,0.004259193392322169
47.34,0.003819072832650816
47.34,0.005094986431143145
47.36,0.003028505480384025
47.38,0.0034222456066583806
47.38,0.003128164987663995
47.38,0.004116403874352748
47.4,0.003162230384953224
47.4,0.0030254858870849555
47.46,0.0034886935431254207
47.48,0.0034331424377840314
47.5,0.004298487069041235
47.54,0.0036103307031496445
47.54,0.003942984247469972
47.58,0.004339379347067629
47.58,0.0035482042045638096
47.6,0.003888889956713215
47.6,0.0043733046032832235
47.62,0.0035810617730815952
47.64,0.004348073379882411
47.66,0.003868613083349959
47.66,0.003376823866101164
47.68,0.00429139850276139
47.72,0.0037412824879717865
47.76,0.0035704369494431454
47.78,0.004268607290139559
47.8,0.008652180435319567
47.8,0.004528860422198799
47.82,0.008160244177274789
47.84,0.004400823548368238
47.84,0.005477683702866609
47.86,0.0037644073011288137
47.88,0.0040302879988651785
47.9,0.004043818941463995
47.92,0.009065911128515625
47.92,0.0036792416785972337
47.92,0.004605482793178406
47.94,0.003888871365814839
47.96,0.004282285089805549
47.96,0.003963550400192362
48.04,0.006946686610588393
48.04,0.003357044762134165
48.08,0.0036090747121484412
48.08,0.0038803691481299474
48.12,0.0050614770861200364
48.14,0.004604469123471233
48.16,0.003806312655906585
48.16,0.0037975923791307986
48.22,0.0043280863666258496
48.22,0.0049261791968086
48.24,0.0037341143691603795
48.24,0.004177321654855404
48.24,0.003771093651066204
48.32,0.007290297472645646
48.36,0.003472315716888441
48.4,0.004635174815879606
48.42,0.003560806083312773
48.42,0.004698894506922402
48.44,0.003903547922156969
48.46,0.005090942468352844
48.46,0.0037701864189747525
48.48,0.003319114226717046
48.5,0.004567748472164568
48.5,0.0036321157405303506
48.5,0.004510146788378799
48.5,0.003003213985808384
48.54,0.0034768130466605873
48.54,0.0032827703050404278
48.56,0.004214596982323959
48.56,0.005240341583059416
48.58,0.003832158586317247
48.6,0.003361582433587973
48.62,0.004262389119300214
48.62,0.0062641606976368
48.62,0.004126128186766609
48.64,0.004323532657609652
48.64,0.0035018343450552436
48.66,0.0033768311243740357
48.66,0.004009991626989229
48.7,0.00393345782929122
48.72,0.0038786487674610237
48.74,0.004045163577483191
48.74,0.00339676052405824
48.8,0.0038020148291127986
48.86,0.003894577495848206
48.86,0.004470374126617216
48.86,0.004809354039516434
48.86,0.0032364671711727633
48.86,0.005162079240519368
48.88,0.004617667534261849
48.88,0.0032808310550593855
48.9,0.004917912823320436
48.94,0.004181888226352348
48.94,0.007612902939581168
48.94,0.004230455731179972
48.96,0.0038381438413164215
48.98,0.01064621478180039
48.98,0.01061473262664836
49.02,0.004065385700885993
49.04,0.003979108846786761
49.06,0.00467729640017156
49.06,0.0033871259338343895
49.08,0.004417438175052801
49.08,0.0038234566653507773
49.08,0.004024551550762423
49.08,0.003958729315012399
49.1,0.0043722548934521654
49.1,0.004609920917864607
49.12,0.009461420015079214
49.12,0.003691503717792366
49.14,0.005840737946846031
49.14,0.004131858101557584
49.14,0.003907828284237969
49.18,0.003459421950377628
49.18,0.004050577929055166
49.2,0.005083263959376638
49.22,0.003361518703194455
49.22,0.003855727470922443
49.28,0.004342410161972787
49.28,0.004055125497602785
49.32,0.003775508712508424
49.34,0.0037909899653684187
49.36,0.004551658614670995
49.36,0.0031222240852661898
49.4,0.003822657144768593
49.46,0.0040810599436972295
49.46,0.003434366578775161
49.46,0.0032499032209372114
49.48,0.0043936683698118095
49.5,0.002951646290609622
49.52,0.0034996372191800074
49.54,0.004573814848579993
49.56,0.004078388366399621
49.56,0.004046586737040614
49.58,0.003831359581431215
49.58,0.004395119461584218
49.6,0.005449814501563233
49.62,0.0035452111861907776
49.62,0.0033803361178248448
49.64,0.004274923984547985
49.72,0.0035429419564365627
49.72,0.007317680411681571
49.78,0.004090387492212022
49.8,0.004471768661483355
49.8,0.004062304252262616
49.82,0.003861810197564375
49.82,0.003303020145156821
49.82,0.004021960258119406
49.84,0.005668739690994795
49.86,0.003508819010899167
49.88,0.00494435216482636
49.88,0.004334192822820437
49.88,0.003827159963507798
49.9,0.004264524437806005
49.9,0.004316392144963155
49.9,0.0031696385751726064
49.9,0.004078468225624188
49.92,0.004066287903230381
49.94,0.002870806013343774
49.94,0.003718371094245776
49.96,0.004121513272652755
49.96,0.004666585598053552
49.98,0.004024518794047971
49.98,0.004287926458815372
50.0,0.0038145256431747487
50.0,0.0042119537434286425
50.04,0.006653191124295632
50.04,0.0037731336408971528
50.06,0.0027702566421051733
50.08,0.004931417696546037
50.1,0.003794678513370453
50.12,0.0034551984869090058
50.12,0.0033161520726248117
50.14,0.0039760086633433556
50.16,0.004228949286213424
50.16,0.0036041666914667925
50.16,0.003765772793139166
50.18,0.003404884037033984
50.24,0.0035685312748340303
50.26,0.00441280397396282
50.28,0.003630120890648847
50.32,0.002818183395197793
50.34,0.004482486863200186
50.38,0.004690692812379216
50.4,0.0048965051462124265
50.4,0.003965119000838624
50.44,0.0037488530487933547
50.46,0.004700875228234813
50.46,0.004393976940376021
50.48,0.0038784862691801925
50.52,0.003737635334191247
50.54,0.006709434217237575
50.54,0.004678051450392351
50.58,0.0031253063409928394
50.6,0.003846056220224381
50.6,0.004507418617756609
50.62,0.0038641880729282096
50.62,0.005290240381529365
50.64,0.002746545152051194
50.64,0.003823878094132205
50.64,0.0040106879375931825
50.66,0.004285869341843163
50.66,0.004004971516283984
50.72,0.004318766643646832
50.72,0.0033650632594431906
50.78,0.0035141666267960447
50.78,0.0042625221242500455
50.8,0.004451187772934961
50.8,0.004603222952522801
50.82,0.004436619462522828
50.84,0.004225638859079006
50.86,0.004296515863272399
50.86,0.0033624594117631634
50.88,0.004148970557427023
50.88,0.0036732111931587763
50.9,0.003268835540424009
50.9,0.004391122840017636
50.96,0.003657120883623244
50.96,0.0034335522673487606
50.96,0.004269884665163426
50.96,0.0038826141529949565
51.02,0.004619084910346016
51.02,0.003421963348117174
51.02,0.004598353250936826
51.06,0.004966770867909975
51.1,0.003030712706818761
51.12,0.0034361398877047478
51.12,0.0035184242422231504
51.14,0.004353085589533623
51.16,0.0036201418575951827
51.16,0.0038243493051164368
51.16,0.003552872555395159
51.18,0.007433676103976383
51.2,0.004969367873606023
51.2,0.003810537941878245
51.22,0.00279517926803885
51.22,0.004432288391006178
51.22,0.0039421822971421605
51.26,0.004677904115316989
51.26,0.003988144099388968
51.28,0.008318409463120235
51.28,0.0028155926410051713
51.28,0.0036006013536972192
51.28,0.0035610608004715827
51.3,0.004349387655530168
51.32,0.009812505827456408
51.34,0.0037891570595104396
51.38,0.0032211456679686057
51.38,0.0037699266849228197
51.38,0.004365057818817797
51.4,0.0032909218374169713
51.42,0.0041873736083339885
51.42,0.004344914829549573
51.42,0.004096261354239572
51.42,0.004456013028304784
51.42,0.003471175483872435
51.44,0.003908803232162028
51.44,0.004046620466348405
51.44,0.004548367419175414
51.48,0.003965521962923213
51.54,0.004170358366463178
51.58,0.004463413608923772
51.58,0.003726891151854761
51.58,0.0034700660932119876
51.6,0.0038571522104805522
51.6,0.004666309646603417
51.62,0.003628105829646233
51.62,0.004275120516040398
51.62,0.0037758400100932343
51.64,0.0038526677043075885
51.7,0.004599031963127831
51.72,0.0028875748029375536
51.76,0.004139133319245758
51.8,0.00471655929949355
51.82,0.004184169021090978
51.84,0.0039926234398137694
51.88,0.0037018940112472087
51.92,0.003416715331830855
51.92,0.0039118901023608155
51.96,0.004312699390814245
52.0,0.004578892137523605
52.0,0.0034522571122928003
52.02,0.0050327753642830375
52.02,0.003795952477866349
52.06,0.0047018200888120365
52.08,0.004345113685073176
52.12,0.004102425514527219
52.12,0.010009107034171238
52.14,0.0028401737365679747
52.16,0.0040663423578651825
52.18,0.0044350177739663765
52.18,0.003862251823074203
52.18,0.004010511608969147
52.2,0.004957923900250405
52.2,0.0039838619223470095
52.22,0.003973104873361222
52.24,0.003466763003757589
52.24,0.003872903360280011
52.28,0.004555818947756585
52.4,0.004034278123969615
52.42,0.004179663734530381
52.42,0.004193235215670388
52.42,0.003077723248012587
52.44,0.004002567779473831
52.46,0.0037887983698340344
52.52,0.0039210568340172225
52.52,0.003465032503869203
52.54,0.004267033418503985
52.54,0.0038032776192236106
52.56,0.003966748846296442
52.58,0.0032826846886582217
52.58,0.0025332319508514223
52.58,0.004602291902054745
52.58,0.0039236780552561745
52.58,0.0033679474843679724
52.6,0.0046365796631527845
52.6,0.004131167992613594
52.62,0.0038650472139255543
52.64,0.0034079869810064167
52.66,0.003021311754521583
52.68,0.007623349561107995
52.72,0.003358469096248373
52.74,0.004046093119327243
52.74,0.004392251758805199
52.76,0.004522937407983596
52.76,0.0045913551949440246
52.76,0.003433170724619572
52.76,0.003647240335043156
52.76,0.004503006696053968
52.78,0.003453331493447398
52.8,0.0038089572693987828
52.82,0.0038066664015091733
52.88,0.007051303841810408
52.88,0.003865308610295992
52.92,0.0038141685911288192
52.96,0.003918040196707384
52.96,0.004190729408586558
52.96,0.006655354310399986
52.98,0.007230933774717174
52.98,0.004333510869302004
53.0,0.005317306152112011
53.04,0.004441977959169563
53.14,0.003638297662794776
53.14,0.0043743551853747675
53.16,0.0065090241790104475
53.16,0.0034338990202640307
53.18,0.005966098466419045
53.18,0.0043648611015761896
53.2,0.00314321672597484
53.22,0.0032321267789715558
53.26,0.0036695351974032064
53.26,0.0038411239313995704
53.34,0.003650055592210988
53.34,0.004478859270139357
53.34,0.004662185814744979
53.36,0.003948729719485233
53.36,0.003949515288508398
53.38,0.006655262819857399
53.38,0.004202780745586776
53.42,0.0034974839085619713
53.44,0.004686161411376788
53.46,0.0042004312763900264
53.48,0.004287696385715578
53.5,0.00479218889027222
53.5,0.00445032246008803
53.5,0.005468743720761782
53.5,0.0036466206744367735
53.52,0.005357396536547987
53.56,0.00279925853114682
53.58,0.009597265694417767
53.58,0.003742494828076426
53.66,0.004354802315312156
53.66,0.003620726416661779
53.7,0.0026780649861376515
53.72,0.004388726402031251
53.72,0.003907968620237234
53.74,0.003964641127490176
53.76,0.0034727025044042348
53.78,0.003910505917424034
53.78,0.003974273135498807
53.78,0.0041343376681342026
53.78,0.003601875023478418
53.78,0.005468697134057954
53.82,0.005897603053151235
53.82,0.0031373057122737746
53.84,0.0036972019688915614
53.86,0.003924373959567573
53.92,0.004903574743834849
53.92,0.0035048061468305747
53.92,0.003986052567084397
53.94,0.003956139140226411
53.94,0.004147324645220385
53.94,0.0039974194810168395
53.98,0.0037410557877042283
54.0,0.003600949994114422
54.02,0.003894142441906445
54.1,0.003690675514291253
54.14,0.003958462054369005
54.16,0.004728984989087581
54.16,0.004400786537684054
54.16,0.0037537127240984125
54.2,0.007720736687286789
54.2,0.004019378498887005
54.24,0.0038026409172867703
54.26,0.00303154806298922
54.28,0.00931741728533697
54.28,0.004872769302971425
54.3,0.003769651507243177
54.3,0.0038199225699804273
54.32,0.007710145697094828
54.32,0.0041449380665116164
54.34,0.006769134700107982
54.36,0.004030758648642441
54.38,0.0037869293732931686
54.38,0.0038972467650988385
54.38,0.003574706227454816
54.38,0.005392995346437002
54.4,0.003899967953144401
54.4,0.004490089683048759
54.4,0.00440876300477977
54.42,0.004502557322029754
54.42,0.004204841626352374
54.42,0.003904576618547373
54.44,0.0034593246564543767
54.46,0.004751210760697622
54.48,0.0038317736721236173
54.48,0.0036631470750015938
54.5,0.004019952880191968
54.52,0.004288593692453602
54.54,0.0036152295737184037
54.56,0.004093355373404828
54.56,0.0077877882286000455
54.58,0.004610713554199619
54.58,0.0041530733280540355
54.6,0.0037343816991439738
54.6,0.003796330723051966
54.62,0.0044109286979435725
54.64,0.0048139158483507805
54.64,0.004365333497456825
54.64,0.0040533655512867695
54.7,0.004381735004886367
54.72,0.0029338834939883762
54.8,0.004146088296350436
54.82,0.004018395675492448
54.86,0.004112453646449632
54.86,0.00396174442605135
54.9,0.005824258490812029
54.9,0.00421348271845523
54.9,0.004003705257393353
54.92,0.0037448725316220344
54.94,0.004271145846986402
54.98,0.003964078603806764
55.0,0.004244374788459182
55.0,0.0037795046104648344
55.0,0.004846415206406829
55.04,0.004421364071966805
55.06,0.004534231649904852
55.08,0.004662421465258415
55.1,0.003918447938998759
55.12,0.0044329552517627935
55.14,0.003548597957133248
55.18,0.0035477889968520415
55.18,0.008049036444653157
55.18,0.004146319124950781
55.22,0.007636769074562233
55.24,0.0043431993760587595
55.24,0.004190696186254006
55.24,0.003197542519340346
55.28,0.00404645377044599
55.3,0.003571399541467235
55.3,0.003212865849183788
55.3,0.0037803571411190173
55.34,0.004261673502018781
55.38,0.006465611257267634
55.38,0.004041291143228154
55.38,0.004715845918186745
55.42,0.0036615444551447718
55.42,0.0032813714670759664
55.42,0.004729033168384356
55.48,0.0031389366361915805
55.54,0.004899407094277386
55.56,0.0038462237527634446
55.58,0.004730439972190026
55.58,0.0038087692136740126
55.58,0.005007579306924748
55.58,0.003786782143764822
55.6,0.0038046215126009697
55.62,0.0031150092345751945
55.62,0.004716593991399787
55.64,0.004283612684947591
55.64,0.004404210642611983
55.74,0.0037059616564559805
55.74,0.004335343808127168
55.76,0.0033611398466050213
55.76,0.004378450131468425
55.78,0.003537414916177206
55.78,0.004356103623836427
55.8,0.004146045988736247
55.84,0.0036935256225676394
55.86,0.003329786068735019
55.86,0.003820560827289654
55.86,0.0030529122031813793
55.88,0.003900902190700384
55.88,0.004094272488693207
55.92,0.004130349773895592
55.94,0.003673476972952172
55.94,0.004894861809689233
55.96,0.003768594192876784
55.98,0.004219987019156601
55.98,0.005086034231066794
56.0,0.0037477110371377798
56.0,0.0033180413467486236
56.02,0.003126260431324801
56.08,0.005277422696844392
56.08,0.0051415627698103705
56.08,0.003422557781230795
56.08,0.004327352505951176
56.1,0.005751869270558818
56.1,0.0032823618712796154
56.1,0.0035170207701036293
56.12,0.0034293781049492544
56.12,0.0038758387693316187
56.14,0.003527568267879033
56.16,0.0042854444035286265
56.18,0.005727908179055219
56.22,0.0034794171210241753
56.24,0.0039657810662624415
56.24,0.004972479122184015
56.26,0.004247966551071958
56.3,0.0030821375209032498
56.3,0.003305512828394752
56.3,0.0031160788838515696
56.32,0.004110077904017184
56.34,0.003945674481056427
56.36,0.0033679396866932443
56.36,0.0034589308096569793
56.36,0.003778814206691239
56.38,0.004472816008106784
56.38,0.0038129910997829475
56.4,0.00380558505862838
56.4,0.003955342961266206
56.4,0.0033109131897604005
56.44,0.009300153954010848
56.44,0.0033416533912410396
56.46,0.004122545917290776
56.5,0.004981946757197653
56.54,0.0045281340933728265
56.56,0.009396484519535009
56.56,0.004579485366336455
56.56,0.003742806956216427
56.62,0.0042389800117244025
56.66,0.004220451547386372
56.66,0.004383564669709794
56.68,0.0038110784785896357
56.7,0.0036443361987164025
56.7,0.002902547738843575
56.72,0.004669411772863397
56.72,0.004755293049184761
56.74,0.00425366281591355
56.76,0.00868814616201341
56.84,0.004119836697005552
56.84,0.003902334990126821
56.88,0.005206848321283819
56.98,0.0035536047079307576
57.0,0.004201615964875227
57.02,0.002844134381533192
57.04,0.004196437613732784
57.04,0.004590789852282784
57.04,0.0033740317572121814
57.12,0.003523141533351204
57.12,0.0034816694112536073
57.14,0.003875392384614762
57.16,0.004373695466648786
57.16,0.0038152833244977646
57.18,0.0035727371680271958
57.18,0.0036227156687234086
57.18,0.003950563023497611
57.2,0.0038065434259919595
57.2,0.002741410220490792
57.22,0.003918388327904809
57.24,0.009130971629436435
57.24,0.004401879638006423
57.26,0.0036160072784300334
57.26,0.004148175644409946
57.26,0.0038715285811413702
57.28,0.00459926237570818
57.3,0.0038238237644657724
57.32,0.004059998290964373
57.32,0.004858552971315988
57.32,0.004619477985835174
57.32,0.004544585755930752
57.38,0.003975432598874229
57.4,0.0034081266031767976
57.4,0.004101245393398956
57.4,0.0032222925613127895
57.4,0.0036874349476891943
57.4,0.004121098786516231
57.46,0.006178224555134837
57.52,0.003245608417857815
57.52,0.0035610889623584052
57.52,0.0037423036917120234
57.56,0.004021282704126605
57.56,0.0033493784950480165
57.56,0.003652601790472443
57.58,0.004262709806182818
57.58,0.003921116100763178
57.6,0.0037159129208199637
57.6,0.004317029793441396
57.6,0.0035151737605210176
57.62,0.0034922407991999638
57.64,0.004139893011263607
57.66,0.004687275334923191
57.68,0.0046004571574863595
57.7,0.006271372104887152
57.72,0.003554352487493584
57.72,0.003471734186601183
57.74,0.0047426084825276105
57.76,0.003215818787145608
57.76,0.004039427497788961
57.78,0.003844576668018851
57.8,0.004543988903236373
57.82,0.0033997344654388417
57.82,0.00425941544540398
57.84,0.00402965747743822
57.86,0.003720046833965207
57.88,0.0036935261544167597
57.94,0.003802551243123231
57.96,0.004012311235173649
58.02,0.004019301373297202
58.02,0.004464501045845171
58.06,0.004316265341783199
58.08,0.0040648771436569975
58.08,0.005523079686664767
58.1,0.0059746962071653975
58.14,0.0037478217850860363
58.14,0.004025742269204047
58.16,0.004231142565018775
58.18,0.005782029791918775
58.18,0.004204497114719374
58.2,0.003658526093722414
58.2,0.003707837869976971
58.24,0.003865269556543205
58.24,0.0028579984561264427
58.26,0.0037590563185202486
58.26,0.004356308777800355
58.26,0.0037041921196220295
58.26,0.003253781134164191
58.28,0.004370774301849956
58.3,0.0038795602446419775
58.34,0.0031639650198489466
58.34,0.003609148655255967
58.36,0.005334875448709253
58.38,0.007390012043422045
58.4,0.0034282265417008295
58.4,0.0037766762131333786
58.42,0.004078221319864017
58.42,0.003119514670063772
58.46,0.002891162842566408
58.48,0.003948206516678154
58.5,0.003930642765666348
58.52,0.003950777058035038
58.54,0.0045727017658030444
58.58,0.0037479638566365603
58.6,0.0046480373113322315
58.62,0.0036192474091379934
58.64,0.003372413157766041
58.7,0.004053708234798448
58.7,0.003669780257553157
58.76,0.004489330630717547
58.78,0.004737900816536356
58.78,0.004174395226664629
58.8,0.0044583399833455495
58.8,0.0035464782844379927
58.86,0.0035782037700887726
58.88,0.004478758037331554
58.94,0.00447795857072264
58.98,0.004149402883156239
59.0,0.004045835016604604
59.0,0.003910155261184212
59.04,0.004178072705136371
59.04,0.005613611229546955
59.1,0.0033782861618412152
59.1,0.004068210265241623
59.12,0.0033400742222268187
59.14,0.003748440639473216
59.14,0.0037649939187411885
59.16,0.0041279892271222085
59.2,0.004155231216730004
59.2,0.0045441006489685964
59.24,0.004115975233751623
59.24,0.004289551780968792
59.26,0.0036528848310971584
59.28,0.003966222986134582
59.28,0.0039807396939778306
59.3,0.0030970389916211705
59.32,0.003575641110741601
59.34,0.004332514495296369
59.38,0.0046439371942061936
59.38,0.004564024298232994
59.42,0.002885312709722365
59.48,0.00350359656424315
59.5,0.005805555601436807
59.54,0.005164345309667251
59.62,0.004156207563324021
59.64,0.007671443406839229
59.66,0.0042846668926945775
59.66,0.0038127240561124376
59.7,0.003260331418177387
59.76,0.0038150595727816095
59.76,0.004537566037735252
59.76,0.005165877689448761
59.8,0.0037491191099989774
59.84,0.0043226242967594475
59.86,0.0033595861372167635
59.86,0.003929905937527622
59.88,0.004120436875238553
59.92,0.0036740820439954414
59.92,0.004108781856893229
59.96,0.003850526318844416
59.98,0.004286160065533173
59.98,0.011827363446566763
60.0,0.005157926669967172
60.02,0.004377714179787051
60.02,0.004917874821538826
60.06,0.0044005397085972175
60.1,0.003318882468739237
60.16,0.004244519550742454
60.16,0.004421664421296212
60.18,0.003587411897885029
60.18,0.004259381739523782
60.2,0.003830663732662609
60.2,0.003917049953581442
60.2,0.003959697731270806
60.2,0.00428320065500476
60.2,0.004228478766644006
60.22,0.0035761082187120152
60.26,0.003574571522209413
60.28,0.004562152374498196
60.32,0.004355939088089178
60.34,0.003673700084702247
60.36,0.008252877674657655
60.38,0.00459243901582318
60.4,0.0043258070427871775
60.42,0.0031746864785223705
60.42,0.004066877625628851
60.44,0.004313733847541634
60.48,0.004040350960609618
60.48,0.004031157893990445
60.58,0.0042621247278807894
60.58,0.0036436974627037655
60.6,0.005157027622392452
60.6,0.003814951492375984
60.64,0.0037048831887361855
60.68,0.004626889287150826
60.76,0.01494785953318456
60.76,0.0042211054640229895
60.78,0.0036450678429116312
60.8,0.0041724279693862165
60.82,0.0035129755573254373
60.82,0.0038541949154043964
60.84,0.0038928457945693884
60.88,0.007431571775484369
60.9,0.009308484711028853
60.9,0.0035997684641507766
60.92,0.004012763201736158
61.0,0.003824655320441628
61.0,0.004108693677197239
61.02,0.003875652209048397
61.04,0.00467557232902982
61.1,0.004162659837057436
61.12,0.003583657307943633
61.12,0.004462455425499168
61.12,0.0045692795279812515
61.16,0.0032683961269259765
61.2,0.002811306191831231
61.2,0.0037834422716112037
61.2,0.0039529458883441615
61.22,0.005617232401696759
61.24,0.004474482501855226
61.24,0.004833233781269652
61.26,0.003905874147708377
61.26,0.004363074880254003
61.26,0.0037798010696880047
61.32,0.004235482255134371
61.4,0.007691038024944641
61.4,0.006036892538987648
61.42,0.003684440224479779
61.42,0.004279496313551956
61.44,0.004075539824525576
61.44,0.0035879366946142133
61.48,0.0073198041683776305
61.5,0.0038857528699204336
61.52,0.005578338035897579
61.54,0.004863615414593236
61.54,0.0037360654356910494
61.56,0.005483467715520773
61.58,0.006807225584278154
61.6,0.0038106310293931633
61.6,0.004441896333769568
61.62,0.0039629385868775735
61.66,0.004596528021879154
61.72,0.0110572426620964
61.74,0.0036000041640708025
61.74,0.0043554409542944095
61.78,0.00555998279537262
61.8,0.0034259358625395864
61.8,0.004199158040832374
61.8,0.0033558717544406313
61.84,0.006842564870398582
61.84,0.003940193564119232
61.84,0.0036238743271409524
61.86,0.0037168814688810503
61.88,0.0047148563414427525
61.88,0.003552231143248763
61.94,0.004092068795603976
61.98,0.004967333747665781
62.0,0.003949988937773208
62.04,0.006432660513764787
62.04,0.0039646869306844135
62.06,0.004723213269837823
62.08,0.004729923543480563
62.1,0.0037754921304665734
62.1,0.0035418388853005744
62.12,0.0034743704895932037
62.12,0.004238111447443238
62.14,0.0045079324365193685
62.18,0.009659498875306038
62.22,0.009013746594699223
62.26,0.0034699003960547703
62.32,0.004327704811984412
62.32,0.002966698971036408
62.32,0.004409997471834792
62.36,0.012597501508190168
62.38,0.003721475725468215
62.38,0.0035364305743675883
62.4,0.007274952190134409
62.42,0.003468723803120799
62.44,0.0033487901933130226
62.46,0.004076262793734853
62.46,0.004434580639199992
62.48,0.006057057184757242
62.48,0.004080125336854756
62.48,0.004078813134629211
62.58,0.004499649586936383
62.58,0.0036018721455716163
62.58,0.004354810770303752
62.58,0.004255193952761971
62.6,0.0039070822790799875
62.6,0.004381488675695988
62.62,0.0046863804634024175
62.64,0.0038793500677376525
62.64,0.005036604013803236
62.66,0.004195661386994454
62.66,0.004600601578620855
62.66,0.0036109823518407635
62.7,0.0038801132776340452
62.74,0.004976290175168985
62.76,0.004873532252114399
62.76,0.004168398289088993
62.8,0.007990708231327193
62.84,0.003945149443298823
62.86,0.004012275024067979
62.96,0.004249808317733361
62.96,0.0035954330985373817
62.96,0.003656621460208398
62.98,0.0043287220000618465
62.98,0.004451637914277051
63.02,0.004057277354478361
63.04,0.002820353154757149
63.06,0.004306524384268151
63.08,0.007867503822208577
63.1,0.00809555676201723
63.1,0.003065116956750158
63.1,0.0039023804478554025
63.1,0.004241072247660793
63.14,0.004757699090742418
63.14,0.0038501570681371833
63.14,0.00446857021036684
63.14,0.003912996287334214
63.18,0.0046794213457893585
63.18,0.002668893203227607
63.18,0.005317893957226372
63.2,0.0036879694252710538
63.2,0.003409628713843982
63.2,0.00397495802705361
63.2,0.0035993196403876215
63.22,0.01502943880765839
63.24,0.0041678026104468024
63.24,0.0036866928729404336
63.28,0.0073310735572964525
63.3,0.0035817310200916275
63.32,0.003439191997079649
63.34,0.0046475395735717795
63.36,0.003883226100375614
63.38,0.0038377879456628072
63.4,0.0044255893665720025
63.46,0.004084187330515632
63.48,0.004073058262347051
63.5,0.0037132426888207837
63.5,0.00355372392559683
63.5,0.00391468191775679
63.52,0.003640901509254446
63.6,0.004104379579996431
63.62,0.0034195799228455837
63.64,0.0037695119038427816
63.64,0.0050286180399076175
63.64,0.0035229433482319994
63.66,0.007242245803910752
63.68,0.0042206097817028
63.68,0.00389431540607843
63.68,0.004270236544021588
63.7,0.0036851011422763813
63.74,0.005010783529769025
63.74,0.003759678551821244
63.78,0.0035946601862677507
63.8,0.0046586324918092
63.82,0.0039532350242732495
63.84,0.004504392366564414
63.86,0.004740848961298005
63.92,0.004705306990401614
63.92,0.0038910456860333786
63.94,0.005686227706923175
63.94,0.004880955062213976
63.94,0.0038929195265059446
63.96,0.006692523248368554
63.98,0.004144755370234843
63.98,0.003908886658456789
64.0,0.004158341187027403
64.04,0.004233255449747841
64.04,0.004204452409789172
64.08,0.006796282483170213
64.08,0.0035230053089163604
64.12,0.0034030148216820377
64.12,0.005186765550760808
64.12,0.0038598487780647783
64.14,0.0038809289148922232
64.16,0.003962635311684393
64.16,0.009276574159782225
64.18,0.004642729728620454
64.2,0.004333638915134164
64.2,0.003720631712115563
64.26,0.0037542040239222363
64.26,0.0035188965501303793
64.26,0.0046331246278066285
64.26,0.003174905940702022
64.28,0.0036405484020125556
64.3,0.0034423834292104383
64.34,0.00403220241126101
64.34,0.00440503173158957
64.34,0.004091208161979609
64.36,0.004241287583174769
64.36,0.003481820761704446
64.38,0.0035881037185150344
64.38,0.0043686141283170166
64.38,0.0037286977068984317
64.46,0.003622798887599199
64.48,0.004219923563982819
64.5,0.004828634143931421
64.52,0.004093644572613631
64.54,0.003005245068101625
64.56,0.004122693422648038
64.56,0.004270558163911642
64.58,0.004464435927047816
64.58,0.004131705691593379
64.6,0.004569385600556974
64.62,0.0038286688103745803
64.64,0.00398356958579682
64.66,0.0038274975523120425
64.66,0.0038600854732232515
64.7,0.00409293435133562
64.7,0.003980363048759372
64.74,0.003113665998166759
64.74,0.0040993082658755675
64.74,0.004452340592391413
64.8,0.0038965395611679776
64.84,0.00326767139288342
64.84,0.004605197621897039
64.86,0.004198884058257191
64.86,0.004509642383387025
64.86,0.0033391325906771963
64.88,0.004543762265198037
64.88,0.003914349728284416
64.88,0.004680754638189177
64.9,0.00510719400681281
64.9,0.0037609818912059945
64.92,0.0032270193486203524
64.92,0.0042540833209704365
64.96,0.005086681905632995
64.96,0.003316692476090788
64.98,0.004069634548934831
65.04,0.004166118358510995
65.06,0.0037296125657440005
65.06,0.0034371818851843816
65.06,0.0044402080488767925
65.06,0.005240091101450406
65.08,0.0037951920145740115
65.08,0.003321101782891578
65.1,0.00426346548697798
65.18,0.004874053581883198
65.18,0.0032362423017679998
65.2,0.00388337193444499
65.22,0.0040954127489921666
65.22,0.004162733120179007
65.28,0.004386834141397178
65.28,0.003954489563788854
65.3,0.00462969868736085
65.32,0.004126237352096607
65.32,0.0038021025452026347
65.36,0.0026881023650772162
65.38,0.004166837717878957
65.4,0.003245619544255951
65.42,0.00515420052761284
65.42,0.008846392390440161
65.46,0.004016722720673549
65.46,0.004304316553154219
65.46,0.003873032465219639
65.48,0.005573424811429972
65.5,0.007481331076808817
65.52,0.004362296321655967
65.52,0.003389871826473767
65.54,0.004438853081479621
65.54,0.00498777909043957
65.56,0.004640450901755799
65.58,0.007809040272863554
65.6,0.004837124680441618
65.62,0.004131958247787448
65.62,0.003429144563032005
65.64,0.003665885822371151
65.66,0.003691710610323584
65.7,0.004235655620975054
65.7,0.0036764077359892067
65.72,0.0047774588170528265
65.72,0.0049435602495907505
65.72,0.004356378124716009
65.72,0.004298139850688831
65.72,0.0035635336839662246
65.72,0.0036621551976844247
65.74,0.0024037772006559877
65.74,0.003796122656019252
65.76,0.004220135112596779
65.76,0.0038325658098892212
65.76,0.003399933694343993
65.78,0.0040269169165023655
65.78,0.004591894054006396
65.9,0.0052611541655389615
65.9,0.004017203262525637
65.92,0.004512768686258384
65.92,0.0038996482679796163
65.94,0.0036800445496232292
65.96,0.004571916550043187
65.96,0.0034311927252681507
65.98,0.004014332189134606
65.98,0.004126950723802425
66.0,0.0039865866599887445
66.04,0.005741635564689984
66.08,0.004454499995840577
66.1,0.003698202795024197
66.1,0.004321563016334018
66.18,0.005536553639984398
66.2,0.0047620327398264495
66.22,0.0044318451189360175
66.24,0.004032057902711994
66.26,0.004193263465995245
66.28,0.003593938965762211
66.28,0.0033182460473472064
66.28,0.0035292423101848103
66.32,0.0030867203767384055
66.34,0.004622166225227153
66.42,0.004399099032970755
66.44,0.0023062515892323665
66.46,0.004643632045763568
66.46,0.004627945398208988
66.46,0.0036740628544653653
66.5,0.004332645913455613
66.52,0.004465639137575583
66.52,0.003838665232139604
66.52,0.003934018681496787
66.54,0.003388928173607808
66.6,0.003934241678614003
66.64,0.0053073636121789836
66.64,0.0036470155859640307
66.64,0.00708578674729099
66.64,0.003463346545336421
66.66,0.004173669473936825
66.68,0.004013149358812584
66.68,0.004144808859328775
66.7,0.004492751079763213
66.7,0.003366316789292556
66.7,0.004436592608411227
66.72,0.0035244057405794393
66.74,0.004311090303074416
66.76,0.0031591392735024204
66.8,0.003366563502305242
66.8,0.003830129829416995
66.82,0.004148461444228757
66.86,0.0035648599336591813
66.88,0.0044983451197607716
66.9,0.004429536920289023
66.9,0.003686864226334796
66.9,0.004742742798016453
66.92,0.0038139913542027948
66.96,0.003531285412960994
66.98,0.004065347647289164
67.02,0.005269343850263231
67.04,0.007322123517183754
67.04,0.0059903244085476315
67.04,0.003995017803643974
67.04,0.004327376751395162
67.04,0.004566434001607611
67.06,0.0027730466535940135
67.08,0.004073061813635204
67.1,0.0035045985394630552
67.12,0.003932001947970831
67.14,0.004285197513400396
67.18,0.004443253081410248
67.2,0.0036702718177810123
67.2,0.0036353149614941627
67.22,0.004307703452202771
67.24,0.004139787943733597
67.28,0.004323950942546451
67.28,0.0036554590204268544
67.3,0.0044364581986166
67.32,0.0032165313903186332
67.34,0.003779079108227612
67.38,0.0037433346695402436
67.4,0.00719107646914563
67.4,0.003672975158329761
67.42,0.004635520864932796
67.42,0.0038309917044911934
67.44,0.0035022690342485507
67.46,0.0044076751224108035
67.46,0.004077070556410378
67.46,0.0026170775903151533
67.5,0.00412656502385278
67.5,0.004391902878450371
67.5,0.00519855646971179
67.52,0.004644441634863217
67.56,0.007348479176662814
67.56,0.004152101028017996
67.56,0.003900119739453589
67.56,0.0034545614373816536
67.6,0.0036761520386929813
67.62,0.00420786578915755
67.62,0.004297295177258409
67.66,0.0055313942403828475
67.68,0.0035732021315899587
67.68,0.0034843942695875763
67.7,0.003667955424347169
67.72,0.0037319134642204155
67.72,0.003926167504512024
67.74,0.004603102184967178
67.76,0.004171053092129395
67.76,0.0034951926243923515
67.78,0.0043770155826103885
67.78,0.004359337634417648
67.78,0.00458389942372861
67.8,0.0034906292578279485
67.82,0.004106453021450185
67.84,0.003645360800492381
67.84,0.00441379731311442
67.86,0.004133777917771031
67.86,0.004773702735173968
67.86,0.005304814796535995
67.88,0.0028911227894076186
67.88,0.0036617753023967525
67.9,0.004192856056676408
67.92,0.003414491829726418
67.92,0.003430774650338808
67.94,0.004348026393017235
67.96,0.003610529863305234
68.02,0.0041537157923368095
68.1,0.003941829682823639
68.1,0.004273063359621965
68.12,0.004022990911337954
68.14,0.007170046653107387
68.18,0.003460112959531636
68.2,0.004537515716970031
68.24,0.0035643231510887885
68.26,0.0037927635220887934
68.26,0.004302169533477618
68.26,0.003489866644908579
68.28,0.0032973716757900284
68.32,0.003337776249205171
68.34,0.004750928808359145
68.36,0.003930842112357391
68.38,0.004116135669172016
68.42,0.004425664033402055
68.42,0.0034629884509663755
68.42,0.0033741513226076547
68.46,0.004991709144667622
68.48,0.0033833411613970465
68.5,0.004880423219140617
68.52,0.006011113797611545
68.52,0.0039246061154175615
68.56,0.0037303158860060304
68.56,0.00442952831032517
68.58,0.003046451603762823
68.58,0.0039085446307868255
68.6,0.003642147971583576
68.62,0.00521436034485756
68.62,0.004407563145488846
68.62,0.004781527470018809
68.64,0.004497138402411949
68.66,0.0038662065673471524
68.78,0.0038649859178702117
68.78,0.0037031596063757943
68.8,0.003969915534090762
68.82,0.0030820389849679497
68.84,0.006123134081402415
68.86,0.0038313192241800076
68.9,0.004254491295151763
68.9,0.003982650601226823
68.9,0.0067810877060415775
68.92,0.004787950384881556
68.94,0.003871475408788183
68.96,0.0036338310291106346
69.0,0.008107489395356993
69.02,0.0036776788777231895
69.04,0.004938484318363967
69.04,0.0041068831263392225
69.06,0.0038760779658379985
69.06,0.0036303798407489873
69.08,0.004666889686529618
69.08,0.004682843219483979
69.08,0.0036093523522734428
69.08,0.0034981447895063855
69.12,0.003400801539775955
69.14,0.0034482501202312
