time (s),contrast
,
0.02,0.005230460582971608
0.02,0.004407772065618598
0.04,0.003860948664299202
0.06,0.004114274667612827
0.08,0.005133347949612399
0.12,0.004623727185364412
0.12,0.009160514114133989
0.2,0.003860035604019818
0.2,0.004562897133627231
0.22,0.004586450416440346
0.24,0.006616014836950401
0.24,0.004849152309657212
0.28,0.006205945146705583
0.3,0.0047875406044219915
0.3,0.0036290883226876014
0.32,0.0068059283407502225
0.34,0.0050048034411573905
0.34,0.004152272405040791
0.36,0.005717943008285209
0.4,0.004947763801210425
0.46,0.004306420105030573
0.48,0.004462224825335204
0.5,0.003310041896817606
0.5,0.0037353724479249895
0.5,0.004967542319301965
0.54,0.003869143573251632
0.56,0.004041199007802976
0.58,0.004175344926451552
0.58,0.004519697974349146
0.58,0.00522298316673675
0.6,0.0032455444293315594
0.62,0.005200345669436834
0.62,0.004323837004333586
0.64,0.002968144449184029
0.66,0.008549925571713968
0.68,0.0042221530057235945
0.7,0.003915932283053203
0.7,0.0069425257276624075
0.74,0.004509240227508204
0.74,0.0034630709234292345
0.74,0.0040954245367051945
0.76,0.004084694792363175
0.76,0.004602160450452808
0.76,0.00461462623683917
0.76,0.00361521975891399
0.76,0.0075086772688701675
0.78,0.004139767248465209
0.78,0.0033787834561560537
0.78,0.0043196821052712275
0.8,0.006677003636936019
0.8,0.0035582822586860408
0.84,0.0035799071079504197
0.84,0.0031317224793736553
0.86,0.01127772879995037
0.88,0.004164157686317949
0.88,0.0036570530901274267
0.88,0.004783146536092242
0.9,0.0034300673302064544
0.92,0.003938660941048777
0.94,0.0036999792065297576
0.94,0.003763591691569368
0.94,0.004616842424229217
0.98,0.002961234512070421
1.02,0.003312083922291764
1.02,0.005647479072143802
1.02,0.003537719816428031
1.02,0.00398565429735398
1.04,0.004525419211488968
1.06,0.003641756750399572
1.08,0.004333981199754033
1.1,0.003817553589535616
1.1,0.0035212519899495698
1.1,0.007097298759391246
1.12,0.0030796010037319466
1.12,0.0042970737493793765
1.16,0.0038583062699235615
1.2,0.005765637263505763
1.2,0.0036840257459568315
1.22,0.004710051859268649
1.22,0.004606408823617625
1.24,0.00502524157003037
1.26,0.0041998594257608435
1.26,0.006960403526018455
1.34,0.0062312774549195815
1.38,0.006264772879593816
1.38,0.0037622001257520132
1.4,0.00872155428779875
1.4,0.00477465533002297
1.42,0.0037343716504047997
1.42,0.004627774764183634
1.44,0.0037088579023262236
1.44,0.005105806337083241
1.44,0.0032676589711445603
1.46,0.0057937589741448026
1.5,0.005135890011352395
1.5,0.004351090274714031
1.52,0.0035840547055041583
1.52,0.0034696316167643904
1.54,0.004209676221775593
1.54,0.00417921882024519
1.56,0.004118464227364171
1.58,0.0043251625623379475
1.58,0.005119312047950797
1.6,0.004155548485290983
1.6,0.005389649447272382
1.64,0.0035740876150224254
1.64,0.004262488962148647
1.66,0.004180397937711633
1.7,0.003960184450294224
1.72,0.005159581689594184
1.72,0.004092278085493395
1.76,0.004275970415040242
1.78,0.004662004234814776
1.8,0.003985859875081377
1.82,0.004308129017448037
1.82,0.003971446985971183
1.84,0.005517466740526222
1.84,0.004898978665264786
1.86,0.004166102287800233
1.88,0.008438144785490431
1.88,0.0032771701817031484
1.88,0.0037075918689052356
1.9,0.005190912585622431
1.9,0.004325854009276764
1.9,0.004668218184527229
1.9,0.004192845620815788
1.9,0.00427516863455224
1.92,0.0038871091813044156
1.94,0.003814983895251589
1.94,0.004837426858270377
1.94,0.004443718348754788
1.96,0.00424674202137143
2.0,0.004102130591813635
2.02,0.0038182874744083772
2.04,0.003778573196589252
2.08,0.006230217412187655
2.1,0.004271215390062366
2.1,0.004340028708215371
2.12,0.004782198791654424
2.12,0.005676475359369992
2.12,0.003463275436408786
2.14,0.004047357261919182
2.16,0.003856141953089587
2.16,0.0034829824366355844
2.16,0.003654158866950974
2.18,0.004838084465168646
2.18,0.0043707719689212166
2.2,0.006421951156663774
2.22,0.003934342242201017
2.22,0.006844647380105373
2.22,0.005669891772988822
2.22,0.005768175232609196
2.22,0.003115194024485013
2.26,0.004075030458716156
2.26,0.004208020990998151
2.26,0.004177041515630031
2.3,0.0036907116056748013
2.3,0.004161196292315594
2.32,0.005797798554758593
2.34,0.005692296103448791
2.4,0.0073688280885492174
2.4,0.003961464331776243
2.44,0.004041055143943595
2.44,0.009769920568419965
2.46,0.0045284638894635965
2.54,0.004417384494272647
2.56,0.005873698063887156
2.58,0.0038188035920282415
2.62,0.004766073707282437
2.62,0.003162591010573368
2.66,0.004055103268240434
2.66,0.005020596666527211
2.68,0.007801202952225195
2.68,0.004948075930203633
2.7,0.009759469044128832
2.72,0.005058200473634589
2.78,0.00513186014097855
2.78,0.004283478096320015
2.8,0.004027929656997609
2.8,0.005889571863483156
2.82,0.006465162040481642
2.84,0.008427451205865633
2.84,0.004755738589707237
2.84,0.0041995412110940045
2.84,0.0059360592402866175
2.84,0.008058414502925992
2.86,0.0038813160827959603
2.86,0.003336030439927584
2.88,0.004121513966601209
2.9,0.003938923781979797
2.92,0.003754755565083978
2.94,0.0037040892792508107
2.98,0.007017450335621955
2.98,0.004121010738529551
2.98,0.003746602714940428
2.98,0.0033277449781597968
3.0,0.00411030422507741
3.0,0.003923965248294414
3.04,0.005616105132095983
3.04,0.005335299584819153
3.1,0.0038646113988574093
3.12,0.004354875211942444
3.12,0.004458253732236406
3.14,0.004627797265498446
3.16,0.004297413470183642
3.2,0.0038286365528520383
3.24,0.0034267985633236187
3.24,0.006005160849719582
3.26,0.004168284474922013
3.26,0.004468985751659216
3.28,0.004400488297146787
3.3,0.004765209273490445
3.32,0.0033525136612053696
3.34,0.0034750421782051566
3.36,0.006829708340446827
3.4,0.006137462608971633
3.4,0.0049602779629928095
3.4,0.00547693092217405
3.4,0.006483498632976037
3.42,0.004327176395294785
3.42,0.00459882960356317
3.44,0.004853299546888623
3.46,0.00668548725601259
3.48,0.004358101420545046
3.5,0.0048213216903232325
3.5,0.004097185868280229
3.5,0.005010958201630777
3.52,0.0032206188218704135
3.52,0.004493941970322046
3.56,0.004264563159405155
3.56,0.005341270104427198
3.56,0.0046416233857844436
3.64,0.003801178834694774
3.64,0.004206832864865007
3.66,0.003320719862561994
3.66,0.0035143754215799516
3.66,0.002928379363033251
3.68,0.004016170907840788
3.72,0.004257608232814625
3.72,0.0037770069471140255
3.74,0.004457615438517193
3.74,0.0038112704496754413
3.78,0.00316640797049883
3.8,0.0043424214593513755
3.8,0.003210727861560403
3.82,0.003774785048444751
3.84,0.00372956807727598
3.86,0.00512298221629881
3.86,0.004166361015305764
3.86,0.004093362492652797
3.86,0.005261087908610018
3.88,0.008171372447333791
3.88,0.0040394207239136115
3.9,0.0034382782058623995
3.94,0.004519040438834776
3.98,0.003380602061791249
3.98,0.004394619020431145
3.98,0.0036545035951800475
4.0,0.006400004385159197
4.02,0.0035336214663848065
4.06,0.003517896328764758
4.06,0.004429885799023592
4.12,0.004148775285431783
4.12,0.006998550285756355
4.12,0.003663831282640362
4.12,0.003659519257726229
4.12,0.003679823503853652
4.12,0.004487929117588996
4.12,0.00387046532322044
4.12,0.0072069656724039755
4.12,0.004680120237725571
4.14,0.0063606799693259886
4.16,0.0037671403302740325
4.16,0.006246920413948365
4.2,0.0040332861242872164
4.2,0.003970345769898187
4.2,0.004855119613765169
4.22,0.004318939178774572
4.24,0.005378397615069197
4.24,0.00375020889790878
4.26,0.004189867436461214
4.28,0.004816265300192413
4.28,0.003969593769632018
4.28,0.0042549563430988036
4.28,0.00310520230140765
4.3,0.003197861871700791
4.3,0.004893057415316426
4.32,0.004016685821528809
4.32,0.004047306592740774
4.34,0.004837117911545952
4.36,0.0039337438064528385
4.38,0.005921292627508956
4.38,0.004515661956558836
4.4,0.003606274054407832
4.4,0.004500194029943172
4.42,0.0031718673257763452
4.44,0.0037004536182457803
4.44,0.0035893794653315547
4.46,0.0041626697460384054
4.46,0.004120216941903787
4.46,0.004120216898029216
4.48,0.004673446136745585
4.48,0.003805941953175962
4.48,0.005120133381371406
4.5,0.003536636176905583
4.5,0.00396066612622703
4.52,0.004079818980463834
4.52,0.007165841896107805
4.56,0.004507370372732411
4.58,0.0046270528507259545
4.6,0.0038745463953971937
4.6,0.004092721084905215
4.6,0.003350720557812159
4.62,0.004728747031749636
4.64,0.003656405574839039
4.64,0.004341519588188958
4.64,0.00497162434913323
4.64,0.003795410921934028
4.64,0.0045395582785300315
4.64,0.0036526761447680522
4.68,0.0066419789621365855
4.68,0.00386493270636723
4.7,0.004402535512683214
4.74,0.003184080707892001
4.74,0.008802327635703211
4.74,0.0042078804669579695
4.74,0.00421376865676637
4.8,0.0050826567527264555
4.8,0.0037547174362270175
4.82,0.006252700967893432
4.82,0.0037242658848504195
4.82,0.004037330970053765
4.84,0.0038448395185204376
4.86,0.004033085786307233
4.9,0.0041225782953969725
4.9,0.0032373840796176
4.94,0.003971385423350959
4.94,0.0032938400282922498
4.94,0.00363404151609259
4.96,0.005514302245264391
4.96,0.005665052789578406
4.98,0.004932823164104039
4.98,0.0037823381140016377
5.0,0.007180651525470649
5.0,0.002817772628738391
5.0,0.003897613168227565
5.04,0.004412611418009416
5.06,0.010610983710480415
5.08,0.003499979622685001
5.1,0.0046499386268500364
5.12,0.004363843827209779
5.12,0.0038636341765639903
5.14,0.0037110511026303694
5.14,0.004747470547144639
5.22,0.004775259770575024
5.22,0.0041095117907468115
5.26,0.0035356807164947934
5.26,0.0038160428848076355
5.28,0.004458026354363209
5.28,0.003387216404942772
5.3,0.004276784032880787
5.36,0.004182821620735577
5.36,0.004303156420067955
5.38,0.004320585850581149
5.38,0.0036454649781507698
5.4,0.003360750163232007
5.4,0.0037624184898864543
5.4,0.0033742601464490374
5.4,0.0034416727764977617
5.42,0.004441637414583366
5.42,0.003414884961358
5.42,0.004884563561856625
5.44,0.0038583928968516368
5.44,0.00625619193688276
5.46,0.008606936857813552
5.46,0.010790933919146983
5.48,0.010139017045552645
5.48,0.004340487417926364
5.48,0.004649962034120825
5.5,0.005586368050392032
5.5,0.0041976012055687795
5.52,0.004168651270185841
5.54,0.0037149015546273922
5.54,0.004680386074625176
5.54,0.0036072009740215627
5.54,0.00561557023048842
5.54,0.006670713695661967
5.56,0.004134053656162595
5.56,0.004307249320334772
5.58,0.005643317220177635
5.58,0.004142266440964826
5.58,0.003349298432894776
5.58,0.0034243190063921736
5.6,0.005067873806165579
5.6,0.004086270711958773
5.6,0.004194769482889993
5.62,0.004666139395761215
5.62,0.004170261063226155
5.62,0.004169313099076977
5.62,0.0038135149725532225
5.64,0.0033587664189743682
5.64,0.003615052827464771
5.66,0.00320938806843718
5.68,0.004717468064003971
5.68,0.0053974251133726
5.72,0.004559712697589591
5.72,0.0032546689644423754
5.74,0.0035757902174256007
5.74,0.0044208952783025834
5.74,0.004151785903747429
5.76,0.004078305586391995
5.8,0.004353563874862854
5.8,0.004107151324418967
5.8,0.0036027998424732477
5.84,0.004197640162014182
5.84,0.003359501566154388
5.86,0.004193527077589576
5.88,0.0058561114951888316
5.88,0.004049735920631847
5.9,0.0051020117663458375
5.92,0.0038687708316288427
5.92,0.004291843882183954
5.94,0.00410311495538962
5.94,0.0036516785454315803
5.96,0.0031845049758335575
5.96,0.004354537318908003
5.96,0.0036936444908526322
5.98,0.003225729644215969
5.98,0.003965130187278398
5.98,0.003921927255418178
6.0,0.0052422276363479625
6.0,0.004059606330896637
6.02,0.004592015868822852
6.04,0.0040796057322820545
6.04,0.0036664038334791593
6.08,0.0063116250065992086
6.1,0.004395120687869958
6.1,0.004013994320159808
6.12,0.0029541425365400276
6.12,0.003389754357610575
6.12,0.005985614249934046
6.12,0.003821537209002801
6.16,0.0034471921889097645
6.16,0.003326101222351552
6.16,0.0035504761478377667
6.2,0.004422221365928403
6.22,0.005029811254147032
6.24,0.007645663142852421
6.24,0.0032461535533607755
6.24,0.005858592043107569
6.26,0.003845829344850449
6.28,0.003433881773446168
6.28,0.003867016912646015
6.28,0.004089022952215027
6.3,0.004084567152087604
6.3,0.003424027692019993
6.34,0.00446754136199401
6.38,0.004139533864979561
6.38,0.0055027300082199915
6.4,0.005554869162522791
6.42,0.004629848808059167
6.42,0.0037506279914631957
6.42,0.003731570883375168
6.42,0.0029957981812154255
6.44,0.004205726248542763
6.44,0.003682184338664962
6.46,0.005493784857431017
6.46,0.004242085829972431
6.46,0.005717068435409978
6.46,0.004817712936259211
6.46,0.0032515166768439796
6.48,0.004958886955838793
6.5,0.0036293443532612324
6.5,0.00429419869335379
6.52,0.003980775019312377
6.52,0.0035621339009832553
6.54,0.0044492808038748555
6.54,0.0035142968714243494
6.54,0.004132634231982402
6.54,0.0036256719336555943
6.56,0.003418986866710161
6.56,0.0033456426933875516
6.58,0.00451685194846041
6.6,0.004135419896469039
6.6,0.005714817387226789
6.6,0.0038940611917860357
6.62,0.004715387974390417
6.62,0.003955261133974153
6.66,0.004002499140782767
6.68,0.003631611389232403
6.68,0.0033237648207905535
6.68,0.003980422528076399
6.7,0.0038438745255163775
6.72,0.003296458390397383
6.74,0.0034928492834404024
6.74,0.0035159407790488206
6.76,0.0037150384796531544
6.78,0.004204877788940409
6.78,0.003768689580023188
6.8,0.004383408885994644
6.8,0.0034636541662880216
6.82,0.004085729559273554
6.84,0.003943137431937638
6.84,0.005861432440611991
6.86,0.0040605904423571815
6.86,0.00327017775420535
6.88,0.0037114564799661798
6.9,0.0035595756421835656
6.92,0.003413406293677812
6.92,0.005049213349910375
6.96,0.004232006870313443
6.96,0.003401759027017004
6.98,0.004360983108354977
7.0,0.00401967300516759
7.0,0.0033056633205628128
7.0,0.003927369160154015
7.0,0.0037337670686411473
7.0,0.004705063120814423
7.02,0.006253528786138829
7.04,0.002806121920101212
7.04,0.003238253127396007
7.06,0.007538039657742246
7.06,0.0042539044742015975
7.08,0.006802570623752002
7.08,0.01700268386951176
7.1,0.004479690749754961
7.1,0.003652718081985973
7.1,0.0028816636867652345
7.1,0.004618801532460415
7.14,0.004437099368961195
7.14,0.007865436900238443
7.14,0.004284823131881055
7.14,0.004475706010335978
7.2,0.003446099653207635
7.2,0.003515834718361588
7.2,0.0036616036992560552
7.2,0.003111024568917209
7.22,0.002947859300674427
7.22,0.004667807814656588
7.22,0.003450877318454837
7.24,0.0030304059845007725
7.26,0.005296014174195229
7.26,0.0049319573238562064
7.26,0.003940283487617546
7.26,0.004452260752303205
7.28,0.006383336184983546
7.28,0.006906619339054787
7.3,0.003522407438870556
7.3,0.0038392588678898276
7.32,0.0026133162788197772
7.34,0.0035666096476387743
7.34,0.0025712615765344227
7.34,0.00358468185384464
7.36,0.0033617837765708147
7.36,0.0038927041661628303
7.36,0.0033177796889818367
7.38,0.004682259406262768
7.38,0.002923613723797569
7.4,0.003950964607237206
7.4,0.003933063795146019
7.4,0.0035661773329309643
7.4,0.0041010310248091875
7.42,0.0033200246397739885
7.46,0.004687485504980771
7.5,0.0038495416380468495
7.5,0.006952363790022398
7.5,0.0035776363155114455
7.5,0.003504076392234823
7.52,0.004048494405971992
7.54,0.0038448797783876554
7.54,0.004710620175067182
7.54,0.003601574732732815
7.58,0.003927291491949592
7.58,0.004127487530770413
7.58,0.003323267707502797
7.6,0.0031820932197595964
7.6,0.003900805362513582
7.62,0.00371145504309478
7.64,0.003979091388119582
7.66,0.007817886613808223
7.66,0.004701620477379986
7.66,0.006165589400252247
7.7,0.0038658993445671586
7.7,0.0036902395908148256
7.74,0.003681256738491623
7.82,0.007350014276193195
7.82,0.004701279370068812
7.82,0.0032576352358374416
7.84,0.004266305219499222
7.84,0.003834731142101644
7.84,0.0035658696487478325
7.86,0.004368084564939756
7.86,0.003546832508633413
7.88,0.0028776307060940365
7.9,0.0032611643158779735
7.9,0.003965386682493577
7.9,0.00392490569041315
7.9,0.005233167241168624
7.94,0.006212464002329221
7.94,0.003963981103926817
7.94,0.004732089644728599
7.94,0.003406522408477164
7.96,0.003383517088639598
7.96,0.003777456317142769
7.96,0.0032865140479400035
8.0,0.0035808626156820234
8.0,0.003558900282610189
8.0,0.0032894323333749753
8.0,0.0075880206703955455
8.04,0.0038662415895034385
8.06,0.0036921682470973938
8.06,0.003184268967376447
8.08,0.0045857927553364375
8.1,0.0046459217389468455
8.1,0.0034281763404984122
8.1,0.004298758687744431
8.12,0.0035679086526774206
8.14,0.004729692890485637
8.14,0.004638781447921847
8.14,0.005041277950848411
8.16,0.004047861052377977
8.16,0.006423498478584366
8.16,0.004786033347422447
8.16,0.0033885243599232062
8.18,0.0036984871363635596
8.18,0.004324507432385216
8.18,0.0035241937658302414
8.22,0.004649661341700195
8.22,0.0037291560182070027
8.24,0.0032959423784779673
8.24,0.004074670874584796
8.24,0.0034669797630869637
8.24,0.004003752342017997
8.26,0.0036001628760712334
8.26,0.003923449856357619
8.28,0.004746924256263996
8.3,0.0033872701264240357
8.32,0.003894827928861977
8.32,0.003735930607345561
8.34,0.0037989798652912077
8.34,0.0037949111363295707
8.42,0.0038386029189177995
8.42,0.006272153019889148
8.44,0.004704070170515218
8.44,0.0033418941954533876
8.44,0.0038978568698652127
8.44,0.003235059738926349
8.46,0.0037544934927623563
8.46,0.0038567391472258405
8.5,0.003971205465881145
8.5,0.003911878248284428
8.52,0.0035605554046261867
8.56,0.005449370219572369
8.56,0.004306666763304379
8.6,0.004009541676127992
8.62,0.00523043573073001
8.64,0.0038346459960177937
8.64,0.003483011490411636
8.64,0.006089267558159639
8.66,0.003583623176089401
8.68,0.00434363458162923
8.68,0.003926108106027226
8.68,0.003505283252246638
8.68,0.004038043879178832
8.7,0.004206012891518451
8.7,0.0032950319087640123
8.72,0.004076754953002193
8.72,0.004162401078075639
8.72,0.004055616082809577
8.74,0.005582803699353156
8.76,0.0030454504342000144
8.76,0.004761706046295555
8.78,0.003960559829119359
8.8,0.004366440045727837
8.82,0.00462541491673385
8.82,0.0029527188594532516
8.88,0.004327215828005437
8.92,0.0049316155615699575
8.92,0.003760254490687398
8.94,0.0035327474584739837
8.94,0.005107751390245219
8.94,0.0034353450399592367
8.96,0.003708099078572613
9.0,0.0071370570121830346
9.0,0.0035256708581972163
9.0,0.007307574112635606
9.0,0.006033073001930567
9.02,0.004566348306463963
9.02,0.0057300915099880445
9.04,0.00346054183225164
9.06,0.004823517668845367
9.08,0.0070221196225142
9.08,0.003649749503849775
9.1,0.007203784266201052
9.12,0.004228132522415828
9.12,0.004259443518600747
9.14,0.006182839884243618
9.14,0.00392094383643804
9.14,0.00406320081042677
9.14,0.003529248632882176
9.16,0.004092303220611049
9.18,0.0035570406881799688
9.18,0.003883020559851569
9.24,0.0038948065894923722
9.24,0.004638725604820371
9.26,0.0039260899499772295
9.3,0.003727827235269654
9.3,0.0038611367572432
9.32,0.006025595192064359
9.34,0.009936834934481165
9.34,0.0031586126800363656
9.36,0.0032000309405701977
9.36,0.004004452884322829
9.36,0.0034968304377142045
9.38,0.004204000442783018
9.38,0.005610077284058823
9.38,0.004082153083246554
9.42,0.0030247939119597556
9.42,0.008550409543986004
9.42,0.003960358527776431
9.44,0.003930555682030379
9.44,0.0038396105676046233
9.44,0.0039733284576738415
9.44,0.0038488091201464014
9.46,0.008674295176970381
9.46,0.00651682141934895
9.46,0.0043119435419439744
9.46,0.004121008074331578
9.46,0.006669007908463254
9.46,0.00362306836969839
9.48,0.004397649188906838
9.5,0.0046912644037464535
9.5,0.00488741342483523
9.52,0.004106329180129653
9.56,0.003319135369462045
9.56,0.004161127877207238
9.6,0.005278197857453426
9.6,0.006841918661952384
9.64,0.0038804478279124144
9.64,0.003947221513339594
9.66,0.0043093332976575915
9.66,0.005701301268840053
9.74,0.004089497616207249
9.74,0.004097151235696761
9.76,0.0035053557279032255
9.76,0.0036776357443427665
9.76,0.004060503714562347
9.78,0.0038483207119197615
9.82,0.004553924900618012
9.86,0.004125320108924746
9.86,0.005597497793853989
9.88,0.0042794329878251824
9.88,0.004285525040305438
9.88,0.0038736363973563837
9.9,0.0033902806691014087
9.9,0.0075767392250494225
9.9,0.0036429848797776554
9.9,0.0033555177665284264
9.92,0.00392839461996497
9.92,0.003166775136641209
9.92,0.003801007381160404
9.94,0.0044780923598986
9.96,0.003645101549667795
10.0,0.005373498666515819
10.0,0.004245366201294454
10.0,0.005560120555792802
10.0,0.0046194858659868165
10.0,0.008155133605725173
10.0,0.0038164920665260116
10.02,0.007341397532493188
10.04,0.003993440420606786
10.06,0.0034557025927611784
10.1,0.00520682614783885
10.12,0.005525817451066839
10.12,0.003183855186270401
10.14,0.0035617929098578083
10.14,0.004177428762673574
10.16,0.0042733796960926496
10.18,0.003371408766909445
10.22,0.0040980229968979875
10.24,0.0037446942439955944
10.28,0.004335726028046438
10.28,0.003736889544586397
10.28,0.0033489563824371515
10.3,0.0028854257325992005
10.3,0.004529385163041244
10.32,0.004232142886341994
10.32,0.0039023092462867615
10.32,0.004757271237320615
10.34,0.004429624621877237
10.34,0.004364050260190044
10.36,0.004280535737559044
10.36,0.0034866702377219783
10.36,0.0038892339850660207
10.36,0.0030471408838903535
10.38,0.003748274039366839
10.4,0.004368834567959778
10.4,0.004010459753075568
10.4,0.0030185749129651995
10.42,0.0036597909645964544
10.42,0.004366417229768826
10.44,0.004159658396042598
10.44,0.004007176676081969
10.46,0.004285164089363969
10.48,0.004244946329458821
10.5,0.0034813834348211836
10.52,0.004114761712093351
10.52,0.0032234468071555833
10.52,0.0037278397826243648
10.56,0.00340996206197941
10.56,0.004005458265610384
10.56,0.0037505307464847926
10.58,0.004067142109737243
10.58,0.00372811511042459
10.6,0.003836409503335192
10.62,0.0027569035527376107
10.64,0.004353416140877031
10.66,0.0037995474964236386
10.66,0.0072008535232401805
10.68,0.005788118959959565
10.68,0.0032010984941753806
10.72,0.0033951754088895614
10.74,0.0034717235961998494
10.74,0.004722432299025359
10.76,0.003465639819463573
10.76,0.004547607374458029
10.76,0.0034027374645058117
10.76,0.003271965134291621
10.78,0.0057010641873882495
10.78,0.004714938546457215
10.82,0.003837350896818026
10.84,0.004218239334473961
10.84,0.004143440632107032
10.86,0.003910227084708007
10.86,0.0039031339674724386
10.88,0.003698640008173548
10.9,0.0031312414367827834
10.94,0.004217258692388648
10.96,0.004332219966173612
10.96,0.004031117625468594
10.96,0.005185856502806785
11.0,0.0037068439478368242
11.0,0.004284957622148755
11.02,0.003804476979854421
11.04,0.004730902030359196
11.04,0.003910415535994249
11.06,0.009422990886533644
11.08,0.0039868296730464214
11.1,0.007181071856047216
11.12,0.004001479789428775
11.12,0.00452486608607805
11.12,0.005708752712374809
11.12,0.007709748536270378
11.12,0.004434235160614808
11.12,0.004637348387564577
11.12,0.0057427425974709845
11.12,0.005153421340310382
11.12,0.003308256797291631
11.14,0.0046619124786183574
11.16,0.0034991607670747937
11.16,0.004408698901814168
11.18,0.0035777007102831826
11.2,0.0064983888119606315
11.2,0.00502055669760515
11.24,0.005805324616766416
11.24,0.003677180617625231
11.24,0.004677771650533624
11.24,0.005709677402048197
11.26,0.006858448298168396
11.26,0.003122468417752211
11.28,0.0040980112650179645
11.28,0.004086394589092435
11.3,0.003997297222798402
11.3,0.0031743965927679696
11.3,0.0041635233823436035
11.32,0.004028335694370222
11.34,0.004254733838005009
11.34,0.0060053027278069715
11.34,0.004052683604278795
11.38,0.007240476845265631
11.42,0.003013192470117998
11.44,0.004079946340428409
11.46,0.003866476031896826
11.46,0.003497337595121164
11.5,0.0037907234057455996
11.5,0.0032480389919680164
11.52,0.0034481218978343886
11.52,0.004122915046939402
11.52,0.002932872745475379
11.52,0.004290884303029374
11.52,0.006874611970541178
11.56,0.004762700322519575
11.56,0.0031997318219612048
11.56,0.0043108023829050435
11.58,0.004154305059820396
11.58,0.00403153258017197
11.58,0.0033320093884039448
11.58,0.003226888129808425
11.58,0.0032243567529638417
11.6,0.01099010006018264
11.62,0.004725918312447619
11.72,0.0031596382661741584
11.72,0.0026384675601778262
11.74,0.007021909485079636
11.74,0.003486260272311248
11.74,0.005802962065323158
11.74,0.003315031679529179
11.76,0.0035739108638247474
11.76,0.004120739956269603
11.76,0.003657830569136822
11.78,0.006352538244367545
11.78,0.00447457084283398
11.78,0.002996851058713612
11.82,0.0033080829714610127
11.82,0.003908823976271791
11.86,0.004401196342322389
11.88,0.004570163406443228
11.9,0.01579256773290738
11.9,0.004415901412971546
11.92,0.005120721073062384
11.92,0.0031214339505224453
11.94,0.003335415047071577
11.96,0.004840970403775957
11.96,0.003741638968976946
11.96,0.0031094228652638334
11.98,0.0034952513512348515
11.98,0.003497991360192021
12.0,0.0030055672077311524
12.02,0.0039984098139748125
12.04,0.003648742763845969
12.04,0.003542895902527987
12.06,0.0037173115506099474
12.08,0.004697060469949443
12.08,0.0033284046080640506
12.1,0.008710204321897175
12.1,0.0039021016157105848
12.1,0.003214203068591437
12.14,0.004413047726720798
12.14,0.0036374579651460293
12.14,0.003844228326680965
12.16,0.003576939435347648
12.18,0.004892364245945413
12.18,0.003382353288265416
12.2,0.002960892323625952
12.22,0.0035036186277448422
12.24,0.004135052504099623
12.24,0.003826656958480834
12.24,0.004020364994154368
12.24,0.002694245150348773
12.24,0.004356059741630003
12.26,0.003280127591357207
12.26,0.003248489526219589
12.26,0.003519433891395196
12.28,0.00337428215076363
12.28,0.003482688926724986
12.28,0.0040976790001382435
12.3,0.0032090875830271814
12.3,0.003907549822353973
12.32,0.003322750004858377
12.34,0.0030824232817942
12.34,0.0032836966052643968
12.34,0.0030434783893291684
12.36,0.006462396400676806
12.42,0.004280568653571404
12.42,0.00282866407162341
12.44,0.004028862415238366
12.46,0.003925135559610382
12.48,0.004014267677494021
12.48,0.00304690328654178
12.48,0.003550422640162809
12.48,0.004292386540690418
12.5,0.007276261892168012
12.5,0.004007442250927751
12.5,0.003095084291598993
12.52,0.0038836073573244034
12.54,0.0035260854140658493
12.54,0.0036348607167415725
12.56,0.006660996990351831
12.56,0.002935092606601186
12.58,0.00344532548215315
12.6,0.004429514298857629
12.6,0.0036337545652176395
12.62,0.0037676223594500513
12.62,0.004261412098536366
12.66,0.003444632028125616
12.66,0.003131438047431989
12.66,0.0035914368627083526
12.68,0.0034669196706603733
12.68,0.005484330793178005
12.7,0.003922509675083563
12.7,0.0045380545971568376
12.72,0.0033196272889085554
12.74,0.004271971666801044
12.74,0.003625239800370772
12.8,0.003975294798511997
12.8,0.0039731673427292336
12.8,0.0036030190129076045
12.8,0.004096858369274425
12.84,0.0038990666469483903
12.86,0.004195347771837055
12.86,0.0038724793984179495
12.88,0.005209140444544791
12.9,0.002960412002493751
12.92,0.0029368566715726185
12.92,0.0030391602876196355
12.92,0.0029749728026625677
12.92,0.004754701223995239
12.94,0.005657085171584364
12.94,0.005379076489310353
12.94,0.00479835912855564
12.96,0.0032941121266711892
12.98,0.004251427999216406
13.02,0.00338094656066501
13.02,0.004523730144028182
13.02,0.004049747559203176
13.06,0.0034419906843268233
13.06,0.003472039404052385
13.06,0.004119070858641605
13.1,0.004167751622830784
13.12,0.004010930413753777
13.12,0.0033437827493163486
13.12,0.0042044928399024295
13.12,0.00326093110751724
13.14,0.0031039987497375465
13.14,0.003211774080987051
13.16,0.0029050013255149665
13.16,0.004740734397592816
13.16,0.004158875682126362
13.18,0.003578612773989631
13.18,0.0034586456202155835
13.18,0.0028054844505064347
13.2,0.004004637229266361
13.2,0.003383731664363565
13.2,0.004230485875556633
13.2,0.00367748487903119
13.22,0.003951335368054809
13.24,0.0037897220451291735
13.26,0.0033535799688347856
13.26,0.0031703845631727567
13.26,0.0039340134078752476
13.3,0.003421694331554037
13.3,0.005379148077928053
13.32,0.009786219450732991
13.32,0.0035796651714710137
13.32,0.0040543373252424075
13.34,0.004442852327985802
13.34,0.0037706842497188253
13.36,0.0038947419147391527
13.36,0.004032258462048022
13.36,0.0039700142458863885
13.4,0.0045186016011844465
13.4,0.0035234823468319743
13.42,0.004588757630600626
13.44,0.0037401116072564022
13.44,0.005618917304071824
13.44,0.0038056589190421652
13.46,0.0037120250177371528
13.46,0.0036141336469511787
13.46,0.00455260887962039
13.46,0.0032143599254228494
13.46,0.003914206031465195
13.48,0.00487151979298639
13.48,0.003710523517319597
13.5,0.004285687571930041
13.5,0.0031443110075803915
13.5,0.004068282169083948
13.54,0.003928964954549974
13.54,0.0035699184120355776
13.56,0.004218740405364851
13.56,0.003163111209599556
13.56,0.003489700234419968
13.58,0.00489014370280616
13.58,0.004639309056917229
13.6,0.0034419750123871884
13.62,0.003873719433577616
13.64,0.004546240446741567
13.68,0.00617694101437416
13.7,0.004718045230876822
13.72,0.004077791941250797
13.72,0.0030564933408268047
13.72,0.00331180662400421
13.74,0.003460784301430375
13.74,0.002966695780364015
13.74,0.0038237550301966072
13.74,0.003999041968955619
13.76,0.0036397360641230447
13.78,0.003939385075899637
13.82,0.0032177428623779702
13.82,0.0034729094166557894
13.84,0.0054272890032543986
13.88,0.0030964832537812015
13.9,0.0056537137710388485
13.9,0.003533416525220434
13.9,0.0035010269011299666
13.92,0.003909140488860596
13.92,0.005325638976581448
13.92,0.003957088802001629
13.94,0.004359361511356186
13.94,0.0036212862491268316
13.96,0.00425198307900998
13.98,0.002988646474180845
13.98,0.0035775674614167974
13.98,0.003531364908747614
13.98,0.0033076497463744303
14.04,0.0039038208536832375
14.04,0.005644920625919592
14.04,0.003948508732255385
14.06,0.00382353070439323
14.06,0.003007008173584569
14.08,0.004127654768890765
14.08,0.003439807218635571
14.08,0.0031740653587839507
14.12,0.0035907986080767618
14.2,0.0033284848634064224
14.2,0.004375860672688581
14.2,0.004122756369684399
14.22,0.0030793927450107894
14.24,0.006140830623841631
14.24,0.0036387582226588
14.26,0.0042249719859346335
14.26,0.0030171729521796253
14.26,0.004806471544975821
14.28,0.003683712695256025
14.28,0.003730393702884194
14.3,0.004409478665618027
14.34,0.003621470072493582
14.34,0.004737695308506762
14.34,0.004394769860199821
14.38,0.004817124494653213
14.38,0.004204427862980364
14.38,0.0033434603968623966
14.42,0.003359547537898022
14.46,0.005515236928186451
14.46,0.003089062452407032
14.46,0.0038085407765927615
14.46,0.006678095755045965
14.48,0.003818227074588787
14.5,0.0039647158780024006
14.52,0.00359237182054295
14.52,0.003633623199782443
14.54,0.003216791396633223
14.54,0.004568951310843561
14.54,0.003270479592058617
14.56,0.0029180980162739623
14.58,0.003530600865269573
14.6,0.003802574948701176
14.62,0.005548893056938953
14.62,0.003304162063087146
14.62,0.004612309273453574
14.64,0.003686291974381972
14.64,0.003913650416941361
14.66,0.002867483243961244
14.66,0.007260501464917968
14.68,0.00264210744750637
14.68,0.0036212440794819445
14.74,0.004305365994263788
14.76,0.005282459558229813
14.76,0.004834472446773597
14.76,0.004349700006270774
14.76,0.0029138534806507632
14.8,0.0031722781267744526
14.82,0.003088721116114801
14.84,0.003396103171776965
14.86,0.004031615649094822
14.92,0.003828593339598174
14.92,0.004553687936566964
14.92,0.0037293815741333836
14.94,0.004289865931336845
14.94,0.006432635292748845
14.94,0.0034547840069392155
14.98,0.0032366945699962013
15.0,0.003258530459000375
15.04,0.004253741127363653
15.04,0.0044790830040107865
15.12,0.004019619237439986
15.16,0.00314571258919516
15.18,0.00293793753297078
15.18,0.0031994195197335706
15.2,0.003980799095067766
15.2,0.00400816163434925
15.2,0.00407914388364905
15.22,0.007405629293132043
15.24,0.0067586859526451715
15.24,0.003525458680238569
15.26,0.0063259962574018225
15.26,0.0044774490524551736
15.26,0.0031061142763402216
15.28,0.004338422654863616
15.28,0.004465322213561551
15.3,0.003566242255994778
15.3,0.00378160385434001
15.32,0.004590861844159577
15.34,0.003511486563907651
15.38,0.0036661651199806355
15.38,0.003722424891795195
15.38,0.00413152060790245
15.42,0.0171929757564504
15.42,0.0037930151991661942
15.44,0.004499705461674441
15.44,0.003965150837762832
15.48,0.003957230397423239
15.48,0.004376510815539358
15.5,0.0037389326007020163
15.52,0.00424253482325021
15.52,0.003462503622781554
15.52,0.004678295611255212
15.52,0.004419022741381173
15.52,0.0044357038551058325
15.52,0.0037615331209843728
15.54,0.004756718956541173
15.58,0.00349415992990465
15.64,0.005139393219008026
15.64,0.003982853036420431
15.64,0.0042830442142192116
15.66,0.005058612146007779
15.66,0.003168812330737958
15.66,0.003730656404918431
15.68,0.004477195081302843
15.68,0.004247023578232367
15.68,0.0038085891985671916
15.7,0.003742282686449827
15.72,0.00354984620375165
15.72,0.0112422245074556
15.72,0.0037807660027168177
15.74,0.005535972445884774
15.74,0.0031396034827048114
15.78,0.0034277388728307656
15.8,0.003497354342650194
15.82,0.003579095913928021
15.84,0.0037380489982178355
15.84,0.0035250981984166208
15.84,0.003089466989927958
15.84,0.0035026098419014273
15.86,0.002852263222686835
15.88,0.003471218081352756
15.88,0.0035173664820992157
15.9,0.002641701431306376
15.92,0.003491309561579614
15.92,0.0034465629075464133
15.92,0.004319864937543549
16.04,0.0038402633926459817
16.06,0.003717686971970835
16.12,0.0036423402430088014
16.12,0.0058274038247208
16.14,0.0035919623839586468
16.16,0.0036176340909399585
16.16,0.004697754453317993
16.16,0.003995064754453548
16.18,0.00299605957609117
16.2,0.0032869002008277803
16.22,0.0037558752203493695
16.24,0.0032519072888224088
16.26,0.0032892748858551757
16.28,0.0029657768396907924
16.3,0.003468432950070377
16.3,0.004652698877895545
16.3,0.004646174388050817
16.32,0.004612533137416386
16.34,0.005806292430365567
16.34,0.0037746200666090024
16.36,0.004477023316376227
16.38,0.006306207413602438
16.4,0.006224213500883979
16.4,0.004544753940902813
16.4,0.002669186259677603
16.42,0.005359300197348427
16.42,0.003749436860882027
16.44,0.0035183288619351494
16.48,0.003922637271465801
16.5,0.004062883046368371
16.58,0.00404711698698923
16.58,0.0036512880356925903
16.6,0.0030973859183780483
16.6,0.0034289844834691774
16.68,0.005163188290820853
16.68,0.004077830364009993
16.68,0.007225104322640785
16.72,0.0030811225840550183
16.72,0.003404278710051223
16.72,0.0029283196521358024
16.74,0.004108666483751189
16.78,0.0038793846494583617
16.78,0.006718931552937235
16.8,0.004371178483643212
16.8,0.0035485653191523747
16.82,0.003951037763956444
16.82,0.003975762942240557
16.82,0.007464784597775442
16.82,0.003920803970632991
16.84,0.0039354197138563585
16.86,0.0072661436443524074
16.9,0.003743077342953205
16.9,0.0038545716127950103
16.9,0.004370129869927242
16.9,0.0041463186291399445
16.92,0.003432613093102388
16.92,0.003687899555143148
16.94,0.0040889641093248
16.96,0.0042959931990067535
17.0,0.003304186657087982
17.0,0.003825655106975967
17.0,0.0036203798870529935
17.04,0.003013828262294016
17.06,0.0025285727215755838
17.06,0.0037794914385795852
17.1,0.004386928222073205
17.14,0.0036522841633099823
17.14,0.0033018832855293834
17.16,0.007751439531285986
17.16,0.003977752787161171
17.18,0.0063477330279737565
17.18,0.004141862995043155
17.18,0.0036533075493140332
17.18,0.004674576700459232
17.2,0.003994253858583652
17.22,0.003750221175449653
17.28,0.0031360562778149914
17.3,0.0033289662042066404
17.36,0.0034156823598131547
17.36,0.0036594229234058195
17.38,0.00454574488734083
17.4,0.003439767851227571
17.4,0.004291373027001999
17.42,0.007260268980416429
17.42,0.006100420619274627
17.44,0.004050745000799161
17.44,0.0034291448130812086
17.46,0.0036567467540612464
17.48,0.003847407238384948
17.48,0.005796163659990028
17.5,0.004280839745437248
17.5,0.00380318678512237
17.5,0.006482040371279196
17.54,0.004601771005201205
17.56,0.007286960251930763
17.58,0.010596487019387646
17.58,0.003257519216753435
17.6,0.004002416548120391
17.62,0.004920753277340428
17.7,0.0042868747687068165
17.72,0.003914693097169963
17.72,0.004546314242972027
17.72,0.004115131879621203
17.74,0.005211380263862808
17.84,0.0052252012397959735
17.84,0.003816911096364395
17.84,0.0034465861165031697
17.88,0.003978008132765609
17.9,0.00498908469485404
17.94,0.006132585061211948
17.96,0.006961701791003971
18.0,0.003817060464800015
18.02,0.0042123204609175735
18.02,0.0036205806191671464
18.04,0.010225910678393957
18.06,0.003447021089066804
18.06,0.0067267075404797705
18.06,0.004042548654385358
18.08,0.0042482289727068245
18.1,0.0030588832199800464
18.1,0.005297692823145628
18.12,0.00362379956566361
18.14,0.0031764019636602026
18.18,0.00424451456887176
18.18,0.004758541187658838
18.2,0.004171888135153012
18.2,0.006267504203041563
18.24,0.003917110463686813
18.26,0.0036356402820113543
18.28,0.004117153404658014
18.3,0.0038120439936172312
18.32,0.0039611332310399705
18.32,0.004876083758256211
18.34,0.007535989059142212
18.34,0.003869767181889583
18.38,0.0042831721627083486
18.4,0.004589933433032045
18.42,0.004199420729082415
18.42,0.0033856677256549617
18.46,0.0037727282369891535
18.46,0.0036507415516460195
18.46,0.0032844321373040053
18.48,0.005229970858728783
18.48,0.0036384310861909963
18.48,0.0030220516648388207
18.5,0.0068833634217499995
18.5,0.003192477704984431
18.5,0.005089279441230832
18.52,0.0045327287913331515
18.54,0.0034368316899812124
18.56,0.004079736322076033
18.56,0.007210605930054181
18.56,0.0038336768078836014
18.6,0.0058284059947546485
18.64,0.0039006821904021827
18.64,0.003721550512763794
18.66,0.0034007932510867755
18.68,0.007224030671114212
18.7,0.0036599906637462265
18.7,0.003914021409342161
18.7,0.004104131948456824
18.72,0.010091300233560196
18.72,0.0035082792653500228
18.74,0.005556058369393546
18.74,0.0037593131312964045
18.76,0.0036724046855958203
18.76,0.003117719953000364
18.8,0.0046676182696669954
18.8,0.0036250598527990396
18.82,0.005028137188934023
18.82,0.004320065759800373
18.82,0.0038920031819301704
18.86,0.006436056539171564
18.86,0.0038707103191596426
18.88,0.006800067743629179
18.88,0.003818899361008765
18.88,0.003934688317195234
18.88,0.0038326115014708506
18.9,0.0056897561898433535
18.9,0.004680820388033635
18.9,0.004173302310704563
18.9,0.00422818214250964
18.92,0.003922714129340421
18.92,0.0032450187877075543
18.94,0.005501261348000552
18.94,0.005845305540912782
18.94,0.005402533131396381
19.0,0.0046197119535071884
19.0,0.004900924047410826
19.02,0.0037678343089008193
19.12,0.004010558393452768
19.12,0.0032840674685824522
19.12,0.0029552788959927856
19.12,0.0036667837762716093
19.14,0.004023485800867643
19.14,0.0038019623362846033
19.16,0.003975882981133161
19.18,0.0034587504604758346
19.2,0.002912302508146003
19.22,0.0034061693431753914
19.24,0.0038974791215955484
19.24,0.003926139676465601
19.24,0.004110203655189548
19.28,0.0028588316246973555
19.28,0.004871063235368234
19.34,0.004646938686223567
19.34,0.004700526811159844
19.36,0.005135538809541651
19.36,0.003740161521382568
19.36,0.004333362013986819
19.38,0.0036088599994807957
19.38,0.003990877778854429
19.4,0.003309384888790401
19.44,0.00465527037045943
19.44,0.004034741304471012
19.46,0.006817756910456052
19.46,0.005883342294977223
19.48,0.003145254021040822
19.5,0.0036161382103772066
19.52,0.004920993125673401
19.52,0.003102658770880784
19.54,0.0039214869143916475
19.54,0.003866601060914965
19.6,0.013762135562906952
19.62,0.0033232835732700527
19.62,0.003155075807190433
19.7,0.0037691028631714474
19.7,0.003481198844400235
19.7,0.0037207374763341683
19.7,0.003573940502986761
19.72,0.007907742456444433
19.74,0.0039577381730308
19.76,0.003581485412432195
19.76,0.004218703093656018
19.76,0.002827449924854397
19.78,0.0037394800880363732
19.8,0.005504229196089172
19.8,0.004200682856042581
19.82,0.003245664595726394
19.82,0.004069044542122646
19.84,0.0032814120127088175
19.84,0.004082145501226764
19.88,0.004944251863322591
19.92,0.004327254637564448
19.94,0.0030599293075892486
19.98,0.004414810430667604
19.98,0.004272338204572401
19.98,0.002520194423585198
20.02,0.003999428045441622
20.02,0.0030029961986703935
20.04,0.0032602185410931517
20.1,0.0028608220145244223
20.1,0.004637706465197233
20.1,0.004232752073452639
20.12,0.0038337120045951467
20.12,0.004081492544005805
20.14,0.003793258035970415
20.14,0.0038437926759700147
20.14,0.006955409650256206
20.18,0.003973127835484647
20.2,0.003000168327059627
20.2,0.003336894182988437
20.22,0.00415034839094619
20.24,0.003377370873474006
20.24,0.003282013593523203
20.28,0.003172325458153602
20.28,0.003639523118131982
20.28,0.004166651296569235
20.3,0.00364524480518702
20.3,0.0037550396851772083
20.3,0.0037629020955459724
20.3,0.0036446878539554417
20.3,0.003853293201518948
20.32,0.002493469391896763
20.32,0.004286357316887979
20.36,0.003577213665271195
20.36,0.005730380736130414
20.4,0.0042818101297371625
20.42,0.003688178312061363
20.42,0.0034881291213459953
20.46,0.00380330269926199
20.48,0.004329108415560445
20.52,0.003483159295198379
20.52,0.004108899710942415
20.56,0.003813846184377634
20.56,0.003099161223566571
20.58,0.0032454601569283925
20.6,0.006212496002363177
20.6,0.00310498087047395
20.62,0.0031567968155880033
20.64,0.0038213730470088025
20.66,0.005351998067153252
20.72,0.0034720313761820165
20.72,0.003287556930929192
20.72,0.0035967652769491876
20.74,0.003913755729465951
20.78,0.004227150643807631
20.8,0.0029102857813824157
20.8,0.0031962734470833976
20.82,0.003502286230432028
20.82,0.0034923087332076053
20.84,0.003582209483185994
20.86,0.004134236986062634
20.88,0.0031735862249280267
20.88,0.0028537248518499814
20.9,0.0034866034124607648
20.92,0.002582022501989245
20.96,0.003436283429373188
20.98,0.006222617366297589
20.98,0.003651017886711183
20.98,0.0037689663239451887
21.02,0.003039460610446021
21.02,0.0037773495519661804
21.02,0.003705550278469971
21.02,0.004189923013826369
21.02,0.0038373541830284408
21.04,0.003217980669004361
21.04,0.0034803811089999526
21.04,0.0035414680995727865
21.04,0.003829160013942401
21.06,0.0044199269057202395
21.06,0.002863213989919622
21.08,0.0035324562558239903
21.12,0.004034709213655563
21.14,0.003640807418062053
21.16,0.0035267881606450002
21.18,0.003930715029172416
21.2,0.004744311237382837
21.2,0.0032724060395648014
21.2,0.004395479821687198
21.2,0.003463423713047198
21.22,0.003978596806336054
21.24,0.004338032363836453
21.26,0.0036924045585630116
21.26,0.0037013857028938
21.26,0.0027669474728030385
21.3,0.003563714353358005
21.32,0.0038039287262904287
21.32,0.003705111481860035
21.36,0.003426055605478817
21.36,0.003440923627746395
21.36,0.004421748537456027
21.38,0.0042585347088117675
21.38,0.0033278167878183496
21.38,0.0032994231413083774
21.38,0.002640442074850813
21.42,0.003934139889847588
21.44,0.002480043185468239
21.44,0.0030667893472684504
21.46,0.004769634631772379
21.5,0.0038226806791028523
21.52,0.003281150329694782
21.52,0.00271477097142081
21.56,0.0030830553737654087
21.56,0.0029721958263128068
21.58,0.0035320506945978325
21.6,0.002748028333603769
21.64,0.003704095548063613
21.66,0.0035260616664187783
21.66,0.003558592795964155
21.7,0.0034156653724688457
21.7,0.0031157763367586355
21.74,0.005154744554708768
21.78,0.0035031393593080162
21.78,0.0034544711841844045
21.82,0.002954267029711244
21.82,0.0029039151427812104
21.82,0.00356460140413839
21.84,0.0029274094767099967
21.84,0.007058372101686805
21.88,0.004405899694860604
21.92,0.002938883102940437
21.94,0.0037918706083710507
21.94,0.003952694634096199
21.94,0.0037539548962020053
21.96,0.004304973964784242
21.98,0.00401745624957317
21.98,0.0033082504455972384
22.0,0.0034047062640679693
22.04,0.004225374714256769
22.06,0.0037812073740643992
22.08,0.0034871461314740504
22.1,0.005980327741616831
22.1,0.0032103451090313984
22.16,0.0030343233882034193
22.18,0.008089866887013963
22.18,0.0033560806652144226
22.18,0.0032556933233234275
22.22,0.0037103679814177726
22.22,0.0031093719396864117
22.26,0.0027514020887071666
22.3,0.0028572273028861783
22.32,0.003745485473204968
22.34,0.0029379347646444343
22.36,0.00422783511274516
22.38,0.003636305942696816
22.42,0.0023295843070105793
22.42,0.0031405548925339533
22.42,0.003719393733028764
22.42,0.0030041116424012193
22.46,0.003851868046016227
22.48,0.005978629562853444
22.48,0.003265178478133568
22.5,0.0040735928092320295
22.52,0.003022014744482382
22.54,0.0035564561939464
22.54,0.004305714717333431
22.56,0.004166483576759972
22.6,0.004387164732452042
22.62,0.0029038298344638003
22.62,0.0036978307863020365
22.62,0.006154308037578771
22.64,0.004464486212915175
22.64,0.004581766304249557
22.64,0.004841281023767574
22.66,0.0072260525857655855
22.66,0.0037524690405543737
22.66,0.00383022502285002
22.66,0.0034743564108346003
22.68,0.005286204456872778
22.68,0.004526968248639629
22.7,0.006698199856893017
22.7,0.002885543306141769
22.7,0.003221825353322827
22.72,0.0035347955282531984
22.74,0.003606191047413221
22.74,0.0030617867760716067
22.8,0.0034940632518135617
22.82,0.003433899555274955
22.82,0.0034232107824360147
22.82,0.0025484860415480037
22.84,0.0036883784502433903
22.84,0.0048319152272996435
22.84,0.004218328867304999
22.86,0.004239778445191189
22.86,0.003448294483330394
22.86,0.002991549413169148
22.88,0.005858865564895233
22.9,0.002971415756519602
22.94,0.00405103993565481
22.96,0.004279937164202163
22.98,0.004739075020971595
22.98,0.004015228729072007
23.0,0.006079514430546551
23.02,0.0036871684049571973
23.02,0.0026463440463579957
23.04,0.0039034975366654123
23.04,0.0040151428948403955
23.06,0.0036337459679524065
23.1,0.003625382077588779
23.14,0.003607146016898821
23.16,0.0033933842310611695
23.18,0.005390534378318379
23.2,0.003460099961759555
23.2,0.00502624287736364
23.22,0.0033286211273712007
23.22,0.004387279687097179
23.24,0.0029603502168912277
23.24,0.0057166122964323884
23.24,0.003258191492863771
23.24,0.006802280360060364
23.28,0.004248938114144396
23.28,0.003516816752683005
23.3,0.004750676965780243
23.34,0.0030378768324860195
23.36,0.005994316150036427
23.38,0.0038924836361643456
23.38,0.0034487441323324264
23.38,0.003915644704795551
23.4,0.0028468590545912553
23.44,0.0030229917369574144
23.46,0.0028789264903119616
23.48,0.003991394245387192
23.48,0.0036472282548596358
23.5,0.0042621041437264084
23.52,0.003799563530139549
23.52,0.004277336997794423
23.54,0.004861223642055212
23.54,0.003073988448991205
23.54,0.004871798887491563
23.58,0.003031850293159999
23.58,0.0034953485803660422
23.58,0.003360093207962378
23.72,0.004267679183569406
23.74,0.0032753031541011834
23.74,0.002749536129218577
23.76,0.003684335982618414
23.78,0.006798097764465605
23.78,0.003938496228373167
23.8,0.009224772154560745
23.8,0.007178186817045185
23.82,0.0035840332873455782
23.84,0.006158067349619212
23.84,0.004591338811627654
23.86,0.002452030009590822
23.88,0.005377435976961054
23.9,0.003755793779217975
23.9,0.004094647260486806
23.9,0.003827156061952053
23.94,0.003548177175421996
23.94,0.0035768385514384216
23.96,0.004000946444259967
23.98,0.006918754459662391
24.0,0.003426074545657576
24.02,0.004055871983249637
24.02,0.003557269051572054
24.04,0.0034282147960416065
24.04,0.003472922168317183
24.04,0.005430954963386969
24.04,0.007073879934080374
24.04,0.004433388979662611
24.06,0.0034333830742420135
24.06,0.006989772432784203
24.06,0.005105423976236589
24.08,0.0039060000617600066
24.08,0.0034756809458376114
24.1,0.004702117894329172
24.12,0.0036708336374291495
24.12,0.004010419702388357
24.12,0.0031609622261355996
24.14,0.0048792463980456
24.18,0.003737889243820236
24.22,0.004413317768371394
24.26,0.007725030854237369
24.32,0.004934647103498779
24.34,0.003747565594849789
24.36,0.003534027619596425
24.4,0.002817274157549954
24.42,0.0050599356480584
24.42,0.005130069061313969
24.44,0.004727571292315602
24.5,0.0036190113083673925
24.5,0.003804546654174179
24.52,0.004471959431081585
24.52,0.0038557887680575886
24.54,0.0026441906215539657
24.54,0.0031534590393963446
24.54,0.0033130338565652284
24.56,0.0037000726232966352
24.56,0.003431088022443407
24.58,0.003522844295262839
24.58,0.003848806376278824
24.62,0.0029686359047992328
24.62,0.003219745568365018
24.62,0.0029877487381984036
24.64,0.004679369106057596
24.64,0.002680948743588152
24.64,0.00357745970223855
24.66,0.004027340582723582
24.66,0.0035063317913965886
24.66,0.006005992922236025
24.72,0.003059780047548033
24.74,0.004352973871220023
24.76,0.0036959418229115526
24.76,0.004478963879400388
24.76,0.0035674003145084177
24.8,0.004033629241725567
24.86,0.0032603468732880225
24.88,0.0032908479139915903
24.88,0.003756121323865158
24.88,0.0035771025311885918
24.9,0.003772734912843023
24.9,0.002941186646152172
24.9,0.003702048933136748
24.96,0.0036949097633127703
24.98,0.004403945428936962
25.02,0.0033682986137864024
25.04,0.010183922086852037
25.06,0.0036461402807917986
25.08,0.00459561410056597
25.08,0.002677661373457152
25.1,0.002282581280065976
25.16,0.003628116994563224
25.16,0.0032885211110635915
25.16,0.004146002608176769
25.16,0.004443340740030832
25.18,0.0038080347438743667
25.18,0.0035310100944051515
25.18,0.0034678718550830157
25.2,0.003387759043087968
25.26,0.0038569404367514437
25.26,0.0036938519288204352
25.28,0.003614531627930795
25.3,0.002931573113053365
25.32,0.003933334147442236
25.32,0.0037901390941535995
25.34,0.0025545685810766106
25.34,0.003912260876440032
25.36,0.0042188851278156525
25.36,0.0036697039561516265
25.36,0.00447283357377759
25.4,0.0033698061961977555
25.4,0.008042392289509648
25.42,0.0025204995276304487
25.42,0.005264323292936579
25.42,0.0038417501104337504
25.42,0.0032293634933283633
25.46,0.004328300388356632
25.48,0.004052645829777601
25.48,0.003109072857970019
25.48,0.003954773883175999
25.5,0.004333923648916049
25.5,0.0022938808776820085
25.5,0.0036480917287248227
25.5,0.0035550058618816216
25.5,0.003568803367991591
25.52,0.004643943371462789
25.56,0.002592707112042403
25.56,0.004787641013389576
25.56,0.0033433136060467827
25.6,0.0038002353395756305
25.6,0.0032057719446352273
25.62,0.0026424113083479694
25.64,0.003684212823902855
25.66,0.002747219683511548
25.74,0.0037121266748405546
25.76,0.005906166909199206
25.78,0.003305930810008628
25.8,0.0027875642942140066
25.82,0.004414113089380778
25.9,0.003561888324687401
25.92,0.0044165992333724535
25.92,0.0036959293069331878
25.94,0.004557354898329757
25.94,0.0037785291257439457
25.94,0.0037073080895080324
25.94,0.0026851302000916455
25.98,0.00426084697849205
25.98,0.003739344328191563
25.98,0.003205761060874779
26.0,0.005848806695865183
26.04,0.003920154669131981
26.04,0.003538427774983588
26.06,0.003343277075112172
26.06,0.003298780175672422
26.12,0.0038646106173684247
26.18,0.0027315467811731553
26.2,0.0037823467406922218
26.24,0.002720464545027612
26.24,0.006314217924934029
26.26,0.0031928476704952136
26.26,0.0035224598538223795
26.28,0.0035411849819751984
26.3,0.0039158917231821855
26.32,0.004031443727478767
26.34,0.003695826053356832
26.34,0.0027590314808072502
26.38,0.003693632785997214
26.4,0.0029370844662848228
26.4,0.004104503514247182
26.42,0.002893419806391573
26.44,0.003610989327868408
26.44,0.003127115620964016
26.46,0.0034082581641565746
26.46,0.003771981295362048
26.46,0.004176323953485994
26.46,0.0027951768951608447
26.48,0.0037904514529996103
26.48,0.0041628093619420214
26.48,0.002526371825049778
26.5,0.0036242218826380013
26.5,0.003853927473886798
26.58,0.0045337416743783665
26.58,0.0037436921862660233
26.58,0.003647903397263952
26.6,0.0024055454847123903
26.6,0.0032093334276691587
26.62,0.006013000855578432
26.62,0.005112659027309174
26.64,0.0036220344331956422
26.64,0.003964709078115969
26.64,0.002925276435781554
26.68,0.003489111590401217
26.7,0.003679178982370357
26.7,0.0028733060295688118
26.7,0.0033417329512531735
26.72,0.0033068684754683497
26.72,0.0026500592228492215
26.74,0.0032987267936231968
26.76,0.0034146585556376063
26.76,0.003312302836889991
26.76,0.0026822490427019785
26.78,0.003704419873160947
26.78,0.002564460469399954
26.78,0.0030458985703494257
26.8,0.003730539627604834
26.8,0.003700619404885197
26.82,0.003826159374780036
26.84,0.0030931180834049554
26.86,0.004528007829386227
26.86,0.0034695952932524143
26.86,0.004435447207612797
26.88,0.0033152421833340107
26.9,0.0027256156659811737
26.94,0.006552485021437238
26.96,0.003137707038976756
26.96,0.0033311480057631737
27.02,0.0030045418770243693
27.04,0.004279619895056763
27.04,0.0035080952713439917
27.06,0.004753419133956438
27.08,0.003359482799602964
27.16,0.005021680792946404
27.16,0.00365870174674765
27.18,0.004509023599634787
27.18,0.0031214713657523596
27.18,0.003376758179779449
27.2,0.0035046611747819867
27.22,0.003719666124415988
27.22,0.003951006079852437
27.22,0.003232386008054755
27.22,0.004775065869088824
27.26,0.003060879581803788
27.26,0.003402629427193604
27.28,0.004045278307320821
27.3,0.0029451609928804467
27.38,0.004039775093233611
27.4,0.004556804693148453
27.42,0.003734882966093589
27.42,0.005470805878725948
27.42,0.003583690315596799
27.44,0.002864156118016603
27.44,0.004253297246245236
27.44,0.003702925675048152
27.48,0.0031680480708989878
27.48,0.004023549260393167
27.48,0.003108351777639573
27.5,0.003919476982124803
27.54,0.003877150855250977
27.54,0.0035210297713875738
27.54,0.004885327125858763
27.56,0.0038455997130402153
27.6,0.0036466191941300075
27.62,0.008527505895614351
27.62,0.003169436151938765
27.62,0.0038083164211584197
27.62,0.004656029787395988
27.64,0.004272128771992345
27.66,0.0035446174292808053
27.66,0.0037646328574127974
27.7,0.0035862241739129663
27.7,0.003904016857107395
27.72,0.0033966295569504146
27.74,0.0026616026180680263
27.74,0.003817664711773583
27.76,0.0037100707810767686
27.76,0.004766207549594781
27.76,0.003921886287725829
27.76,0.0038022444269736333
27.78,0.003197355075874375
27.78,0.00335330191006622
27.78,0.0029041735668754454
27.8,0.0033868577887695706
27.84,0.004728872101605552
27.9,0.002907655654770802
27.9,0.004205618018617185
27.94,0.003369734499920396
28.04,0.002931674565918807
28.06,0.003054660770385964
28.08,0.0058905392912770305
28.08,0.004101714673381607
28.08,0.002944448191733562
28.1,0.0034559217330699665
28.16,0.0037911713830696137
28.18,0.006553929150994842
28.18,0.0036664733683335893
28.18,0.002631086125819193
28.18,0.004304072005936854
28.26,0.00341031125754121
28.26,0.0037313582664959544
28.26,0.0034084832948836352
28.28,0.0026264254093661954
28.28,0.0033680402737251702
28.32,0.0029699977867343463
28.34,0.003811561081156989
28.34,0.0034485555941440316
28.36,0.004253537391875395
28.36,0.004052995997176012
28.36,0.003895318179467977
28.42,0.003096694167924574
28.42,0.0032984529120791972
28.44,0.0032049133594680423
28.46,0.004082441630637201
28.46,0.004095548272595617
28.48,0.006380805936269995
28.5,0.004655738095613815
28.52,0.00298719136938963
28.56,0.0035440039515394206
28.58,0.003505467692248354
28.58,0.0034865634045402327
28.6,0.0038170438924364225
28.64,0.0026328266126569577
28.64,0.003406186243347986
28.66,0.0035591800326824075
28.66,0.004032150075593655
28.68,0.003840727234032393
28.68,0.004493386498503615
28.68,0.0029053512456468367
28.72,0.002808723337151986
28.72,0.0042820318799964285
28.76,0.003224042316965603
28.78,0.006582106418336453
28.8,0.0033696274080218247
28.92,0.0067234033432665985
28.96,0.005678125235380804
29.0,0.004306630904824416
29.02,0.0028615920930131766
29.02,0.003094202813507585
29.04,0.0032966577553767973
29.04,0.005162596047169177
29.08,0.0050697581590963825
29.08,0.0033281042561421614
29.12,0.0032954046602710063
29.12,0.0038658663343104083
29.14,0.003975380827554553
29.14,0.0035269309053016507
29.16,0.006294649411841546
29.2,0.004469827896759981
29.2,0.0032255847402792304
29.2,0.00298417151582564
29.22,0.0038765509411268217
29.24,0.00297393080112085
29.24,0.003859367427192617
29.24,0.0035100382219299675
29.26,0.003298638794075992
29.28,0.005227004923389567
29.28,0.0036119582146187934
29.34,0.002883468705452641
29.36,0.004609959847679979
29.36,0.005023872531805251
29.38,0.0026458164698179854
29.38,0.003399704487954791
29.44,0.007941479088129588
29.44,0.0028019536176355775
29.46,0.002730336528002808
29.52,0.0030315750671545683
29.54,0.0032700190844802135
29.54,0.003983459218412366
29.6,0.003637871456382391
29.6,0.003921758309722634
29.62,0.003371884485699028
29.64,0.0030102671691751848
29.66,0.0026983565664071563
29.68,0.0042983046735843855
29.68,0.003443198003657999
29.72,0.004267406552551201
29.72,0.003251749263202597
29.78,0.003875740779875181
29.8,0.0033035522550711738
29.82,0.003293612541642621
29.82,0.0034118002887482124
29.84,0.003308143760208382
29.84,0.0028577360913052408
29.84,0.003589522051869576
29.86,0.002854417371390028
29.88,0.004633630506106212
29.88,0.0033701684690780054
29.94,0.002591577842020354
29.98,0.003600862931515625
30.0,0.0045613275779772255
30.0,0.0026998142268700454
30.0,0.0048817473745201845
30.04,0.0030280049919712004
30.04,0.00625126525764963
30.06,0.0035409900152592044
30.08,0.003286743181933227
30.12,0.004871305436392803
30.12,0.0030809748739512033
30.14,0.0038315491105491706
30.16,0.0028936428079919807
30.16,0.003515204589097598
30.2,0.002702041509124231
30.2,0.003492460237578432
30.2,0.003345384430872622
30.22,0.0034785439460274237
30.22,0.0038300907068580248
30.22,0.004126378714946033
30.24,0.003352491403285973
30.24,0.0059987179412244185
30.24,0.0036751953172583507
30.26,0.003667682267552763
30.34,0.002501370772245548
30.36,0.002706289556815955
30.4,0.0041212169289247536
30.4,0.003335498152285954
30.4,0.0030979843418668107
30.5,0.003191878917931157
30.5,0.003913847892880851
30.52,0.005089061402194783
30.54,0.0031569485278886145
30.56,0.0039263099438630045
30.56,0.0049384095525042415
30.56,0.003248400785641592
30.58,0.003844154251724241
30.58,0.003017597478854439
30.6,0.004085133518397233
30.6,0.0033866122886178074
30.6,0.003009721976642621
30.62,0.0029306328708171847
30.62,0.004829018394646445
30.64,0.004071819820958389
30.64,0.003125908040806369
30.68,0.0036070902370599622
30.68,0.0025575239924231497
30.72,0.004662711476238646
30.74,0.0048976940567991845
30.74,0.003679690941930769
30.74,0.002963049180746413
30.74,0.0036916256241421586
30.76,0.005550398308616811
30.82,0.0032505621690556152
30.84,0.003278087589253631
30.84,0.003348687126746408
30.84,0.0034255537230424293
30.86,0.0031527349491043966
30.9,0.003869368616456037
30.92,0.0042478711978534145
30.94,0.0037178666455526255
30.94,0.0036253844659748236
30.96,0.003317523261228028
30.98,0.005483283876075551
31.0,0.003204872223240396
31.04,0.0034830045301947887
31.06,0.0038219418208528255
31.08,0.007931473855033011
31.08,0.0044429618436664375
31.1,0.0035015263424551524
31.12,0.004263638096993039
31.16,0.003473513594946409
31.16,0.004238244944227976
31.18,0.004089816821124415
31.18,0.004111419951774997
31.24,0.0043529007650465745
31.24,0.004316169632583633
31.24,0.003094499724296429
31.24,0.0029393731639696385
31.28,0.003818488989928648
31.3,0.0030140527406692375
31.32,0.002689653508554768
31.36,0.0031998993607930126
31.36,0.0028144439434891755
31.38,0.0029450452481681877
31.4,0.0027112882713236086
31.44,0.003514529793787635
31.44,0.0034795343270281887
31.44,0.003195751112322398
31.44,0.0031296019671479547
31.46,0.003808323843649042
31.46,0.010018220604459449
31.46,0.0032436504475895633
31.48,0.002714228620326775
31.5,0.0037039870545958475
31.5,0.003522642929512765
31.52,0.002779096105671952
31.58,0.0038723008210248544
31.6,0.0031232039131136036
31.6,0.0038160617610883962
31.6,0.004192793455381372
31.62,0.0044420868107282185
31.62,0.0028959449335770326
31.64,0.003207045972345779
31.66,0.0031449283669160444
31.68,0.003554139712213189
31.68,0.004018696334831207
31.7,0.004092203566243624
31.72,0.003935814685456007
31.74,0.003354690500781632
31.76,0.004712301398485441
31.78,0.0045574247286656044
31.78,0.0042090935846543776
31.78,0.002792826279502947
31.78,0.003325492380627182
31.8,0.0032639443733240014
31.8,0.0035458446408790367
31.8,0.007938582415944029
31.84,0.003937754377422831
31.86,0.004168571276928823
31.86,0.003337808944505971
31.86,0.003697682179134021
31.92,0.004660116230677969
31.92,0.0035517508185763935
31.92,0.0036274101375863843
31.94,0.0035315611352410015
31.96,0.003253360733816768
32.02,0.0036909002752364417
32.08,0.004032159453216
32.1,0.005675312774375163
32.1,0.003855917161160183
32.12,0.002950641960365985
32.14,0.0032596013937116197
32.16,0.00429528861284556
32.16,0.003412003258684848
32.18,0.00564091108182041
32.18,0.01929200433181677
32.22,0.0032966649463009867
32.26,0.0038223620137327607
32.28,0.0037264740990744505
32.28,0.004569260383771145
32.3,0.0032827399075475716
32.3,0.0035751714370412246
32.3,0.0029933032582234453
32.32,0.0031696117346168284
32.36,0.003861054242258022
32.38,0.002635266519490753
32.38,0.006219009429473399
32.38,0.0027449473065349617
32.4,0.003605469560422847
32.4,0.004099652630510819
32.42,0.003948446263699612
32.42,0.004985835515301185
32.46,0.0034351923020744524
32.46,0.004657853360524378
32.48,0.00381700651099115
32.48,0.0027747434617252376
32.5,0.0037529029575500417
32.52,0.004811156678105055
32.52,0.0036959061609052046
32.52,0.005537907670778219
32.54,0.0035278911268084023
32.56,0.005837897326626429
32.56,0.0038234416635779533
32.56,0.003219555870062618
32.56,0.00348257634377358
32.58,0.0037173337128395545
32.58,0.0038837808192552226
32.64,0.003566721554010388
32.64,0.004855015200024182
32.7,0.002853311142906767
32.7,0.003586565246980422
32.74,0.003149257814413997
32.78,0.004303656924649624
32.82,0.003708833952687618
32.84,0.002566599958605198
32.84,0.005715244794254448
32.84,0.004450562058916807
32.86,0.0030755027771459664
32.86,0.0038140087780927923
32.86,0.0038938902670228037
32.86,0.0028109663400940343
32.86,0.0036544705986384374
32.88,0.004115563716244552
32.92,0.0025646665739396113
32.92,0.004169521536738219
32.92,0.003051693900632424
32.94,0.0035406967090377828
32.96,0.003401857856382806
32.98,0.004252801751346791
33.0,0.0036620886657500185
33.0,0.0037330493958972477
33.0,0.003580913181308154
33.02,0.0034700039029965657
33.02,0.003664106998576999
33.02,0.003056103587954384
33.04,0.0055025584276914286
33.04,0.00362136938854718
33.08,0.003263381502932816
33.1,0.0036780345740755616
33.12,0.002280064387175207
33.12,0.004895584027845179
33.14,0.0027427209457607793
33.18,0.0038393117224283513
33.2,0.003232207731778791
33.2,0.0033275689060028313
33.28,0.0031697600592075492
33.3,0.004123913383769606
33.3,0.0037944390219823987
33.32,0.005436213425727199
33.34,0.0032370400563610513
33.38,0.0028863336798099493
33.38,0.003243102745779436
33.4,0.0045352885723856096
33.4,0.0032086894141823974
33.42,0.004300591748460425
33.44,0.002954524875828035
33.46,0.002599956047864005
33.46,0.003862745255929223
33.48,0.0032152744229639874
33.48,0.004255361813557013
33.5,0.002995494315211622
33.52,0.00337896002965965
33.56,0.00380819211152561
33.56,0.002833014302676795
33.56,0.003051474545189614
33.58,0.004307734259887841
33.58,0.004514086047663013
33.6,0.003406197062416183
33.6,0.003323669807026808
33.64,0.0035023777144044255
33.64,0.0027175834389877584
33.66,0.003434302992241234
33.7,0.004718822192457561
33.7,0.003099296771229998
33.72,0.003351050789976995
33.72,0.003399301050607151
33.72,0.002629591117097596
33.72,0.003194195931681354
33.72,0.0030052060002949688
33.78,0.0045366195151960165
33.78,0.003368425389160601
33.8,0.003927853446892393
33.8,0.0031558404180127564
33.8,0.003370590433490417
33.82,0.0033935677110907836
33.88,0.002942011462562788
33.88,0.006936013333023627
33.9,0.0034894415469961526
33.92,0.0031012075709063724
33.92,0.0022888705839138046
33.94,0.0034926888232765796
33.96,0.0029063129281051703
33.96,0.003761827349314184
33.96,0.004158944730390024
34.0,0.0032647715051847825
34.02,0.003493808508349572
34.06,0.0035162936474956163
34.1,0.0034180890316464208
34.1,0.003406157907998808
34.12,0.0028382049390998088
34.14,0.0035952419775410194
34.14,0.0034339900727363704
34.2,0.00469651340467836
34.22,0.0033443405013864336
34.24,0.003261288333220036
34.26,0.003313387548138369
34.26,0.00415079416909836
34.28,0.004078149127267006
34.3,0.0037709384348841857
34.32,0.005459077319975969
34.36,0.002355963388654958
34.38,0.0040999357960316285
34.4,0.003525569660509653
34.42,0.0031041378098204397
34.42,0.0034402309232669515
34.44,0.0033439542771771524
34.44,0.0032869906229587853
34.44,0.003038466714893606
34.46,0.0032242787561668207
34.5,0.0038424315019374156
34.54,0.007524744754780377
34.56,0.003168303249056037
34.6,0.004061961820600035
34.64,0.0031798984507152017
34.66,0.003231331603374188
34.66,0.0025404802946952243
34.66,0.003981589233303828
34.66,0.003678033303282424
34.68,0.005780093139517439
34.68,0.0033402284699244333
34.7,0.004241545812768033
34.7,0.003191470745749214
34.72,0.0031338159647872343
34.72,0.004145052001678806
34.76,0.0033779732470882173
34.76,0.0027412834306004275
34.8,0.003762328723086017
34.8,0.003299313734247189
34.82,0.003428529845486361
34.82,0.0029067496497530154
34.88,0.002648468394411574
34.88,0.003153171673426991
34.9,0.0037093050205572187
34.92,0.003505421658190011
34.94,0.0033953759126680305
34.96,0.003164565229868188
34.96,0.003104401654990374
34.98,0.0026731478611615733
34.98,0.0037900566225621546
35.0,0.004009063633564236
35.02,0.003349876486998027
35.02,0.0034438889830123998
35.04,0.005306046541505238
35.06,0.002713696221148809
35.06,0.002616036675305411
35.06,0.0030434972058259735
35.16,0.0026071136455499966
35.2,0.003011679264311229
35.2,0.005357205599656023
35.26,0.0024446072949804165
35.26,0.002692739644095221
35.26,0.003394647201962031
35.26,0.002608881374868366
35.28,0.00275130752169761
35.3,0.003153884669264584
35.32,0.004305677185171164
35.34,0.0024811554332310193
35.36,0.003187147874090024
35.42,0.004542195999359566
35.44,0.0033025561244995894
35.5,0.002684524600798821
35.5,0.0036632684051838282
35.52,0.004175900955002976
35.56,0.003817541771739652
35.6,0.002918111159477599
35.64,0.005025337317655976
35.64,0.006427993381023178
35.64,0.002946007855896382
35.64,0.004181064021889003
35.66,0.003477495149973975
35.66,0.0030939187758256548
35.68,0.0026532532652048246
35.68,0.00318109537572675
35.7,0.0028565007536995868
35.72,0.003679314613606377
35.72,0.0038645686696345827
35.72,0.003205833789260426
35.74,0.0034862957470608302
35.74,0.004456217372641236
35.76,0.002486057278249354
35.78,0.003010931725562771
35.8,0.0034438440949700055
35.8,0.0032817825550451873
35.82,0.006466116966919566
35.82,0.0031672388718487765
35.84,0.0036642648773281827
35.84,0.0036430445945891954
35.88,0.0031365409027156455
35.88,0.00339540932597715
35.92,0.004685740509657643
35.94,0.002966444080751973
35.94,0.004062766134032225
35.96,0.007443947983434396
35.96,0.0036448125712500445
35.96,0.0029897279365872498
35.96,0.004054227052983195
36.0,0.009387393325455018
36.0,0.0028282327054811596
36.02,0.00317947070138358
36.02,0.004139522762388825
36.02,0.002818307149065169
36.02,0.0031646147686705817
36.02,0.00369438325261362
36.04,0.003005978368527562
36.04,0.004111024059793578
36.06,0.0025041671886127936
36.12,0.0052454979912544
36.12,0.0032812598374819535
36.12,0.0033663741452282236
36.14,0.003681099957160372
36.18,0.004332522433854402
36.2,0.005807082266578778
36.24,0.003529159675201954
36.26,0.0028376919911156095
36.28,0.002813325508636777
36.28,0.0030831502056275495
36.3,0.003034339287390053
36.3,0.0033792004355124305
36.32,0.0026890869709792486
36.32,0.004461372597261981
36.32,0.0029977112091348346
36.36,0.0024182995801640406
36.44,0.0026620789520775956
36.44,0.003552489102220391
36.44,0.0030441141182400155
36.48,0.0036539586020456483
36.48,0.003153769455037425
36.48,0.0031993899703276485
36.48,0.0035480960001079698
36.5,0.0035155030153067868
36.5,0.002762916685191019
36.52,0.0038707325650839675
36.52,0.003066112974467572
36.56,0.0031155725956976132
36.56,0.002664794173229401
36.58,0.0033497707644060126
36.6,0.0023753303289375527
36.62,0.0026526803595855464
36.64,0.004431517983915612
36.64,0.002580703454178601
36.64,0.004444555868166389
36.7,0.00358292379318359
36.7,0.0036512888236711616
36.76,0.004308757267468821
36.76,0.0044936741961115745
36.78,0.0034656681439080295
36.8,0.0029244194577183746
36.82,0.002925574039451595
36.82,0.005646242184581207
36.84,0.003744659839318598
36.84,0.003086247512036011
36.84,0.002544067392864835
36.86,0.0022574981157730267
36.9,0.002274367016333434
36.9,0.003357539630441164
36.92,0.003222064850324169
36.94,0.0032117778023288412
36.96,0.002620475232526842
36.96,0.0029479581409828093
37.02,0.003202005643660355
37.06,0.0042696316669441625
37.06,0.0064379078641607634
37.06,0.003593153405195615
37.1,0.004067593302621186
37.12,0.003548930949375362
37.18,0.003155356282186772
37.22,0.0030782627914004435
37.26,0.0032161213107989584
37.26,0.0038645452335471786
37.26,0.004325151734798749
37.28,0.004691736696208038
37.28,0.0034079254971709494
37.3,0.0042696413457303795
37.36,0.0035795682658047445
37.36,0.006368955571706025
37.38,0.0030936356565247625
37.42,0.003401987093513581
37.44,0.00344960941264838
37.44,0.00265378413039119
37.46,0.006071181820250793
37.48,0.0028868914484839747
37.48,0.002385389697117768
37.48,0.0028503469770624346
37.48,0.00397363338163359
37.5,0.0028490856559539868
37.52,0.0031652586224287793
37.54,0.004269439629043581
37.58,0.0037927413392420117
37.6,0.003201752121564372
37.64,0.003349718138269564
37.64,0.003190814455885649
37.66,0.0036950464923134474
37.68,0.0058169041832160095
37.68,0.004394039417721984
37.68,0.0033979231656505737
37.68,0.0041498963814303735
37.7,0.003189000950364451
37.72,0.00417668052890896
37.74,0.0037050769517648074
37.74,0.0035659442057661694
37.76,0.0035991648830764333
37.76,0.002863113820650187
37.78,0.003210070494985784
37.86,0.002755828997820564
37.86,0.003451469678945829
37.88,0.0026818958269964055
37.92,0.0035771986087084207
37.98,0.0028673090254468514
37.98,0.0034631968558304083
37.98,0.0024775607630304064
38.0,0.003517056470439983
38.0,0.0030004963591580003
38.02,0.003737873351055576
38.04,0.0031920317431631817
38.06,0.003168765667009188
38.08,0.0033077487232405778
38.1,0.007885277699381188
38.1,0.0026135491698303648
38.1,0.002805247074943562
38.12,0.0033886341885122073
38.16,0.0031556367262908225
38.2,0.0024262725686318154
38.22,0.005633116004075234
38.24,0.004071784427908787
38.28,0.0036610681745083973
38.3,0.00356391208668716
38.32,0.0030343098742847685
38.38,0.0032304039112122096
38.42,0.0036440624200454463
38.44,0.003533165734524446
38.46,0.003099018086891614
38.5,0.004101054032956353
38.52,0.0029650076296560135
38.52,0.00330196615954903
38.52,0.00309249782590737
38.56,0.003764582424119367
38.58,0.00330286553785597
38.62,0.004665679834588765
38.66,0.0030778857669290227
38.66,0.004883489475110969
38.74,0.003537809978476636
38.74,0.004798052995715563
38.82,0.003247735150161968
38.84,0.00460095264053717
38.86,0.0036670809761744083
38.88,0.00345808030392325
38.9,0.006562242636684368
38.94,0.00300619501266719
38.94,0.0032162451052030194
38.96,0.002825910396145437
38.98,0.0036512431872514073
39.0,0.008801634279910986
39.02,0.004894853673248045
39.02,0.004178588377723225
39.04,0.0029061005258531614
39.04,0.003380966445764577
39.04,0.0030856309825330053
39.06,0.004313428732963587
39.06,0.004291498477539957
39.08,0.0034241863997456212
39.1,0.002682914915147827
39.12,0.0034414697691101948
39.12,0.0034530532011846082
39.14,0.0025673688317507937
39.16,0.0036319695661728435
39.16,0.0029663861668638436
39.18,0.0032992338128972065
39.2,0.003865551652743604
39.22,0.0028236547584640226
39.24,0.0034725917724851563
39.24,0.0029883739581504365
39.24,0.003659560372341386
39.24,0.003239011703082828
39.26,0.0029017782727895902
39.28,0.0035539535093136454
39.32,0.003333055475720381
39.34,0.0033114845346779997
39.38,0.0027449768970584376
39.44,0.0027913624974036377
39.44,0.00327706488031676
39.44,0.0032020404759871557
39.46,0.003508208168924387
39.48,0.0031457837502147923
39.5,0.0035787446368695797
39.5,0.0032413223606474473
39.52,0.0034457066268581693
39.52,0.003492849467879977
39.54,0.002792435585000752
39.56,0.003229199784813952
39.6,0.0021355526288795446
39.64,0.0035063185050475676
39.64,0.003446350123906372
39.64,0.003911041556308836
39.68,0.002510145176668366
39.7,0.003220187318868417
39.7,0.003138611148780779
39.72,0.0033973087665881696
39.72,0.003609148232206816
39.72,0.0038341643473995823
39.74,0.004246990486466817
39.74,0.0038459430633895897
39.74,0.0029056501644634247
39.74,0.0033584789199230247
39.74,0.002958110995103569
39.76,0.0034423249476963624
39.76,0.0029553522663335885
39.76,0.0031113513123836034
39.82,0.0029072275985060347
39.82,0.002717208996615983
39.86,0.0046674785211238135
39.88,0.002565667700183183
39.96,0.004866966117274774
39.96,0.0038764542398623814
39.98,0.0028173201844732265
40.0,0.0030714261393521847
40.0,0.0036294992547950544
40.02,0.0031846594498543546
40.02,0.0028616254804579855
40.02,0.0025555962573006186
40.06,0.0032562406092659923
40.08,0.003120434096371638
40.08,0.0038068665459928264
40.1,0.0030668214115784354
40.14,0.0032174404361375863
40.14,0.0035098180343702268
40.16,0.0034395594903710025
40.2,0.003419699700713208
40.24,0.0034668517012768074
40.28,0.0034479353438680027
40.28,0.0024143966904449643
40.3,0.0034889798842580033
40.3,0.0034433447018900054
40.34,0.0024819737291413846
40.38,0.00444661417864356
40.42,0.00232632978870162
40.44,0.003289131042039206
40.44,0.0034057254417235727
40.46,0.003712724272838752
40.48,0.002652622668162019
40.5,0.003751910390189628
40.5,0.003718684503113967
40.5,0.003654274880332764
40.5,0.0029175375091403666
40.52,0.004292093150108811
40.52,0.002306316199117364
40.58,0.0031661534785072387
40.64,0.002686065418326389
40.66,0.003812041310987002
40.7,0.0030392548228725946
40.74,0.004898959485739596
40.74,0.0034301574423167835
40.74,0.003741649653441592
40.78,0.005072997430150217
40.78,0.003016850049153197
40.78,0.003731334359664773
40.78,0.0025565154958515635
40.78,0.0028341020784368176
40.78,0.0032001644774971583
40.82,0.0023513490218988187
40.84,0.003794015805062001
40.88,0.005164699139800777
40.88,0.003048817359100453
40.9,0.003560101235661639
40.92,0.003140836060743446
40.92,0.002751644554252808
40.92,0.00382243683761041
40.94,0.0036485741138300165
40.96,0.004721792251384804
40.98,0.0027296522434959725
41.0,0.0037138598811096157
41.0,0.0035506346064704264
41.04,0.002992597193163582
41.06,0.0033572433322154316
41.08,0.004265742933758032
41.1,0.0055107118181839665
41.1,0.0034181896426868086
41.1,0.003438213879656371
41.12,0.003373485582706004
41.16,0.003597670971870026
41.16,0.004710723535658157
41.18,0.0027864064009082146
41.2,0.0024251492705061883
41.2,0.003224040691216956
41.2,0.0030178835063640053
41.2,0.004500329636616951
41.24,0.0033175294409447664
41.26,0.0029259573401272387
41.28,0.0035407179969991764
41.38,0.004293057416084989
41.38,0.0023009499059324368
41.42,0.0033013548634236445
41.46,0.0030094462901357755
41.46,0.0035112305214636264
41.5,0.007203850523403221
41.5,0.005619198280092386
41.5,0.0034255444721096318
41.52,0.0022671018037300206
41.54,0.0033363212001243925
41.58,0.0025515295008076144
41.58,0.00353755275323675
41.58,0.003503771525467214
41.68,0.002980743922973206
41.7,0.0030906114979220023
41.72,0.003219403160215628
41.74,0.0031413184445272524
41.76,0.004317905876471406
41.82,0.005621440421421986
41.84,0.008144709990702381
41.84,0.003923461849442367
41.86,0.0025072006406607894
41.88,0.003837203138566392
41.92,0.0028088421748804215
41.94,0.0042464634108335675
41.96,0.002164470836921395
41.98,0.0032409792368711665
42.0,0.0028455043750605924
42.02,0.0026411849777787655
42.02,0.004341304854784234
42.04,0.0031883529723384374
42.04,0.0028734149818280263
42.06,0.003465608391769237
42.14,0.0032723150413828117
42.16,0.0032112187057051766
42.24,0.0036292841085876493
42.24,0.0034301000192563658
42.24,0.003552338305167435
42.26,0.003489611272624815
42.36,0.0041000291153310275
42.36,0.002624974131138824
42.38,0.0023685419687101694
42.38,0.004922688480443194
42.4,0.002600861734224358
42.42,0.0028259556269325525
42.42,0.003085606608972835
42.42,0.005631499662970052
42.44,0.0032575782739048265
42.46,0.0036584373992879504
42.48,0.0030683988464927925
42.5,0.0030266966720555732
42.54,0.006996111354448775
42.54,0.0034679815886787813
42.54,0.003409763207132044
42.58,0.0034260501947366295
42.58,0.003609096396370415
42.64,0.004272499198118784
42.64,0.007129446779108206
42.64,0.0030978562858465786
42.66,0.003565917920531958
42.66,0.0035675454297243725
42.68,0.0032590515865648095
42.7,0.003578568428518558
42.72,0.010727989031432017
42.78,0.002878176927280429
42.78,0.0029785457602700127
42.78,0.0035154511253168153
42.8,0.0025505277029321816
42.8,0.00654829391802636
42.84,0.003362641587974835
42.84,0.003343022683076624
42.84,0.003367777991104437
42.86,0.0041117427718515565
42.86,0.002969006032651822
42.88,0.00362792220042063
42.88,0.003065484833358001
42.92,0.0030105375373323806
42.96,0.002880235993599989
42.98,0.003132883549521237
43.0,0.003111989159322648
43.02,0.0030334832562107783
43.02,0.004409674819462417
43.04,0.0049512139449223724
43.1,0.003502553232781147
43.14,0.0027245076027133663
43.14,0.0029556709850657725
43.14,0.0036465148818594084
43.14,0.003421728547602809
43.26,0.003424263726279242
43.26,0.003794822820011201
43.26,0.002956299533484419
43.32,0.0023723883859767536
43.34,0.003147103903827997
43.34,0.0033298779728635486
43.34,0.0034071677508648035
43.38,0.003064036103590184
43.42,0.004366271971061653
43.42,0.003035025472468811
43.44,0.003079117736432768
43.46,0.0035372435990371764
43.46,0.004056333952160984
43.46,0.0034444301568562485
43.46,0.0033097528656378383
43.48,0.005042825899897352
43.5,0.0026449655061090427
43.5,0.0040913590624536145
43.52,0.0025197916474828386
43.56,0.0026656001465059642
43.58,0.003333766202990418
43.58,0.0034666133628925566
43.6,0.0029767026069695834
43.62,0.004849478207105795
43.62,0.002902504382595983
43.64,0.0032081817865640128
43.68,0.0036793794355751697
43.7,0.00883600498696202
43.7,0.002874803349018018
43.74,0.004152974416444022
43.76,0.0036110183806767893
43.76,0.0029780207061711472
43.78,0.003813407820205228
43.8,0.0034781970073601842
43.82,0.005055820998856153
43.84,0.0027916480997184356
43.86,0.0028480151433422085
43.88,0.004253811694467813
43.96,0.0029224032370860353
43.98,0.003520226558047179
43.98,0.0023148438293612017
44.02,0.0037285751394023903
44.02,0.0043465003025180415
44.02,0.004073166141457807
44.04,0.0029724089995222247
44.04,0.0038512789136190273
44.04,0.004215326597638791
44.06,0.0035599812705584544
44.06,0.0034500931459767736
44.08,0.006228493135640445
44.16,0.003680359185433968
44.16,0.003073181106994949
44.18,0.004048108414074436
44.22,0.003588549940747199
44.22,0.0025552370074678477
44.24,0.0036651275247792103
44.24,0.0035413980588050453
44.26,0.0027520941518925923
44.28,0.002261204934687955
44.3,0.00314146081614175
44.32,0.003457058695154558
44.32,0.0029180979168785814
44.34,0.003068290176717836
44.34,0.0030613892652515684
44.36,0.003270540204204586
44.36,0.0027913769327003735
44.38,0.0033940264046518065
44.42,0.004171491856980403
44.42,0.002812511474154178
44.44,0.0028094828046207887
44.44,0.00378658263310383
44.46,0.0032662330943460383
44.48,0.0037176836033874228
44.48,0.0028284409952500367
44.5,0.003680308880620764
44.54,0.0033661070052716235
44.58,0.0034704157787095458
44.6,0.0027909931727060355
44.6,0.002790209381259401
44.62,0.0027638857750683643
44.64,0.003463009244129567
44.68,0.0026052139013553743
44.7,0.002566408083529814
44.7,0.0030484622838939934
44.72,0.003584444269685627
44.72,0.0027504689502345636
44.74,0.0027274056621884313
44.82,0.0028244109364820025
44.82,0.0033622364629996015
44.84,0.002959894609684821
44.86,0.00541481392543075
44.86,0.005569041187128421
44.86,0.0025842660872016365
44.88,0.0063745511629356155
44.88,0.0024161333858011558
44.9,0.0029238651302619934
44.92,0.002626849084537586
44.94,0.0026988488261407984
44.94,0.0028630728077968515
44.94,0.003658085650481202
44.96,0.003029796734769219
44.96,0.003503079451567359
44.96,0.0032830607123157662
44.96,0.0023034093354632468
45.0,0.004039949851733948
45.0,0.0027646426294267723
45.0,0.0028144701804444505
45.04,0.0044689180310459875
45.04,0.0025618671901840306
45.06,0.003402829067337021
45.08,0.0027507702345603846
45.08,0.003130142259709978
45.12,0.0035855902328272293
45.12,0.004981031189100427
45.14,0.0039202015166716064
45.14,0.003448364584814234
45.16,0.002737752465333032
45.18,0.0026663185054544014
45.18,0.0031735771817591463
45.2,0.0027217302802824417
45.2,0.0035027128613479563
45.2,0.0034786198897012177
45.22,0.0034771089084365547
45.3,0.0033180700606404434
45.36,0.0036904967328887928
45.38,0.01741123469607475
45.38,0.002473472117863418
45.42,0.003138955822872158
45.42,0.0029756771427336126
45.44,0.004176130447259174
45.46,0.002532680503602003
45.46,0.0030712450060508267
45.46,0.003744819659802001
45.46,0.002505685767949961
45.46,0.0024229707644928267
45.48,0.004417724204209605
45.48,0.004225766123223562
45.48,0.0035361191902135714
45.48,0.003273743050382971
45.48,0.003192826937160831
45.5,0.0036524640240798156
45.5,0.003035179214868844
45.5,0.004275849299611223
45.56,0.0034415710620807616
45.58,0.0029746237164985923
45.58,0.0033550394841703746
45.58,0.0029403336929664237
45.58,0.0032745316839219996
45.58,0.003075094362235964
45.6,0.004431614051528032
45.66,0.003336167414098812
45.7,0.0038740589919488144
45.74,0.004535112170404809
45.76,0.0026156856643364534
45.8,0.003582628790433251
45.8,0.0034989079071702234
45.9,0.002889462346098215
45.92,0.004999885401720028
45.92,0.004706986504024346
45.92,0.005373446482953792
45.94,0.003822856911827155
45.98,0.0037610481943252116
46.0,0.0032303948855564313
46.02,0.004530738715201599
46.02,0.0030929002292844343
46.04,0.0027986856978116093
46.06,0.0034209939943630197
46.08,0.00348852572597802
46.1,0.003874376869173357
46.1,0.002921675071380747
46.1,0.0034598365254991936
46.16,0.0037838887509548114
46.16,0.004646303505174809
46.18,0.0036252714658348006
46.22,0.0036688513915124066
46.26,0.0031213992843074356
46.28,0.003037232676700752
46.3,0.003169378898913222
46.3,0.0029575249764391964
46.3,0.003066924858178055
46.32,0.0025369839548363693
46.36,0.003426842660079199
46.38,0.0029726685289136467
46.42,0.002858434032590451
46.44,0.0033015034485691652
46.46,0.0030633444139419597
46.46,0.0037613351953955654
46.48,0.005446739527270816
46.48,0.004246924535568408
46.5,0.00529792200064283
46.5,0.0028732478895111546
46.52,0.003997475014220431
46.56,0.003463814859721581
46.58,0.0024225129343635743
46.6,0.0030006217503756316
46.62,0.004500799887623197
46.64,0.0032427292633699922
46.64,0.004103472922001639
46.64,0.00240791119858641
46.7,0.0026008164919808507
46.72,0.0069338812467701905
46.84,0.003530369737647976
46.84,0.005358587446560037
46.9,0.0033939422226048066
46.9,0.0032357167409216014
46.9,0.00311593296401802
46.92,0.003972670543927248
46.92,0.0029088910705935556
46.94,0.0028995017958811653
46.96,0.0032488563808171778
46.96,0.003741329427077389
47.04,0.0027113422676795507
47.04,0.0031195457400003956
47.08,0.003877585983481424
47.08,0.0032901301931935745
47.08,0.004512085643244568
47.1,0.0031378706409084245
47.1,0.0028551931486520132
47.12,0.005583445793405972
47.14,0.0043714339296936355
47.14,0.0028427228836329643
47.14,0.0029498846203328544
47.16,0.0031297041825958383
47.16,0.0034995949454995623
47.16,0.003229748297820745
47.16,0.003904696333097979
47.26,0.0026256147015207842
47.28,0.003072483997691222
47.4,0.003584957441226777
47.4,0.00266654776098485
47.42,0.003923144170092763
47.42,0.0030289077750610405
47.48,0.0031398260682962142
47.48,0.0034377224247476024
47.52,0.002745876622583965
47.54,0.0026685318169126226
47.56,0.0058763730121920155
47.56,0.0026548481497580267
47.58,0.003082404846098785
47.58,0.002461922705682018
47.6,0.0028243852928919733
47.6,0.002997917166285613
47.62,0.0037206647927982006
47.62,0.0026466101403036513
47.66,0.0026531669527853907
47.7,0.0028241734167734345
47.72,0.0031928026607204174
47.74,0.0019052140156180508
47.74,0.0038933482813884313
47.74,0.002685309981304451
47.76,0.0030139259106539695
47.76,0.0030174547638756044
47.8,0.006197706929903957
47.8,0.0027341656574871864
47.8,0.0036887563711117677
47.82,0.0032113208406368
47.82,0.002666446847818027
47.82,0.003515400222596776
47.84,0.0033603192768472123
47.86,0.002659198504900373
47.9,0.0024366252256223797
47.92,0.002086110470782998
47.94,0.0031865897086835737
47.94,0.003033936135731996
47.96,0.002625576417775166
47.98,0.0033243836052223585
47.98,0.0029836734651284003
47.98,0.0032142234002372483
48.0,0.0029693931564885867
48.0,0.003082032184598793
48.08,0.0031427021598515736
48.1,0.003912417768322851
48.12,0.0023948233317440115
48.14,0.004313930476267158
48.18,0.0024391666255212385
48.22,0.0033587411791353716
48.22,0.0030706435040351865
48.24,0.003588726538055642
48.28,0.00383257537545445
48.28,0.003367442366055573
48.3,0.004868945485336451
48.32,0.002962650651512022
48.38,0.0028887843167240135
48.4,0.0032506137377623645
48.42,0.0033195805407075785
48.44,0.004054198114448626
48.44,0.003472304032751561
48.46,0.0030927625682496407
48.48,0.003141272141843565
48.5,0.003109700808268445
48.52,0.002570373929601355
48.52,0.0031423227250724217
48.54,0.0029002599103448157
48.56,0.0028572585830776154
48.62,0.004829107618457562
48.64,0.0029463415609015664
48.64,0.004542994547161228
48.64,0.0026760863984539585
48.66,0.0027131147896080066
48.66,0.0025755808201798347
48.7,0.006198558145738553
48.7,0.003332192030871206
48.7,0.00520914411103357
48.72,0.0032030006805580102
48.76,0.006166507759434392
48.76,0.0034553910107844032
48.8,0.004209369246021555
48.8,0.003604002078807955
48.88,0.00476170585105562
48.94,0.0037168316584069716
48.94,0.0025323478720133963
48.96,0.0030311592140234156
48.96,0.003055864100798833
48.98,0.003914805331057147
49.0,0.0037329299604695887
49.06,0.004278008780611575
49.08,0.00372713117290957
49.1,0.00504503433403003
49.1,0.0034043960875691504
49.1,0.00351513756959021
49.12,0.003421264307763572
49.18,0.0035097448928820274
49.2,0.0024441542300563945
49.22,0.003409646755834772
49.24,0.003576199311717154
49.26,0.006603476534544406
49.26,0.0035811378325105725
49.3,0.002961580067549985
49.3,0.0028725223293204483
49.34,0.0031483120053904523
49.36,0.005597836071282614
49.38,0.0026666762228507723
49.42,0.0032508566210319723
49.42,0.003001378291802248
49.44,0.0026699503197603613
49.5,0.002677100631358398
49.54,0.005541161010782614
49.56,0.002449822434907434
49.6,0.0032670496234139534
49.6,0.0032775710903093502
49.62,0.002756542364525605
49.64,0.0034450872354655493
49.72,0.003567882434238001
49.8,0.0034543435442946357
49.82,0.0024201836187701664
49.86,0.00324626767539804
49.94,0.0030370080040698078
49.94,0.0031971227527411994
49.98,0.003895571976240575
49.98,0.0028587429852642288
50.0,0.0052326980636587805
50.0,0.002426446795861237
50.02,0.003887107147996005
50.02,0.0032813677303283884
50.04,0.003299140017134383
50.04,0.003430739862901433
50.04,0.0030665013663472296
50.06,0.0028355723371952246
50.08,0.0031693583487162336
50.08,0.002780685157068752
50.08,0.002874907772084434
50.1,0.0026529783074321633
50.18,0.00514320306725502
50.2,0.0028872433574606005
50.22,0.0023308792101484066
50.26,0.005994254947371824
50.28,0.0022441238600420244
50.3,0.003373809434985553
50.3,0.0027961571818048148
50.4,0.002987595995518011
50.42,0.0027666902514548175
50.42,0.0029106278029708
50.42,0.0035787829017014383
50.44,0.0033315734445320544
50.5,0.002893246865842025
50.52,0.002857140994197982
50.6,0.004409944934647192
50.64,0.003718193643604817
50.64,0.003308419281004782
50.66,0.00383391521185239
50.7,0.0033675485573747554
50.72,0.003471564118447845
50.76,0.0033649661808303755
50.76,0.0030676897752272003
50.78,0.0028462621823374112
50.78,0.0024867430193723505
50.8,0.0028035311669484253
50.8,0.003066426671171185
50.86,0.00284866019633645
50.88,0.0032373089490923546
50.9,0.004410784373058418
50.92,0.0029570061445207685
50.94,0.0031722603999227994
50.94,0.0027322659487936107
50.94,0.003395730935992436
50.96,0.0029756532703911764
51.0,0.003792556163203953
51.02,0.008052012515824769
51.02,0.00283160894723522
51.04,0.0029193660545340228
51.06,0.003514964002037768
51.08,0.0034237282116343914
51.08,0.0031763215353838303
51.1,0.0034556718459277658
51.12,0.0032991428502762155
51.14,0.0028738880714259674
51.18,0.0028503340894140416
51.22,0.003340474416259176
51.26,0.003488073750162801
51.28,0.0033488242388576284
51.28,0.004202937378548377
51.28,0.00227974870152281
51.32,0.003483563546898827
51.32,0.0031133036630387467
51.38,0.003196490550907982
51.38,0.0036857258197832143
51.38,0.00325565023070018
51.42,0.00469889514034616
51.46,0.003409407090465444
51.5,0.003439485309738033
51.52,0.003478956851307169
51.52,0.003534634059089381
51.58,0.003809844279406782
51.6,0.00349017265575835
51.6,0.0031989278582196246
51.6,0.0026281637602679764
51.6,0.0032665917941175904
51.62,0.0030188264209708437
51.66,0.0030346229305724393
51.66,0.0023949237656656353
51.68,0.004167682404487394
51.68,0.002411507525660772
51.72,0.003494454970458749
51.74,0.00349217664907564
51.78,0.003329137336013588
51.84,0.004035028609200353
51.86,0.002347537337641814
51.88,0.002878351824176617
51.92,0.0029503706507364447
51.92,0.002991609880575563
51.94,0.004570562417474222
51.94,0.0032613542698339826
51.96,0.002886420570047843
51.98,0.0031221788308664067
52.02,0.003668910384666768
52.04,0.0035017176697209607
52.04,0.002974719814961002
52.08,0.002843807286350808
52.1,0.0034746312631434018
52.14,0.002744918552729625
52.14,0.002841682789002764
52.2,0.0030299966158228164
52.2,0.003828819028382391
52.2,0.002720908649633036
52.26,0.0038394030459035777
52.34,0.0022822502369608255
52.36,0.0025430255165663773
52.44,0.002025244535287185
52.48,0.00260186047605937
52.48,0.00336896973736045
52.5,0.0031590387323435776
52.5,0.002829077617753639
52.58,0.002557357539474947
52.58,0.0028669598171847666
52.6,0.0038842541943175934
52.6,0.004154857404989443
52.62,0.003846461733927997
52.62,0.0028907076441712087
52.62,0.002879298741385594
52.62,0.0028058564593004265
52.64,0.0030087079557535867
52.66,0.0029518227802451946
52.68,0.0028918643245879894
52.7,0.0027801840766785713
52.74,0.0036238476592344027
52.74,0.003168914546178847
52.8,0.002724532404246416
52.8,0.004976968209209565
52.82,0.0038309247461452145
52.82,0.002610282332480396
52.86,0.004676861198988358
52.9,0.0032441007365864305
52.92,0.004115741515839599
52.94,0.005198024946059809
52.96,0.0028211048325845756
52.96,0.002906634524289964
52.98,0.0026735753385840333
53.04,0.004290157379900017
53.04,0.0036124856381287707
53.06,0.0038491736339280047
53.08,0.0034367097544788505
53.1,0.002525700455428437
53.12,0.0033011447584515574
53.12,0.002713489099264388
53.14,0.0031973096069337625
53.16,0.0038378713809670284
53.18,0.002403949055829968
53.18,0.0027845936191015497
53.2,0.003334096024567801
53.24,0.003419660309311179
53.24,0.003415110907667551
53.24,0.00247180075692921
53.24,0.002632548681441582
53.3,0.003482982640309218
53.32,0.002429819633810837
53.34,0.0029999346289359963
53.36,0.00831334246011517
53.4,0.0029414782122826333
53.42,0.005257726448794409
53.42,0.0031662441446815848
53.44,0.0032333910752829764
53.44,0.0028131688675971933
53.44,0.0033540278130952395
53.46,0.002034642357288785
53.46,0.0031088135079095913
53.52,0.0028818078309506
53.56,0.00265096725567715
53.56,0.0022811870495551556
53.56,0.0029709939469482194
53.56,0.0030543915230676344
53.58,0.0070335270512795756
53.6,0.0032242728209276317
53.6,0.0031989665919184285
53.62,0.002916163586906162
53.66,0.0023862065836095514
53.7,0.005840845184096
53.72,0.003055554458084031
53.76,0.004512071377121618
53.78,0.0033365206739279785
53.8,0.003622327536643155
53.8,0.0026687750233421736
53.84,0.0037142822898668104
53.84,0.002722824670324031
53.84,0.003235434392671821
53.84,0.002824638146098013
53.86,0.003417048021135183
53.9,0.004417232119989012
53.9,0.002842782416337619
53.92,0.0027616050839848194
53.92,0.004870698029544984
53.94,0.0023415281404636223
53.96,0.003000080264330629
54.02,0.0027437028062483604
54.02,0.004721632788540431
54.04,0.0022010362008791917
54.04,0.002877075022914788
54.04,0.0025748223253250213
54.06,0.002553971460681148
54.08,0.0031560937246893905
54.2,0.0024360022777811796
54.2,0.00259302921055915
54.22,0.00241438592504839
54.22,0.0026657633405308134
54.24,0.002437418625194976
54.26,0.0030201328669492433
54.3,0.004436038854891966
54.3,0.0025590058378619496
54.34,0.003033873380523966
54.36,0.0035411233149960086
54.36,0.0032846997174376114
54.44,0.0027802918199469895
54.48,0.002651533071376999
54.52,0.0027156416129193728
54.56,0.0027523220327083653
54.6,0.0034269008787164434
54.62,0.0029440851941403556
54.64,0.0024309226402580153
54.64,0.0036841998344030458
54.64,0.002514706720224247
54.64,0.003532738002529179
54.66,0.0028121636754774304
54.66,0.005337369745596399
54.68,0.003740895999821192
54.7,0.0039137463785355875
54.72,0.003571398234529566
54.74,0.0031073255878212303
54.74,0.0037789297325919735
54.82,0.003043578994211149
54.84,0.003103761003237837
54.86,0.0024304761318524326
54.88,0.0027819389957399743
54.88,0.0027159795723428193
54.9,0.0033569536762072527
54.92,0.0030158632947884234
54.94,0.0035393997070596317
54.96,0.003562176170698761
54.96,0.002831771138189554
55.0,0.003322610123769776
55.02,0.002200472216746019
55.02,0.0032079038162370344
55.06,0.006183842150497165
55.06,0.002709354731418201
55.06,0.00279189610475461
55.06,0.002940111231283238
55.08,0.0029425935064751885
55.08,0.004363395659997549
55.1,0.0032459089747581826
55.12,0.0027762618688783602
55.14,0.0033443217242051793
55.14,0.004357253541527384
55.14,0.004271852095866002
55.16,0.004332900522030392
55.18,0.0030167679922643575
55.22,0.0028058874111895893
55.22,0.002900454375614814
55.36,0.0027310030273514085
55.4,0.0034121850752080185
55.52,0.0028030076100552526
55.54,0.0030027532453191785
55.56,0.0025355536452924543
55.58,0.003284676045803847
55.58,0.004097756807375785
55.58,0.002362959896003214
55.6,0.0056165140032513605
55.62,0.0055774774768115876
55.64,0.003966885964776012
55.66,0.002556167772413964
55.66,0.003087024211838041
55.68,0.002845847775973631
55.7,0.003298279170701579
55.78,0.002872239288264855
55.8,0.002804497267617778
55.82,0.0022822876488644006
55.84,0.0026490855932943536
55.9,0.003091742539274245
55.94,0.0033275368791719773
55.94,0.0029776602899671545
55.96,0.0025041714851383734
55.96,0.0025936961830396177
55.98,0.004130568017677194
55.98,0.002854330218958423
56.02,0.0029234885134211686
56.04,0.0026483962281333984
56.08,0.002982865946690838
56.14,0.003311443563300376
56.16,0.004976211383257989
56.2,0.0037996506012063502
56.24,0.0024843242958806355
56.28,0.0030236642742259567
56.3,0.003038346743525988
56.3,0.003160664426610782
56.3,0.0031735635113507854
56.32,0.0035587722183187953
56.34,0.0024245879162749784
56.34,0.002728670721616422
56.36,0.003553409278946429
56.36,0.003546052825038837
56.46,0.0027161719963884057
56.48,0.0027079139087824444
56.48,0.006499960009620609
56.5,0.002128192685151631
56.52,0.002770339874989647
56.54,0.002354956130791175
56.56,0.0036720224642665666
56.58,0.002315096594046384
56.68,0.0028887269113699876
56.68,0.0025474405685026458
56.68,0.0045899363580439445
56.7,0.002830387237252041
56.72,0.003282930632647618
56.74,0.003163053811163996
56.74,0.0037040484277484076
56.74,0.003239523511336828
56.76,0.002725497761513762
56.76,0.002569208044992055
56.76,0.004032018675474425
56.78,0.004253125338754438
56.8,0.002335421930808823
56.82,0.003356735729268978
56.84,0.0025920056044139717
56.86,0.003253113355693227
56.92,0.0031203821007184107
57.0,0.006080235469643647
57.02,0.0028391962497563705
57.08,0.0028185820548227714
57.1,0.00461807827467442
57.1,0.0025047212195895563
57.12,0.003415729693750813
57.14,0.0029105646204884428
57.16,0.0033543698250307896
57.18,0.002396756327405436
57.2,0.0029889283551080004
57.22,0.002659382328015547
57.26,0.003515268133077787
57.3,0.003382647867757216
57.32,0.003042206020961613
57.34,0.0032588430978736094
57.34,0.003797495454675448
57.36,0.003449630730679165
57.36,0.00350342405558679
57.46,0.002900850782775577
57.46,0.0031392313031940455
57.5,0.0026387663309299647
57.52,0.0038015300632328053
57.56,0.003616732178176152
57.56,0.003211397771818447
57.6,0.003133111308350811
57.62,0.0028903161768215613
57.64,0.0029673217160407495
57.66,0.00277203173954621
57.66,0.0031572125784198324
57.72,0.0034905902309220194
57.76,0.0028910452155244126
57.78,0.0038351305871712205
57.82,0.0036395172134155995
57.82,0.004173071155132435
57.86,0.0030825253534424446
57.86,0.002964232115467591
57.88,0.0029887361919543887
57.92,0.0028925465832934094
57.98,0.0038224197935927684
58.0,0.0029185772072199967
58.0,0.0054954906680175775
58.02,0.004941743151596012
58.04,0.0031961923472425546
58.12,0.00299772062115522
58.12,0.0023924129636403446
58.14,0.0029447029524751756
58.14,0.0034849550888119696
58.16,0.0028266580641017613
58.16,0.0020382833734897687
58.18,0.0027464807890476006
58.18,0.0029073310178704403
58.22,0.0033856473346534077
58.24,0.002916179833918231
58.24,0.003191630369853149
58.24,0.003913208407336444
58.26,0.003130328311851227
58.26,0.002795215388563199
58.34,0.0030689895259835565
58.34,0.003049249200531956
58.36,0.003876723169118357
58.36,0.0039993439026679845
58.42,0.00257071523892638
58.46,0.005231605162091646
58.48,0.0036290434126291515
58.5,0.002442325228464215
58.5,0.003099749183849254
58.52,0.002988348176279021
58.54,0.002097726854408788
58.58,0.0032005272418932362
58.6,0.0034514239657688073
58.62,0.002786355686644204
58.66,0.005043937524459974
58.68,0.002958226240604822
58.74,0.002698649973221001
58.78,0.002801287911670447
58.78,0.003020360941950795
58.8,0.005200854220433593
58.8,0.003216009135405984
58.84,0.0022961694926781906
58.9,0.0027250483632623723
58.96,0.002526895728649614
58.98,0.0032170976042136257
59.0,0.0028585925071099583
59.08,0.002452241651278775
59.08,0.0033269359841986423
59.12,0.002697853734260014
59.14,0.003065200495841802
59.14,0.002837471883021969
59.18,0.003597683489385828
59.2,0.0025741398654035574
59.2,0.00298506441245483
59.24,0.002916262436651218
59.26,0.0028753144359040528
59.28,0.0026887905908415943
59.3,0.003966620869862769
59.3,0.0033737261047650513
59.32,0.0038943239492283954
59.34,0.0062913424490106395
59.36,0.0035560042019228133
59.4,0.0031518301470255805
59.52,0.0030839161437495877
59.56,0.003716721479316787
59.7,0.0027593635269536065
59.74,0.002599665865110845
59.78,0.0026488379094750103
59.78,0.003252498380401647
59.8,0.002477811528192597
59.82,0.002678601417317239
59.84,0.0028475776776933914
59.84,0.0026849770778694104
59.84,0.003506719904774802
59.86,0.0025173841892788262
59.88,0.00271709317923996
59.9,0.0027787585647316426
59.94,0.00219844075422182
59.94,0.003066001923737849
59.94,0.003357375136454399
59.96,0.004090479789979229
59.96,0.0028719299174063684
59.98,0.004064037215237182
60.0,0.003189801751941612
60.02,0.0024755744505118304
60.04,0.0028993354655098003
60.06,0.005424534594373642
60.08,0.002457439755141233
60.1,0.0024877696349467904
60.12,0.004639068396097401
60.14,0.0030502863625153642
60.14,0.00361192268869559
60.14,0.005918596790797759
60.18,0.0031624621291893584
60.26,0.0025411240909397614
60.3,0.003288711668114841
60.34,0.002894816071514761
60.34,0.0022662195193311474
60.38,0.0027941150130027514
60.38,0.0031925789701996443
60.4,0.003100377453823966
60.42,0.003328063528018843
60.44,0.0024025748607290343
60.44,0.0029935478446025954
60.46,0.0027918574495123805
60.48,0.0025144230565660175
60.5,0.003055592110978389
60.54,0.0032163781316499884
60.54,0.0030706482809670366
60.54,0.0032205269093912303
60.56,0.0032500587123576175
60.58,0.002670345689073206
60.6,0.003496020873797967
60.62,0.003889883767764002
60.66,0.0027309577317288225
60.68,0.002850515837529155
60.72,0.0023768835242188313
60.74,0.002800208086113365
60.74,0.0032750038095835654
60.74,0.003762631907838765
60.76,0.0026153815263272318
60.86,0.0028103862214183817
60.86,0.002705737177910006
60.88,0.0018449927992405524
60.9,0.002032302602339997
61.02,0.00229827217217482
61.08,0.0032693684585397564
61.08,0.0031470132556320474
61.14,0.003207258222863607
61.14,0.0022843122078179956
62.48,0.007261287199137989
62.48,0.004929818717347989
62.48,0.004995858273465048
62.48,0.004657729746829431
62.48,0.004884408769942006
62.5,0.004490072332973605
62.52,0.0042240500671874015
62.52,0.004340278536075215
62.52,0.004583843513480845
62.54,0.0039461465748967806
62.54,0.0037811792116582144
62.56,0.004953258536359195
62.56,0.0043774005466610255
62.56,0.003173838323995648
62.58,0.004020239708758644
62.62,0.004769937069364016
62.64,0.00528275901061559
62.64,0.0035652704092018483
62.66,0.004185246052808789
62.66,0.0046320774087128536
62.66,0.003742233584198451
62.68,0.003460696198800406
62.68,0.004594996893122039
62.7,0.0038477046522575886
62.7,0.004418207702217014
62.72,0.0038364906215327954
62.72,0.0047737502389629816
62.72,0.0025382922636447702
62.72,0.004234323188629374
62.76,0.00478014507742941
62.76,0.004013983214130601
62.76,0.0073154370168347915
62.78,0.003806526604118843
62.78,0.004320799053599611
62.8,0.003997418023928612
62.82,0.004779419075707558
62.82,0.004242811321790163
62.86,0.0038484280656914116
62.86,0.00414084006987403
62.88,0.0038540539334895874
62.9,0.004376154386923181
62.9,0.003605488921335387
62.92,0.004088879082825958
62.96,0.0044961247491498435
62.98,0.00337227816857244
62.98,0.00438546013948804
62.98,0.003852006777328776
63.0,0.008199228732460151
63.02,0.0043454563046015915
63.02,0.004140455564444201
63.06,0.00499284736241401
63.08,0.004546716407273554
63.08,0.004219708589176752
63.1,0.004243274855722401
63.12,0.004937550781828781
63.14,0.003974047319737606
63.14,0.004296925556211972
63.14,0.004131102858575986
63.16,0.010279165726800765
63.16,0.005201659147125559
63.16,0.004286005061922782
63.16,0.0035885579198148276
63.2,0.004135218648805172
63.22,0.004663520718925174
63.22,0.004374328063327604
63.24,0.00454581906697038
63.24,0.0044367586114579805
63.26,0.004039292913313952
63.26,0.004289876744562049
63.26,0.004285719645623409
63.32,0.0039581090857243595
63.38,0.004775782930734773
63.38,0.0027809624646656372
63.38,0.003973362042774764
63.42,0.004751161503451229
63.44,0.0052892672765552096
63.46,0.004840833316579585
63.52,0.004678999565113973
63.54,0.0050323542126807785
63.54,0.004373932125716795
63.56,0.004438797638890768
63.56,0.0036741568992532114
63.58,0.006176091319428978
63.58,0.004861475569169049
63.58,0.004525482172150985
63.6,0.003812346470911443
63.6,0.0030531775444460063
63.66,0.00458467474621882
63.68,0.004362640400418005
63.68,0.003822108661863166
63.72,0.003848385316038372
63.78,0.004732986044444054
63.78,0.00394450154277981
63.84,0.003254894094342209
63.86,0.0032763168055207625
63.88,0.003439408226206586
63.88,0.005122767739484169
63.94,0.0035001566230608017
63.94,0.005151242226833386
63.96,0.003940392241207569
63.96,0.0035880880515771763
63.96,0.0037783885137502304
63.98,0.003763665373352376
64.0,0.0042548864428167965
64.0,0.004368087931442832
64.02,0.008935780145199246
64.02,0.005094980674761995
64.02,0.004232773008536417
64.04,0.004254628246244563
64.06,0.003516475247116957
64.08,0.0039549755553379695
64.08,0.004427587619554418
64.1,0.004189866884798388
64.1,0.004385774446877155
64.12,0.004798211426251364
64.12,0.0035117685720683633
64.14,0.003837452003859765
64.14,0.004357511443535356
64.16,0.004497668845245828
64.16,0.0038314226288399533
64.2,0.005085284841755966
64.2,0.0033389412673764385
64.24,0.004495974980137429
64.24,0.004567749176567215
64.24,0.004490342066127195
64.28,0.004529473079701196
64.3,0.003523425510832845
64.32,0.004044731802858026
64.36,0.0035572274158978123
64.38,0.004503619192516628
64.38,0.0048708700000243965
64.38,0.0052046753570865745
64.4,0.004528913312007998
64.4,0.0028825002154020396
64.42,0.004227896005459253
64.42,0.006044725754543623
64.42,0.0037169851912272067
64.42,0.0043274732334067645
64.44,0.006722590123862449
64.44,0.004360438066260852
64.44,0.0044135270487839495
64.46,0.0037423437386195912
64.5,0.00368489935548999
64.52,0.004642547332685432
64.52,0.004246243415525375
64.52,0.00398519308898837
64.54,0.0030097988731098146
64.56,0.004058682344349807
64.58,0.004537289323648053
64.58,0.003562554373063964
64.6,0.007757686565638022
64.6,0.005148163036268416
64.68,0.003890717875793981
64.7,0.004500866388913227
64.72,0.004060814590372552
64.74,0.008323248825489626
64.76,0.0039580712010227614
64.76,0.004485035076891575
64.76,0.003415500960746609
64.78,0.003682989251357016
64.78,0.0040676598439541856
64.82,0.004478604924822771
64.84,0.003739201671166814
64.88,0.004440685867230787
64.88,0.004654961621451181
64.88,0.004555657988985828
64.9,0.004339933687665387
64.92,0.003947092633073246
64.94,0.004312327240468039
64.98,0.0037312524279927706
65.0,0.004752615524890369
65.0,0.004528031113183784
65.02,0.003923537288608392
65.02,0.004081280135936005
65.04,0.0046622861029134155
65.04,0.007553468655044027
65.06,0.004923764485751048
65.06,0.004567422996754389
65.08,0.0029652858353079736
65.08,0.005311211985362441
65.1,0.00505298451095515
65.12,0.00362455394937522
65.12,0.004180200626989983
65.14,0.004082084498350791
65.16,0.00892219758694035
65.18,0.004269240961563003
65.2,0.004356736200045175
65.2,0.0038996954054000277
65.2,0.006638230029441972
65.22,0.004100482138317596
65.22,0.004838339225231247
65.36,0.004310819079285211
65.36,0.00411576513766998
65.38,0.0038471338085271922
65.4,0.00449569779614678
65.4,0.004377600974400986
65.46,0.005462094571710763
65.46,0.004340680065956004
65.5,0.004164440295922445
65.5,0.004303329108896747
65.52,0.004729764644628376
65.52,0.004904784757429614
65.52,0.003998924306264029
65.52,0.0033781998236600552
65.54,0.0029692886675968255
65.54,0.004070485918454603
65.58,0.004638985179285626
65.58,0.004507289869379649
65.62,0.0037569779437139905
65.62,0.0032807022648340123
65.64,0.0036628881970276472
65.64,0.009521222867420409
65.66,0.004957810901264348
65.68,0.004521217191566396
65.7,0.005159679221053204
65.72,0.0038723781152040226
65.74,0.004024507916985609
65.76,0.004078523267609047
65.76,0.0041117318332155595
65.78,0.004026149875907548
65.78,0.004129681065605961
65.82,0.004081734841305584
65.9,0.004325311083739791
65.92,0.004176480481520195
65.94,0.0037740656687501595
65.94,0.003869157530643208
65.96,0.008204726335947155
65.98,0.003835040012888813
66.02,0.004215340142485591
66.06,0.0038576083612555934
66.06,0.00495813240852061
66.08,0.004688458032702347
66.1,0.004430975399336012
66.14,0.0039029560198643454
66.14,0.003557091363449616
66.14,0.005517556703874438
66.14,0.004265280904180213
66.14,0.0036925079186660437
66.16,0.004213412225227642
66.16,0.0033419052406340466
66.18,0.003531789393607987
66.2,0.0055619323602144055
66.24,0.0042953571762816
66.24,0.005141189732175588
66.26,0.003968965934997626
66.32,0.004818351019343581
66.34,0.006204009432563828
66.36,0.0030302314722956414
66.38,0.003400536360171791
66.4,0.0064179761902704024
66.42,0.004233352230417653
66.42,0.0033204176520910123
66.46,0.0041032183610759665
66.46,0.003401099534654839
66.46,0.0038025455801680152
66.48,0.004926104884810156
66.54,0.00500993000105765
66.54,0.00548409029150676
66.54,0.003740299963438387
66.56,0.004495743035037192
66.68,0.0030607899824094398
66.7,0.005795854850260795
66.74,0.003975775436280804
66.74,0.004879939178979553
66.8,0.004232049140799998
66.82,0.0040488241875101805
66.84,0.004295279631600368
66.84,0.0048919182522135785
66.86,0.004099446818817798
66.86,0.0028687923038327456
66.86,0.004466222055242608
66.86,0.0043050208067881846
66.86,0.004001816231950395
66.88,0.00540019289225524
66.9,0.0037569613627508325
67.0,0.004245912479735381
67.02,0.004837285740346364
67.02,0.003946828350249176
67.04,0.004288914629681839
67.12,0.004656331559825255
67.18,0.005162589694061248
67.2,0.004595110549168391
67.2,0.0036697773363187913
67.22,0.004289603956778576
67.22,0.003999312421405055
67.24,0.0032684269660342435
67.26,0.0028142135364915832
67.28,0.004908623822945768
67.3,0.0044753571005081705
67.36,0.002952246675728576
67.38,0.008856258725696842
67.4,0.0043032883550347956
67.46,0.0038478169637879978
67.46,0.004074619341224772
67.52,0.0071831345189899976
67.56,0.004052538816643025
67.58,0.003987311981475172
67.58,0.004716061263580373
67.6,0.008365489656347203
67.6,0.004459127924077211
67.6,0.005252947041747613
67.6,0.009202361616298393
67.62,0.0030719923440604147
67.62,0.004633561511412587
67.64,0.004836309478391976
67.66,0.003804268950167611
67.66,0.0051147193561488224
67.68,0.004572247359672432
67.7,0.004468340959747352
67.72,0.004281001071828161
67.74,0.0042127748476128435
67.74,0.003614535024862975
67.76,0.0031402876330264284
67.76,0.005013959530598577
67.78,0.004655472253528359
67.78,0.005259417225465968
67.78,0.0039033877385682425
67.82,0.0038356757217600235
67.82,0.004320775260265197
67.84,0.005443621578978819
67.84,0.0038570438241367633
67.86,0.004811398547301393
67.86,0.00395915002393743
67.88,0.007390333861487353
67.88,0.004082731712959253
67.9,0.004862144956731207
67.92,0.0032315280988761685
67.94,0.0047455563173988136
67.94,0.0041972641979022285
67.96,0.004831055804447648
68.0,0.004556894264374001
68.02,0.004267962169247408
68.04,0.004140122879153996
68.06,0.003841915891656167
68.06,0.0036334240002093843
68.08,0.004815134890716166
68.1,0.0044680702216384205
68.14,0.003949293491419592
68.18,0.0043206651631629844
68.18,0.004187874172853601
68.22,0.004038023858988216
68.24,0.0042821238515088345
68.24,0.004752182518952819
68.28,0.004661053560853556
68.38,0.0036214227791991904
68.4,0.004368054395949228
68.4,0.004355965732371958
68.4,0.004554488348994412
68.44,0.004339144015619634
68.44,0.004140520240537016
68.58,0.003395468827440795
68.6,0.00383510002942522
68.6,0.0034807501781042305
68.62,0.0050891348216152155
68.62,0.004123213430141215
68.62,0.004600082189225585
68.62,0.004103820984873385
68.64,0.003621822549677245
68.72,0.0041535884612572405
68.76,0.0035281399445263872
68.76,0.0036283295838728247
68.8,0.004081980167838006
68.84,0.004682094511650026
68.84,0.004765439219123202
68.86,0.004338830248207248
68.88,0.003610701017147444
68.88,0.004778888840204831
68.9,0.004055137149246435
68.92,0.00873035073620243
68.98,0.0036091628956513855
69.0,0.0033970113065338037
69.0,0.005480369901223248
69.02,0.004235638023494026
69.06,0.004582881413063622
69.08,0.004047694051295236
69.1,0.00356924089312316
69.16,0.009676846963157959
69.16,0.004162856381118796
69.18,0.00668722142176803
69.2,0.004658204724055981
69.2,0.004364064523181832
69.2,0.003912580155180367
69.22,0.0037039423286787665
69.26,0.004832753233231957
69.28,0.004647416616792799
69.28,0.004195709950444826
69.36,0.0037055274510685576
69.36,0.004373225826013183
69.4,0.004413789918973232
69.42,0.004631415228749214
69.42,0.0038853304368924313
69.42,0.004337771235648824
69.42,0.0037567263734932244
69.46,0.004357161654317765
69.48,0.004007000405442773
69.48,0.003174844908216845
69.54,0.004216352690979197
69.54,0.004051765910005223
69.54,0.006692185466400824
69.54,0.00418128588389155
69.54,0.003751928579749597
69.56,0.004373226092508453
69.56,0.0035129437795375917
69.62,0.005336780694614851
69.66,0.0053372561071923785
69.68,0.00787496551076361
69.7,0.0035049574367728153
69.72,0.0039054815766408346
69.72,0.004147279090630951
69.76,0.0034149142582452496
69.76,0.004911966181756822
69.78,0.0046840176138691625
69.82,0.004444043990516788
69.82,0.003422958126286235
69.84,0.00433414705350621
69.86,0.005073674314844401
69.88,0.0042398830533829646
69.88,0.004029331913558032
69.88,0.0032720774423171672
69.92,0.0038816749765008263
69.92,0.004419082403845587
69.94,0.004616001148633586
70.02,0.005442983149259617
70.02,0.004514707029894427
70.04,0.00721503270169821
70.04,0.0045378772497306485
70.06,0.0040333003674037915
70.06,0.003293801122633444
70.1,0.004618343770937172
70.12,0.004910289131347834
70.12,0.0048414542919895664
70.14,0.004119188211555547
70.18,0.002722199015083193
70.2,0.0048013506307960085
70.24,0.004470941972615217
70.28,0.0032576409873076306
70.28,0.004051747470216749
70.38,0.0042927039603424255
70.38,0.0044000465878838435
70.4,0.004542089477131972
70.4,0.00415095537009158
70.4,0.004434548988046627
70.44,0.003988616329990036
70.46,0.0036612255422340256
70.46,0.004235533450618778
70.48,0.003678124040990771
70.5,0.003627549523001816
70.54,0.004948993561599613
70.62,0.003547399107109439
70.64,0.004849549025465971
70.64,0.004222574980073168
70.66,0.004068416489700355
70.68,0.004667658406224406
70.72,0.0038796629180609665
70.72,0.004774014633697976
70.78,0.004135087550866778
70.8,0.004029473668948014
70.82,0.005296827041073593
70.84,0.0038174557202643733
70.84,0.0036626650855380305
70.86,0.0033433538170357657
70.86,0.004663933389362773
70.88,0.004024353852062013
70.9,0.004234298212648757
70.9,0.003682199649040374
70.94,0.0033968394979118077
70.96,0.003949784647096832
70.96,0.004809770860597973
70.98,0.0059149247045899855
70.98,0.003539869609093804
71.0,0.004884623705768032
71.0,0.004010066954743596
71.0,0.00346259807026561
71.04,0.009023465229787364
71.04,0.004285266260485754
71.06,0.004340246882872045
71.08,0.004530820139213243
71.14,0.004516303784735998
71.2,0.004383803975141376
71.2,0.004095037988239181
71.24,0.00365538058784165
71.28,0.004549932566077164
71.32,0.004033687348116821
71.32,0.004012233628641226
71.34,0.004358495900669834
71.34,0.004731803205159202
71.36,0.005370430174356011
71.4,0.004386935436242356
71.42,0.006108752499933812
71.42,0.004232244399064
71.46,0.0034980054460960197
71.48,0.0046702889202787645
71.52,0.005586575511295155
71.52,0.006049809908638792
71.56,0.004604481982166786
71.56,0.0034046913215991514
71.58,0.004310544447706399
71.58,0.004393933299419617
71.64,0.0038968813138168246
71.64,0.003971133788175041
71.64,0.004034557070270783
71.64,0.0045038597125699464
71.66,0.0035821348752231863
71.68,0.0036244458295834336
71.68,0.005012279306560452
71.7,0.004194157062157644
71.7,0.003481280462942382
71.7,0.003514112314396578
71.74,0.004631432981530015
71.76,0.0044146162568547975
71.78,0.004343345531599652
71.8,0.0033928855915071887
71.82,0.0037720263737274218
71.82,0.004887754527175048
71.82,0.003724235473736348
71.82,0.004103091557584371
71.84,0.005060325471185956
71.86,0.004862623586978754
71.86,0.003683407666376981
71.86,0.0037311118713617697
71.9,0.006209366853239362
72.0,0.0038571983963687773
72.02,0.003867998739720435
72.02,0.0032901684926553987
72.04,0.005103798392184777
72.06,0.004504380657334384
72.1,0.00441855974716443
72.12,0.004107198004903001
72.14,0.004348034655226818
72.2,0.0037811587119568335
72.2,0.004749133558418772
72.22,0.003519707314420417
72.22,0.004777969294222584
72.24,0.00424949116957718
72.24,0.003937350344528023
72.26,0.005825494280051968
72.28,0.0043286156996311664
72.28,0.004153243628505776
72.28,0.004271463309709622
72.3,0.0040042589482556235
72.34,0.004321789134454024
